product_id,created_at,updated_at,brand,description,image_url,is_active,mall_name,max_price,min_price,name,naver_product_id,product_category,stock_quantity,sub_category
1,2026-05-29 05:30:36.010948,2026-05-29 05:30:36.010948,"",제조사: 오가닉케이코스메틱 카테고리: 스킨케어,https://shopping-phinf.pstatic.net/main_5886766/58867662394.20260525114957.jpg,1,네이버,15800,15800,"더마올로지 8중 히알루론산 모이스처 수분크림 1L, 1개",58867662394,화장품/미용,100,스킨케어
2,2026-05-29 05:30:36.075506,2026-05-29 05:30:36.075506,펠로디,브랜드: 펠로디 제조사: 에이티바이오제약 카테고리: 스킨케어,https://shopping-phinf.pstatic.net/main_6012733/60127338094.20260521151854.jpg,1,네이버,27000,27000,"펠로디 리포좀 스노우 화이트닝 크림 300ml, 1개",60127338094,화장품/미용,100,스킨케어
3,2026-05-29 05:30:36.082077,2026-05-29 05:30:36.082077,라로슈포제,브랜드: 라로슈포제 제조사: 라로슈포제 카테고리: 스킨케어,https://shopping-phinf.pstatic.net/main_5192923/51929231339.20241213210100.jpg,1,네이버,21510,21510,"라로슈포제 시카플라스트 밤 B5+ 100ml, 1개",51929231339,화장품/미용,100,스킨케어
4,2026-05-29 05:30:36.087932,2026-05-29 05:30:36.087932,위자드조선,브랜드: 위자드조선 카테고리: 스킨케어,https://shopping-phinf.pstatic.net/main_8845899/88458992634.4.jpg,1,위자드조선,25900,25900,누룩밤 수면팩 트라넥산삼 크림 트라넥삼산 약국 기미 크림 위자드조선,88458992634,화장품/미용,100,스킨케어
5,2026-05-29 05:30:36.093936,2026-05-29 05:30:36.093936,펠로디,브랜드: 펠로디 카테고리: 스킨케어,https://shopping-phinf.pstatic.net/main_5907475/59074756935.20260227093125.jpg,1,네이버,29000,29000,"펠로디 리포좀 글루타치온 레티놀 크림 300ml, 1개",59074756935,화장품/미용,100,스킨케어
6,2026-05-29 05:30:36.100522,2026-05-29 05:30:36.100522,"",제조사: 바이오시엠 카테고리: 스킨케어,https://shopping-phinf.pstatic.net/main_5698734/56987342843.20260521094616.jpg,1,네이버,29000,29000,"스무아디 그린캐비어 모이스쳐 락인 크림 100ml, 1개",56987342843,화장품/미용,100,스킨케어
7,2026-05-29 05:30:36.106271,2026-05-29 05:30:36.106271,코비엔,브랜드: 코비엔 카테고리: 스킨케어,https://shopping-phinf.pstatic.net/main_8243936/82439360120.28.jpg,1,코비엔,33000,33000,유카자생크림 재생 진정 EGF 수분 크림 유황 시카 세라마이드 피부과 레이저 아줄렌,82439360120,화장품/미용,100,스킨케어
8,2026-05-29 05:30:36.112,2026-05-29 05:30:36.112,신의눈물,브랜드: 신의눈물 제조사: KB코스메틱 카테고리: 스킨케어,https://shopping-phinf.pstatic.net/main_8222833/82228336103.15.jpg,1,키스마이스킨,49000,49000,신의눈물 기미크림 미백 착색 낮가능레티놀 주름개선탄력 색소침착 잡티,82228336103,화장품/미용,100,스킨케어
9,2026-05-29 05:30:36.118244,2026-05-29 05:30:36.118244,태극제약,브랜드: 태극제약 카테고리: 스킨케어,https://shopping-phinf.pstatic.net/main_8600612/86006121831.34.jpg,1,콩심샵,24850,24850,[홈쇼핑 방송상품] 태극제약 도미나스 트라넥삼산 도미나 기미크림 4X 50g,86006121831,화장품/미용,100,스킨케어
10,2026-05-29 05:30:36.123595,2026-05-29 05:30:36.123595,메디필,브랜드: 메디필 제조사: 스킨이데아 카테고리: 스킨케어,https://shopping-phinf.pstatic.net/main_8944066/89440667434.7.jpg,1,비타스킨,14500,14500,메디필 멜라논 고함량 73%(+기미 케어)멜라노사 미백 제거 연고 주근깨 크림,89440667434,화장품/미용,100,스킨케어
11,2026-05-29 05:30:36.129606,2026-05-29 05:30:36.129606,마미케어,브랜드: 마미케어 제조사: 비앤비코리아 카테고리: 스킨케어,https://shopping-phinf.pstatic.net/main_8882138/88821382226.7.jpg,1,마미케어mommycare,26900,26900,"마미케어 약국 들깨 기미 잡티 주근깨 미백 트라넥삼산 크림 TX 50g, 2개",88821382226,화장품/미용,100,스킨케어
12,2026-05-29 05:30:36.135774,2026-05-29 05:30:36.135774,코스워커,브랜드: 코스워커 제조사: 동일제약 카테고리: 스킨케어,https://shopping-phinf.pstatic.net/main_5968748/59687489221.20260416103112.jpg,1,네이버,23900,23900,"코스워커 하이드레이팅 크림 50ml, 1개",59687489221,화장품/미용,100,스킨케어
13,2026-05-29 05:30:36.141003,2026-05-29 05:30:36.141003,레피넬,브랜드: 레피넬 카테고리: 스킨케어,https://shopping-phinf.pstatic.net/main_5899700/58997003859.20260222003350.jpg,1,네이버,26000,26000,"레피넬 EGF 리페어 크림 40ml, 1개",58997003859,화장품/미용,100,스킨케어
14,2026-05-29 05:30:36.147297,2026-05-29 05:30:36.147297,에스트라,브랜드: 에스트라 제조사: 코스비전 카테고리: 스킨케어,https://shopping-phinf.pstatic.net/main_5500458/55004584806.20250528161010.jpg,1,네이버,19920,19920,"에스트라 아토베리어365 크림 80ml(신형), 1개",55004584806,화장품/미용,100,스킨케어
15,2026-05-29 05:30:36.154384,2026-05-29 05:30:36.154384,닥터지,브랜드: 닥터지 제조사: 한국콜마 카테고리: 스킨케어,https://shopping-phinf.pstatic.net/main_5192928/51929286841.20241213210705.jpg,1,네이버,19100,19100,"닥터지 블랙 스네일 크림 50ml, 2개",51929286841,화장품/미용,100,스킨케어
16,2026-05-29 05:30:36.164581,2026-05-29 05:30:36.164581,닥터코스모,브랜드: 닥터코스모 제조사: 뉴앤뉴 카테고리: 스킨케어,https://shopping-phinf.pstatic.net/main_5192952/51929520788.20241213220747.jpg,1,네이버,52000,52000,"닥터코스모 마이크로 바이옴 리페어 엠엘 크림 50ml, 1개",51929520788,화장품/미용,100,스킨케어
17,2026-05-29 05:30:36.172335,2026-05-29 05:30:36.172335,아르시코,브랜드: 아르시코 카테고리: 스킨케어,https://shopping-phinf.pstatic.net/main_5192958/51929585129.20241213221858.jpg,1,네이버,26000,26000,"아르시코 EGF 그린티 시카 크림 120ml, 1개",51929585129,화장품/미용,100,스킨케어
18,2026-05-29 05:30:36.18015,2026-05-29 05:30:36.18015,비앤힐,브랜드: 비앤힐 제조사: 셀아이콘랩 카테고리: 스킨케어,https://shopping-phinf.pstatic.net/main_5192924/51929241877.20241213205757.jpg,1,네이버,32500,32500,"비앤힐 트라넥스 멜라제로 기미 크림 50ml, 1개",51929241877,화장품/미용,100,스킨케어
19,2026-05-29 05:30:36.185805,2026-05-29 05:30:36.185805,"",제조사: 한국콜마 카테고리: 스킨케어,https://shopping-phinf.pstatic.net/main_8671809/86718090146.15.jpg,1,알엑스더마,31800,31800,레티놀 크림 기미 착색 미백 화이트닝 비타민A 레티날 모공축소 트라넥삼산 판테놀 잡티,86718090146,화장품/미용,100,스킨케어
20,2026-05-29 05:30:36.193563,2026-05-29 05:30:36.193563,"",제조사: 동국제약 카테고리: 스킨케어,https://shopping-phinf.pstatic.net/main_6005639/60056394974.20260515222206.jpg,1,네이버,33900,33900,"센텔리안24 멜라큐 어드밴스드 크림 55ml, 2개",60056394974,화장품/미용,100,스킨케어
21,2026-05-29 05:30:36.201353,2026-05-29 05:30:36.201353,"",제조사: 에스에이코스메틱 카테고리: 스킨케어,https://shopping-phinf.pstatic.net/main_5912717/59127176460.20260303122802.jpg,1,네이버,23000,23000,"아이엠케어 셀토닝 미페어 크림 60ml, 1개",59127176460,화장품/미용,100,스킨케어
22,2026-05-29 05:30:36.20769,2026-05-29 05:30:36.20769,"",카테고리: 스킨케어,https://shopping-phinf.pstatic.net/main_8073614/80736146383.37.jpg,1,스킨프리,16000,16000,피디알엔 재생 크림 (PDRN 미백 탄력 영양 보습 수분 크림),80736146383,화장품/미용,100,스킨케어
23,2026-05-29 05:30:36.215146,2026-05-29 05:30:36.215146,피븐,브랜드: 피븐 제조사: 레인보우 카테고리: 스킨케어,https://shopping-phinf.pstatic.net/main_5698784/56987847315.20250929151103.jpg,1,네이버,38800,38800,"피븐 펩타시카 병풀재생크림 70ml, 1개",56987847315,화장품/미용,100,스킨케어
24,2026-05-29 05:30:36.222271,2026-05-29 05:30:36.222271,도미나스,브랜드: 도미나스 제조사: 태극제약 카테고리: 스킨케어,https://shopping-phinf.pstatic.net/main_8253877/82538774878.5.jpg,1,코이코이,46990,46990,도미나스 크림 95g 태극제약 도미나크림 기미 잡티 미백 50g 1개+15g 3개 TG,82538774878,화장품/미용,100,스킨케어
25,2026-05-29 05:30:36.228058,2026-05-29 05:30:36.228058,엔텔로라,브랜드: 엔텔로라 카테고리: 스킨케어,https://shopping-phinf.pstatic.net/main_8817912/88179123185.5.jpg,1,엔텔로라,26400,26400,리뉴51 점뺀후 EGF 재생크림 이지에프 세라마이드 판테놀 크림,88179123185,화장품/미용,100,스킨케어
26,2026-05-29 05:30:36.23387,2026-05-29 05:30:36.23387,센텔리안24,브랜드: 센텔리안24 제조사: 한국콜마 카테고리: 스킨케어,https://shopping-phinf.pstatic.net/main_8728742/87287421597.1.jpg,1,고운매마켓,8350,8350,동국제약 마데카크림 시즌7 타임 리버스 50ml,87287421597,화장품/미용,100,스킨케어
27,2026-05-29 05:30:36.237559,2026-05-29 05:30:36.237559,"",카테고리: 스킨케어,https://shopping-phinf.pstatic.net/main_9014130/90141300621.1.jpg,1,3W 클리닉,36300,36300,이지트라 EGF 재생크림 피부과 레이저 점뺀 재생 관리 후 착색 트라넥삼산 크림 50ml,90141300621,화장품/미용,100,스킨케어
28,2026-05-29 05:30:36.241015,2026-05-29 05:30:36.241015,아크노프,브랜드: 아크노프 카테고리: 스킨케어,https://shopping-phinf.pstatic.net/main_5192951/51929514774.20241213220716.jpg,1,네이버,34600,34600,"아크노프 세라지에프 크림 50ml, 1개",51929514774,화장품/미용,100,스킨케어
29,2026-05-29 05:30:36.244536,2026-05-29 05:30:36.244536,설화수,브랜드: 설화수 제조사: 아모레퍼시픽 카테고리: 스킨케어,https://shopping-phinf.pstatic.net/main_5349179/53491795065.20250311155007.jpg,1,네이버,60000,60000,"설화수 탄력 크림 EX 75ml, 1개",53491795065,화장품/미용,100,스킨케어
30,2026-05-29 05:30:36.248041,2026-05-29 05:30:36.248041,도미나스,브랜드: 도미나스 제조사: 리베코스 카테고리: 스킨케어,https://shopping-phinf.pstatic.net/main_5996901/59969019271.20260508163415.jpg,1,네이버,22750,22750,"도미나스 프로븐 다크 스팟 솔루션 50g, 1개",59969019271,화장품/미용,100,스킨케어
31,2026-05-29 05:30:36.251461,2026-05-29 05:30:36.251461,센텔리안24,브랜드: 센텔리안24 제조사: 한국콜마 카테고리: 스킨케어,https://shopping-phinf.pstatic.net/main_5192922/51929227944.20260330171700.jpg,1,네이버,6220,6220,"센텔리안24 동국제약 더 마데카 크림 시즌6 병풀 50ml, 1개",51929227944,화장품/미용,100,스킨케어
32,2026-05-29 05:30:36.254983,2026-05-29 05:30:36.254983,피지오겔,브랜드: 피지오겔 제조사: NEOCOSMED 카테고리: 스킨케어,https://shopping-phinf.pstatic.net/main_5192918/51929181686.20241213204103.jpg,1,네이버,41950,41950,"피지오겔 데일리 모이스쳐 테라피 페이셜 크림 150ml, 2개",51929181686,화장품/미용,100,스킨케어
33,2026-05-29 05:30:36.258469,2026-05-29 05:30:36.258469,닥터지,브랜드: 닥터지 제조사: 코스맥스 카테고리: 스킨케어,https://shopping-phinf.pstatic.net/main_5192949/51929494197.20241213220338.jpg,1,네이버,8750,8750,"닥터지 레드 블레미쉬 클리어 시카 수딩 수분 크림 70ml, 1개",51929494197,화장품/미용,100,스킨케어
34,2026-05-29 05:30:36.261971,2026-05-29 05:30:36.261971,인셀덤,브랜드: 인셀덤 제조사: 에스겔코스메틱 카테고리: 스킨케어,https://shopping-phinf.pstatic.net/main_5688826/56888265825.20250923142128.jpg,1,네이버,59000,59000,"인셀덤 더마톨로지 크림 50ml, 1개",56888265825,화장품/미용,100,스킨케어
35,2026-05-29 05:30:36.26531,2026-05-29 05:30:36.26531,설화수,브랜드: 설화수 제조사: 아모레퍼시픽 카테고리: 스킨케어,https://shopping-phinf.pstatic.net/main_5192951/51929514224.20250123111249.jpg,1,네이버,139990,139990,"설화수 자음생크림 리치 50ml, 1개",51929514224,화장품/미용,100,스킨케어
36,2026-05-29 05:30:36.272185,2026-05-29 05:30:36.272185,미라클뮤즈,브랜드: 미라클뮤즈 카테고리: 스킨케어,https://shopping-phinf.pstatic.net/main_8600280/86002807704.26.jpg,1,미라클뮤즈,28900,28900,미라클뮤즈아하바하메디크림 [약국보습 재생기미미백 착색색소침착스티바a 멜라논멜라토닌멜라토닝],86002807704,화장품/미용,100,스킨케어
37,2026-05-29 05:30:36.280346,2026-05-29 05:30:36.280346,지아자,브랜드: 지아자 제조사: 지아자 카테고리: 스킨케어,https://shopping-phinf.pstatic.net/main_5232536/52325368618.20260130105310.jpg,1,네이버,22390,22390,"지아자 산양유 나이트 크림 50ml, 4개",52325368618,화장품/미용,100,스킨케어
38,2026-05-29 05:30:36.289977,2026-05-29 05:30:36.289977,"",카테고리: 스킨케어,https://shopping-phinf.pstatic.net/main_8176007/81760079907.15.jpg,1,애플타이거,19800,19800,대용량 히알루론산 수분 크림 병풀 시카 재생 탄력 영양 보습 달팽이 크림 주름개선,81760079907,화장품/미용,100,스킨케어
39,2026-05-29 05:30:36.296573,2026-05-29 05:30:36.296573,에스트라,브랜드: 에스트라 제조사: 에스트라 카테고리: 스킨케어,https://shopping-phinf.pstatic.net/main_8976464/89764647450.6.jpg,1,오감공감,39400,39400,1+1 에스트라 아스트라 아토베리어 365 크림 80ml+선물박스 청소년 민감 보습,89764647450,화장품/미용,100,스킨케어
40,2026-05-29 05:30:36.305468,2026-05-29 05:30:36.305468,"",카테고리: 스킨케어,https://shopping-phinf.pstatic.net/main_8711879/87118798850.21.jpg,1,허요케,40800,40800,허요케 착색크림 기미잡티 미백 크림 색소침착 시카 크림 멜라닌 흑자 검버섯 착색리스,87118798850,화장품/미용,100,스킨케어
41,2026-05-29 05:30:36.311479,2026-05-29 05:30:36.311479,야다,브랜드: 야다 제조사: 네이처인트로 카테고리: 스킨케어,https://shopping-phinf.pstatic.net/main_5192961/51929614784.20241213222245.jpg,1,네이버,24000,24000,"야다 콜라겐 하이드라 코어 크림 50ml, 1개",51929614784,화장품/미용,100,스킨케어
42,2026-05-29 05:30:36.317229,2026-05-29 05:30:36.317229,"",제조사: 엠앤코스 카테고리: 스킨케어,https://shopping-phinf.pstatic.net/main_5916620/59166200849.20260306155747.jpg,1,네이버,38000,38000,"오아닉 사하라 엑소 PDRN 크림 70ml, 1개",59166200849,화장품/미용,100,스킨케어
43,2026-05-29 05:30:36.322523,2026-05-29 05:30:36.322523,"",카테고리: 스킨케어,https://shopping-phinf.pstatic.net/main_5994549/59945490989.jpg,1,쿠팡,30400,30400,제로이드 인텐시브 리치 크림 MD 160g,59945490989,화장품/미용,100,스킨케어
44,2026-05-29 05:30:36.326811,2026-05-29 05:30:36.326811,센텔리안24,브랜드: 센텔리안24 제조사: 리봄화장품 카테고리: 스킨케어,https://shopping-phinf.pstatic.net/main_5523122/55231221815.20260326142905.jpg,1,네이버,7300,7300,"센텔리안24 동국제약 마데카 크림 타이트 리프팅 50ml, 1개",55231221815,화장품/미용,100,스킨케어
45,2026-05-29 05:30:36.329421,2026-05-29 05:30:36.329421,센텔리안24,브랜드: 센텔리안24 카테고리: 스킨케어,https://shopping-phinf.pstatic.net/main_9044648/90446489634.jpg,1,보틀나라,17800,17800,"동국제약 마데카크림 에이징포커스 2026 시즌8 50ml, 2개",90446489634,화장품/미용,100,스킨케어
46,2026-05-29 05:30:36.333475,2026-05-29 05:30:36.333475,"",제조사: 스킨팜 카테고리: 스킨케어,https://shopping-phinf.pstatic.net/main_5912665/59126654486.20260303112726.jpg,1,네이버,26900,26900,"오리시아 락티스 크림 50ml, 1개",59126654486,화장품/미용,100,스킨케어
47,2026-05-29 05:30:36.336535,2026-05-29 05:30:36.336535,살림백서,브랜드: 살림백서 제조사: 오가닉케이코스메틱 카테고리: 스킨케어,https://shopping-phinf.pstatic.net/main_9021969/90219693686.1.jpg,1,살림백서,7000,7000,살림백서 제로 트라넥사마이드 6.5% 크림 30ml 트라넥삼산 히알루론산 잡티 피부톤 개선,90219693686,화장품/미용,100,스킨케어
48,2026-05-29 05:30:36.33955,2026-05-29 05:30:36.33955,"",카테고리: 스킨케어,https://shopping-phinf.pstatic.net/main_8676165/86761654304.2.jpg,1,Dr.marci,35900,35900,"닥터마르시 시카마일 자생 EGF 레티놀 병풀 리페어크림 1개입, 1개",86761654304,화장품/미용,100,스킨케어
49,2026-05-29 05:30:36.342485,2026-05-29 05:30:36.342485,라로슈포제,브랜드: 라로슈포제 제조사: 라로슈포제 카테고리: 스킨케어,https://shopping-phinf.pstatic.net/main_5192927/51929273636.20241213210245.jpg,1,네이버,38050,38050,"라로슈포제 시카플라스트 B5 멀티 리페어 크림 100ml, 1개",51929273636,화장품/미용,100,스킨케어
50,2026-05-29 05:30:36.345376,2026-05-29 05:30:36.345376,메디필,브랜드: 메디필 제조사: 아주화장품 카테고리: 스킨케어,https://shopping-phinf.pstatic.net/main_5192923/51929231216.20250724104107.jpg,1,네이버,7850,7850,"메디필 멜라논 엑스 크림 30ml, 1개",51929231216,화장품/미용,100,스킨케어
51,2026-05-29 05:30:36.348131,2026-05-29 05:30:36.348131,"",카테고리: 스킨케어,https://shopping-phinf.pstatic.net/main_8871883/88718830480.1.jpg,1,베러디션,35900,35900,제로멜크림 기미 얼굴 잡티 주근깨 흑자 검버섯 색소침착 피부착색 미백,88718830480,화장품/미용,100,스킨케어
52,2026-05-29 05:30:36.351118,2026-05-29 05:30:36.351118,"",제조사: 뷰티맥스 카테고리: 스킨케어,https://shopping-phinf.pstatic.net/main_9070057/90700577391.1.jpg,1,올시카스토어,19800,19800,올시카 정제수Zero 생 병풀 함유량90% 재생 리페어 크림 부스터 보습 진정 세럼30ml,90700577391,화장품/미용,100,스킨케어
53,2026-05-29 05:30:36.35407,2026-05-29 05:30:36.35407,에스트라,브랜드: 에스트라 제조사: 코스비전 카테고리: 스킨케어,https://shopping-phinf.pstatic.net/main_5646628/56466281563.20250828121347.jpg,1,네이버,19200,19200,"에스트라 아토베리어 365 크림 80ml + 30ml(신형), 1개",56466281563,화장품/미용,100,스킨케어
54,2026-05-29 05:30:36.357173,2026-05-29 05:30:36.357173,더마팩토리,브랜드: 더마팩토리 제조사: 비앤비코리아 카테고리: 스킨케어,https://shopping-phinf.pstatic.net/main_5192928/51929287310.20241213211330.jpg,1,네이버,7300,7300,"더마팩토리 레티날 300ppm 크림 30ml, 1개",51929287310,화장품/미용,100,스킨케어
55,2026-05-29 05:30:36.360199,2026-05-29 05:30:36.360199,에스트라,브랜드: 에스트라 제조사: 에스트라 카테고리: 스킨케어,https://shopping-phinf.pstatic.net/main_9082308/90823089864.7.jpg,1,이셀러커머스,28900,28900,에스트라 아토베리어 365 크림 대용량 보습 + 사은품,90823089864,화장품/미용,100,스킨케어
56,2026-05-29 05:30:36.363192,2026-05-29 05:30:36.363192,에스네이처,브랜드: 에스네이처 제조사: 씨앤에프 카테고리: 스킨케어,https://shopping-phinf.pstatic.net/main_5192918/51929184770.20241213204311.jpg,1,네이버,16490,16490,"에스네이처 아쿠아 오아시스 수분 젤크림 80ml, 1개",51929184770,화장품/미용,100,스킨케어
57,2026-05-29 05:30:36.36608,2026-05-29 05:30:36.36608,설화수,브랜드: 설화수 제조사: 아모레퍼시픽 카테고리: 스킨케어,https://shopping-phinf.pstatic.net/main_5192927/51929276873.20250307174412.jpg,1,네이버,49200,49200,"설화수 탄력 크림 75ml, 1개",51929276873,화장품/미용,100,스킨케어
58,2026-05-29 05:30:36.368898,2026-05-29 05:30:36.368898,센텔리안24,브랜드: 센텔리안24 제조사: 한국콜마 카테고리: 스킨케어,https://shopping-phinf.pstatic.net/main_5842724/58427242141.20260203104952.jpg,1,네이버,17910,17910,"센텔리안24 동국제약 마데카 크림 에이징 포커스 50ml, 2개",58427242141,화장품/미용,100,스킨케어
59,2026-05-29 05:30:36.371749,2026-05-29 05:30:36.371749,에스트라,브랜드: 에스트라 제조사: 에스트라 카테고리: 스킨케어,https://shopping-phinf.pstatic.net/main_5192949/51929499594.20241213221216.jpg,1,네이버,46000,46000,"에스트라 아토베리어 크림 MD 160ml, 1개",51929499594,화장품/미용,100,스킨케어
60,2026-05-29 05:30:36.374796,2026-05-29 05:30:36.374796,코스워커,브랜드: 코스워커 제조사: 동일제약 카테고리: 스킨케어,https://shopping-phinf.pstatic.net/main_1244786/12447861315.3.jpg,1,코스워커,23900,23900,"코스워커 수분크림 미백 나이아신아마이드 스쿠알란 알로에 크림 50ml, 1개",12447861315,화장품/미용,100,스킨케어
61,2026-05-29 05:30:36.377667,2026-05-29 05:30:36.377667,펠로디,브랜드: 펠로디 제조사: 에이티바이오제약 카테고리: 스킨케어,https://shopping-phinf.pstatic.net/main_9014686/90146863656.14.jpg,1,펠로디,29000,29000,리포좀 300ML 수분 크림 재생 글루타치온 레티놀 보습 탄력 영양 미백 화이트닝 주름개선,90146863656,화장품/미용,100,스킨케어
62,2026-05-29 05:30:36.380486,2026-05-29 05:30:36.380486,"",카테고리: 스킨케어,https://shopping-phinf.pstatic.net/main_9064291/90642912765.1.jpg,1,베어몬드,15800,15800,더마올로지 8중 히알루론산 대용량 수분크림 1L 주름개선 미백 고보습 진정 영양 남자 여자,90642912765,화장품/미용,100,스킨케어
63,2026-05-29 05:30:36.383437,2026-05-29 05:30:36.383437,"",제조사: 바이오시엠 카테고리: 스킨케어,https://shopping-phinf.pstatic.net/main_8961191/89611919618.2.jpg,1,스무아디,29000,29000,"[약국입점] 스무아디 그린캐비어 모이스쳐 락인 크림 100ml, 1개",89611919618,화장품/미용,100,스킨케어
64,2026-05-29 05:30:36.386619,2026-05-29 05:30:36.386619,레피넬,브랜드: 레피넬 카테고리: 스킨케어,https://shopping-phinf.pstatic.net/main_9064611/90646114726.jpg,1,레피넬 Refinelle,26000,26000,"레피넬 재생크림 EGF 피부과 레이저 진정 케어 아쥬얼 리페어 크림 40ml, 1개",90646114726,화장품/미용,100,스킨케어
65,2026-05-29 05:30:36.390285,2026-05-29 05:30:36.390285,비앤힐,브랜드: 비앤힐 제조사: 셀아이콘랩 카테고리: 스킨케어,https://shopping-phinf.pstatic.net/main_8602787/86027872656.1.jpg,1,비앤힐,32500,32500,트라넥삼산4% 고함량 속기미 나이아신아마이드 글루타치온 펩타이드 기미크림,86027872656,화장품/미용,100,스킨케어
66,2026-05-29 05:30:36.393116,2026-05-29 05:30:36.393116,아르시코,브랜드: 아르시코 카테고리: 스킨케어,https://shopping-phinf.pstatic.net/main_8131778/81317789219.36.jpg,1,아르시코,26000,26000,아르시코 EGF 시카 재생크림 120ml(g) 피부과 레이저 점뺀후 병풀 수분 보습 진정,81317789219,화장품/미용,100,스킨케어
67,2026-05-29 05:30:36.39588,2026-05-29 05:30:36.39588,김정문알로에,브랜드: 김정문알로에 제조사: 나우코스 카테고리: 스킨케어,https://shopping-phinf.pstatic.net/main_5192953/51929534485.20241213222059.jpg,1,네이버,13690,13690,"김정문알로에 큐어 인텐시브 2X 크림 50ml, 2개",51929534485,화장품/미용,100,스킨케어
68,2026-05-29 05:30:36.39868,2026-05-29 05:30:36.39868,닥터지,브랜드: 닥터지 제조사: 코스맥스 카테고리: 스킨케어,https://shopping-phinf.pstatic.net/main_5994190/59941901388.20260506114155.jpg,1,네이버,20430,20430,"닥터지 레드 블레미쉬 클리어 수딩 크림 50ml x 2개 + 10ml x 2개, 1개",59941901388,화장품/미용,100,스킨케어
69,2026-05-29 05:30:36.401418,2026-05-29 05:30:36.401418,아벤느,브랜드: 아벤느 제조사: 피에르파브르 카테고리: 스킨케어,https://shopping-phinf.pstatic.net/main_5192958/51929584812.20241213221633.jpg,1,네이버,15200,15200,"아벤느 시칼파트 플러스 SOS 크림 100ml, 1개",51929584812,화장품/미용,100,스킨케어
70,2026-05-29 05:30:36.404206,2026-05-29 05:30:36.404206,메디테라피,브랜드: 메디테라피 제조사: 한국콜마 카테고리: 스킨케어,https://shopping-phinf.pstatic.net/main_5192918/51929180772.20241213204240.jpg,1,네이버,19900,19900,"메디테라피 포쎄라 리얼 비피다 블러 크림 50ml, 2개",51929180772,화장품/미용,100,스킨케어
71,2026-05-29 05:30:36.407072,2026-05-29 05:30:36.407072,닥터지,브랜드: 닥터지 제조사: 한국콜마 카테고리: 스킨케어,https://shopping-phinf.pstatic.net/main_5192935/51929352916.20241213211809.jpg,1,네이버,12850,12850,"닥터지 로얄 블랙 스네일 크림 50ml, 1개",51929352916,화장품/미용,100,스킨케어
72,2026-05-29 05:30:36.409655,2026-05-29 05:30:36.409655,펠로디,브랜드: 펠로디 제조사: 에이티바이오제약 카테고리: 스킨케어,https://shopping-phinf.pstatic.net/main_9103958/91039585869.1.jpg,1,펠로디,27000,27000,리포좀 300MG 기미 크림 착색 잡티 흔적 미백 색소침착 흑자 화이트닝 멜라닌 멜라토닝,91039585869,화장품/미용,100,스킨케어
73,2026-05-29 05:30:36.412319,2026-05-29 05:30:36.412319,닥터코스모,브랜드: 닥터코스모 제조사: 뉴앤뉴 카테고리: 스킨케어,https://shopping-phinf.pstatic.net/main_8750312/87503129290.7.jpg,1,DR. COSMO,52000,52000,닥터코스모 마이크로바이옴 리페어 수분크림 엠엘크림 (피부레이져시술후관리 진정수분 피부결 탄력개선),87503129290,화장품/미용,100,스킨케어
74,2026-05-29 05:30:36.414959,2026-05-29 05:30:36.414959,가히,브랜드: 가히 제조사: 코스맥스 카테고리: 스킨케어,https://shopping-phinf.pstatic.net/main_5916334/59163341954.20260306103952.jpg,1,네이버,27150,27150,"가히 멀티밤 9g, 2개",59163341954,화장품/미용,100,스킨케어
75,2026-05-29 05:30:36.417595,2026-05-29 05:30:36.417595,닥터지,브랜드: 닥터지 제조사: 코스맥스 카테고리: 스킨케어,https://shopping-phinf.pstatic.net/main_5192958/51929582445.20241213222102.jpg,1,네이버,20990,20990,"닥터지 레드 블레미쉬 클리어 수딩 크림 50ml, 2개",51929582445,화장품/미용,100,스킨케어
76,2026-05-29 05:30:36.420247,2026-05-29 05:30:36.420247,이니스프리,브랜드: 이니스프리 제조사: 코스비전 카테고리: 스킨케어,https://shopping-phinf.pstatic.net/main_5192935/51929356920.20241213211646.jpg,1,네이버,30980,30980,"이니스프리 그린티 씨드 히알루론산 크림 80ml, 2개",51929356920,화장품/미용,100,스킨케어
77,2026-05-29 05:30:36.423238,2026-05-29 05:30:36.423238,닥터지,브랜드: 닥터지 제조사: 한국콜마 카테고리: 스킨케어,https://shopping-phinf.pstatic.net/main_8664604/86646043763.jpg,1,픽커머스,29990,29990,Dr.G 닥터지 블랙 스네일 크림 130mL 코스트코,86646043763,화장품/미용,100,스킨케어
78,2026-05-29 05:30:36.426116,2026-05-29 05:30:36.426116,에스네이처,브랜드: 에스네이처 제조사: 바이오코스텍 카테고리: 스킨케어,https://shopping-phinf.pstatic.net/main_5192909/51929098639.20241213203408.jpg,1,네이버,11060,11060,"에스네이처 아쿠아 스쿠알란 수분크림 60ml, 1개",51929098639,화장품/미용,100,스킨케어
79,2026-05-29 05:30:36.428933,2026-05-29 05:30:36.428933,살림백서,브랜드: 살림백서 제조사: 오가닉케이코스메틱 카테고리: 스킨케어,https://shopping-phinf.pstatic.net/main_9058160/90581601179.jpg,1,살림백서,7800,7800,살림백서 제로 시카 55% 크림 70ml 더블 히알루론산 수분 피부 장벽 개선 병풀추출물,90581601179,화장품/미용,100,스킨케어
80,2026-05-29 05:30:36.434434,2026-05-29 05:30:36.434434,EYELAB,브랜드: EYELAB 제조사: 포셀 카테고리: 스킨케어,https://shopping-phinf.pstatic.net/main_5192943/51929436757.20250801152819.jpg,1,네이버,29780,29780,"EYELAB 멜라키 화이트닝 크림 50ml, 1개",51929436757,화장품/미용,100,스킨케어
81,2026-05-29 05:30:36.439608,2026-05-29 05:30:36.439608,제로이드,브랜드: 제로이드 카테고리: 스킨케어,https://shopping-phinf.pstatic.net/main_5192955/51929553575.20241213221924.jpg,1,네이버,24440,24440,"제로이드 핌프로브 모이스처 라이저 100ml, 1개",51929553575,화장품/미용,100,스킨케어
82,2026-05-29 05:30:36.449684,2026-05-29 05:30:36.449684,바르시오,브랜드: 바르시오 제조사: 디엔지코리아 카테고리: 스킨케어,https://shopping-phinf.pstatic.net/main_1192777/11927773976.18.jpg,1,바르시오화장품,15900,15900,시카 수분 재생 크림 피부과 레이저 점빼고 점뺀후 피부 미백 판테놀 egf 연고 형튜브,11927773976,화장품/미용,100,스킨케어
83,2026-05-29 05:30:36.458181,2026-05-29 05:30:36.458181,코스알엑스,브랜드: 코스알엑스 제조사: 아모레퍼시픽 카테고리: 스킨케어,https://shopping-phinf.pstatic.net/main_5192954/51929541715.20241213221108.jpg,1,네이버,12420,12420,"코스알엑스 더 레티놀 0.1 크림 20ml, 1개",51929541715,화장품/미용,100,스킨케어
84,2026-05-29 05:30:36.461794,2026-05-29 05:30:36.461794,키엘,브랜드: 키엘 제조사: 키엘 카테고리: 스킨케어,https://shopping-phinf.pstatic.net/main_5192950/51929502432.20241213221315.jpg,1,네이버,53300,53300,"키엘 울트라 훼이셜 수분크림 125ml, 1개",51929502432,화장품/미용,100,스킨케어
85,2026-05-29 05:30:36.467591,2026-05-29 05:30:36.467591,셀리맥스,브랜드: 셀리맥스 제조사: 이에스코스메틱 카테고리: 스킨케어,https://shopping-phinf.pstatic.net/main_5460847/54608474474.20250506140635.jpg,1,네이버,17830,17830,"셀리맥스 더 비타 에이 레티날 샷 타이트닝 부스터 15ml, 1개",54608474474,화장품/미용,100,스킨케어
86,2026-05-29 05:30:36.473212,2026-05-29 05:30:36.473212,토리든,브랜드: 토리든 제조사: 세레코 카테고리: 스킨케어,https://shopping-phinf.pstatic.net/main_5192950/51929508675.20241213220535.jpg,1,네이버,12020,12020,"토리든 다이브인 수딩 크림 100ml(지성), 1개",51929508675,화장품/미용,100,스킨케어
87,2026-05-29 05:30:36.479596,2026-05-29 05:30:36.479596,제로이드,브랜드: 제로이드 제조사: 네오팜 카테고리: 스킨케어,https://shopping-phinf.pstatic.net/main_5192927/51929270858.20250207090703.jpg,1,네이버,43900,43900,"제로이드 인텐시브 크림 엠디 160ml, 1개",51929270858,화장품/미용,100,스킨케어
88,2026-05-29 05:30:36.483084,2026-05-29 05:30:36.483084,"",카테고리: 스킨케어,https://shopping-phinf.pstatic.net/main_5976742/59767429130.2.jpg,1,쿠팡,34900,34900,오리시아 락티스 크림 (젖소 크림),59767429130,화장품/미용,100,스킨케어
89,2026-05-29 05:30:36.488587,2026-05-29 05:30:36.488587,제로이드,브랜드: 제로이드 제조사: 네오팜 카테고리: 스킨케어,https://shopping-phinf.pstatic.net/main_5192951/51929516152.20241213221030.jpg,1,네이버,37560,37560,"제로이드 수딩 크림 160ml, 1개",51929516152,화장품/미용,100,스킨케어
90,2026-05-29 05:30:36.492009,2026-05-29 05:30:36.492009,"",카테고리: 스킨케어,https://shopping-phinf.pstatic.net/main_5086121/50861218842.4.jpg,1,쿠팡,24300,24300,라로슈포제 뉴 시카플라스트 밤 B5+ 크림,50861218842,화장품/미용,100,스킨케어
114,2026-05-29 05:30:37.003587,2026-05-29 05:30:37.003587,DIOR,브랜드: DIOR 카테고리: 색조메이크업,https://shopping-phinf.pstatic.net/main_4498524/44985246522.3.jpg,1,롯데ON,51870,51870,[롯데백화점] 디올 루즈 디올 LE1215804725,44985246522,화장품/미용,100,색조메이크업
91,2026-05-29 05:30:36.494959,2026-05-29 05:30:36.494959,웰빙헬스,브랜드: 웰빙헬스 제조사: 웰빙헬스팜 카테고리: 스킨케어,https://shopping-phinf.pstatic.net/main_5192926/51929264062.20241213210549.jpg,1,네이버,4860,4860,"웰빙헬스 예쁜얼굴 고보습 수분크림 90ml, 1개",51929264062,화장품/미용,100,스킨케어
92,2026-05-29 05:30:36.498357,2026-05-29 05:30:36.498357,아누아,브랜드: 아누아 제조사: 코스맥스 카테고리: 스킨케어,https://shopping-phinf.pstatic.net/main_5450591/54505919267.20260430183805.jpg,1,네이버,24100,24100,"아누아 어성초 센텔라 레드 스팟 크림 30ml, 2개",54505919267,화장품/미용,100,스킨케어
93,2026-05-29 05:30:36.504408,2026-05-29 05:30:36.504408,TG도미나스,브랜드: TG도미나스 제조사: 리베코스 카테고리: 스킨케어,https://shopping-phinf.pstatic.net/main_5192930/51929301066.20241213211257.jpg,1,네이버,21400,21400,"TG도미나스 도미나 크림 4엑스 50ml, 1개",51929301066,화장품/미용,100,스킨케어
94,2026-05-29 05:30:36.507735,2026-05-29 05:30:36.507735,닥터지,브랜드: 닥터지 제조사: 코스맥스 카테고리: 스킨케어,https://shopping-phinf.pstatic.net/main_5192908/51929089364.20241213204114.jpg,1,네이버,15880,15880,"닥터지 레드 블레미쉬 클리어 수딩 크림 70ml, 1개",51929089364,화장품/미용,100,스킨케어
95,2026-05-29 05:30:36.511299,2026-05-29 05:30:36.511299,닥터디퍼런트,브랜드: 닥터디퍼런트 제조사: 에코먼트 카테고리: 스킨케어,https://shopping-phinf.pstatic.net/main_5192947/51929476965.20241213220141.jpg,1,네이버,52020,52020,"닥터디퍼런트 비타리프트 에이 포르테시모 30ml, 1개",51929476965,화장품/미용,100,스킨케어
96,2026-05-29 05:30:36.515572,2026-05-29 05:30:36.515572,펠로디,브랜드: 펠로디 제조사: 에이티바이오제약 카테고리: 스킨케어,https://shopping-phinf.pstatic.net/main_9011398/90113982713.15.jpg,1,펠로디,26900,26900,리포좀 300MG 수분 크림 재생 연어 PDRN 보습 탄력 영양 미백 주름개선 시카 EGF,90113982713,화장품/미용,100,스킨케어
97,2026-05-29 05:30:36.524548,2026-05-29 05:30:36.524548,세인트프랑,브랜드: 세인트프랑 제조사: 한국화장품 카테고리: 스킨케어,https://shopping-phinf.pstatic.net/main_5824503/58245034250.20260209141747.jpg,1,네이버,44710,44710,"세인트프랑 링클 케어 트리트먼트 크림 150ml, 1개",58245034250,화장품/미용,100,스킨케어
98,2026-05-29 05:30:36.532595,2026-05-29 05:30:36.532595,에스트라,브랜드: 에스트라 제조사: 에스트라 카테고리: 스킨케어,https://shopping-phinf.pstatic.net/main_8882570/88825703674.11.jpg,1,The 나누다,31400,31400,에스트라 아토베리어365 아스트라 크림 본품+선물박스 대용량,88825703674,화장품/미용,100,스킨케어
99,2026-05-29 05:30:36.537602,2026-05-29 05:30:36.537602,라로슈포제,브랜드: 라로슈포제 제조사: 라로슈포제 카테고리: 스킨케어,https://shopping-phinf.pstatic.net/main_8841518/88415180177.4.jpg,1,라로슈포제 공식스토어,24300,24300,[라운지전용][라로슈포제] 시카플라스트 밤 B5+ 40ml,88415180177,화장품/미용,100,스킨케어
100,2026-05-29 05:30:36.542901,2026-05-29 05:30:36.542901,메디필,브랜드: 메디필 카테고리: 스킨케어,https://shopping-phinf.pstatic.net/main_9052617/90526172276.1.jpg,1,JHMart,14700,14700,멜라논크림 함익병기미연고 멜라논엑스크림 미백연고 함익병기미,90526172276,화장품/미용,100,스킨케어
101,2026-05-29 05:30:36.945698,2026-05-29 05:30:36.945698,샬랑드파리,브랜드: 샬랑드파리 제조사: 코스맥스 카테고리: 색조메이크업,https://shopping-phinf.pstatic.net/main_9019568/90195680247.10.jpg,1,샬랑 드 파리,25120,25120,"샬랑 드 파리 지속력 좋은 안 지워지는 쥬얼 샤인 립스틱, 4.5g",90195680247,화장품/미용,100,색조메이크업
102,2026-05-29 05:30:36.951188,2026-05-29 05:30:36.951188,CHANEL,브랜드: CHANEL 카테고리: 색조메이크업,https://shopping-phinf.pstatic.net/main_5938659/59386597012.20260325141831.jpg,1,네이버,37540,37540,CHANEL 루쥬 코코 플래쉬 3g 1개,59386597012,화장품/미용,100,색조메이크업
103,2026-05-29 05:30:36.956598,2026-05-29 05:30:36.956598,CHANEL,브랜드: CHANEL 제조사: CHANEL 카테고리: 색조메이크업,https://shopping-phinf.pstatic.net/main_9009484/90094849967.1.jpg,1,CHANEL,60000,60000,루쥬 코코 플래쉬 90 - 쥬르,90094849967,화장품/미용,100,색조메이크업
104,2026-05-29 05:30:36.961031,2026-05-29 05:30:36.961031,CHANEL,브랜드: CHANEL 제조사: CHANEL 카테고리: 색조메이크업,https://shopping-phinf.pstatic.net/main_8524021/85240217006.20.jpg,1,HILUX,59000,59000,[국내백화점] 샤넬 립스틱 루쥬 코코 플래쉬 90 쥬르 3g,85240217006,화장품/미용,100,색조메이크업
105,2026-05-29 05:30:36.965579,2026-05-29 05:30:36.965579,콰티,브랜드: 콰티 카테고리: 색조메이크업,https://shopping-phinf.pstatic.net/main_8337612/83376123553.14.jpg,1,콰티,25000,25000,[슈퍼적립] 콰티 립 BEST 립스틱 마이무드 벨벳 매트 립베이스 베이스립 누드립 3.5g,83376123553,화장품/미용,100,색조메이크업
106,2026-05-29 05:30:36.970395,2026-05-29 05:30:36.970395,DIOR,브랜드: DIOR 카테고리: 색조메이크업,https://shopping-phinf.pstatic.net/main_5451030/54510305055.1.jpg,1,롯데ON,50150,50150,[롯데백화점] 디올 어딕트 립스틱 LE1219410712,54510305055,화장품/미용,100,색조메이크업
107,2026-05-29 05:30:36.97452,2026-05-29 05:30:36.97452,맥,브랜드: 맥 제조사: 맥 카테고리: 색조메이크업,https://shopping-phinf.pstatic.net/main_5967417/59674176417.20260415115529.jpg,1,네이버,28800,28800,"맥 파우더 키스 헤이지 매트 립스틱 멀 잇 오버, 3.5g",59674176417,화장품/미용,100,색조메이크업
108,2026-05-29 05:30:36.979358,2026-05-29 05:30:36.979358,맥,브랜드: 맥 제조사: 맥 카테고리: 색조메이크업,https://shopping-phinf.pstatic.net/main_6002842/60028421547.20260513164542.jpg,1,네이버,28900,28900,"맥 맥시멀 슬릭 새틴 립스틱 생 제르망, 3.5g",60028421547,화장품/미용,100,색조메이크업
109,2026-05-29 05:30:36.984881,2026-05-29 05:30:36.984881,입생로랑,브랜드: 입생로랑 카테고리: 색조메이크업,https://shopping-phinf.pstatic.net/main_4978308/49783088648.2.jpg,1,SSG닷컴,34820,34820,[신세계백화점][강남점] NEW 캔디 글로우 립밤,49783088648,화장품/미용,100,색조메이크업
110,2026-05-29 05:30:36.98861,2026-05-29 05:30:36.98861,입생로랑,브랜드: 입생로랑 카테고리: 색조메이크업,https://shopping-phinf.pstatic.net/main_4630437/46304370642.4.jpg,1,SSG닷컴,42636,42636,[신세계백화점][강남점] NEW 러브샤인 워터샤인 립스틱,46304370642,화장품/미용,100,색조메이크업
111,2026-05-29 05:30:36.991922,2026-05-29 05:30:36.991922,입생로랑,브랜드: 입생로랑 제조사: 엘오케이 카테고리: 색조메이크업,https://shopping-phinf.pstatic.net/main_5938659/59386594361.20260325141805.jpg,1,네이버,40505,40505,입생로랑 캔디 글레이즈 글로스 밤 3.2g 1개,59386594361,화장품/미용,100,색조메이크업
112,2026-05-29 05:30:36.995205,2026-05-29 05:30:36.995205,맥,브랜드: 맥 제조사: 맥 카테고리: 색조메이크업,https://shopping-phinf.pstatic.net/main_5938659/59386590332.20260325141713.jpg,1,네이버,24530,24530,맥 립스틱 3g 1개,59386590332,화장품/미용,100,색조메이크업
113,2026-05-29 05:30:37.000023,2026-05-29 05:30:37.000023,웨이크메이크,브랜드: 웨이크메이크 제조사: 코스맥스 카테고리: 색조메이크업,https://shopping-phinf.pstatic.net/main_5938659/59386592480.20260325141739.jpg,1,네이버,8960,8960,웨이크메이크 소프트 블러링 밤 스틱 3.5g 1개,59386592480,화장품/미용,100,색조메이크업
115,2026-05-29 05:30:37.007661,2026-05-29 05:30:37.007661,웨이크메이크,브랜드: 웨이크메이크 제조사: 코스맥스 카테고리: 색조메이크업,https://shopping-phinf.pstatic.net/main_8943519/89435190812.11.jpg,1,웨이크메이크,11900,11900,[김나영 PICK] 웨이크메이크 헬시 글로우 밤 스틱 3.5g,89435190812,화장품/미용,100,색조메이크업
116,2026-05-29 05:30:37.011506,2026-05-29 05:30:37.011506,케이트,브랜드: 케이트 제조사: 가네보 카테고리: 색조메이크업,https://shopping-phinf.pstatic.net/main_5938661/59386610860.20260325142014.jpg,1,네이버,19200,19200,케이트 립 몬스터 3g 1개,59386610860,화장품/미용,100,색조메이크업
117,2026-05-29 05:30:37.015336,2026-05-29 05:30:37.015336,에스쁘아,브랜드: 에스쁘아 제조사: 아모레퍼시픽 카테고리: 색조메이크업,https://shopping-phinf.pstatic.net/main_5938660/59386601805.20260325141906.jpg,1,네이버,12510,12510,에스쁘아 립스틱 노웨어 볼륨 매트 3g 1개,59386601805,화장품/미용,100,색조메이크업
118,2026-05-29 05:30:37.018756,2026-05-29 05:30:37.018756,헤라,브랜드: 헤라 카테고리: 색조메이크업,https://shopping-phinf.pstatic.net/main_8904292/89042927631.jpg,1,헤라,40500,40500,헤라 센슈얼 틴티드 샤인 스틱 3.5g,89042927631,화장품/미용,100,색조메이크업
119,2026-05-29 05:30:37.022022,2026-05-29 05:30:37.022022,맥,브랜드: 맥 카테고리: 색조메이크업,https://shopping-phinf.pstatic.net/main_5252768/52527686352.3.jpg,1,롯데ON,29180,29180,[롯데백화점] 맥 러스터글래스 립스틱 LE1218465589,52527686352,화장품/미용,100,색조메이크업
120,2026-05-29 05:30:37.025585,2026-05-29 05:30:37.025585,DIOR,브랜드: DIOR 제조사: DIOR 카테고리: 색조메이크업,https://shopping-phinf.pstatic.net/main_8487700/84877005522.12.jpg,1,HILUX,45100,45100,[선물포장/백화점정품]디올 어딕트 립스틱 코랄핑크,84877005522,화장품/미용,100,색조메이크업
121,2026-05-29 05:30:37.029185,2026-05-29 05:30:37.029185,맥,브랜드: 맥 제조사: 맥 카테고리: 색조메이크업,https://shopping-phinf.pstatic.net/main_5949282/59492822131.20260401172017.jpg,1,네이버,25800,25800,"맥 맥시멀 실키 매트 립스틱 캔디얌얌, 3.5g",59492822131,화장품/미용,100,색조메이크업
122,2026-05-29 05:30:37.032794,2026-05-29 05:30:37.032794,헤라,브랜드: 헤라 제조사: 아모레퍼시픽 카테고리: 색조메이크업,https://shopping-phinf.pstatic.net/main_5793046/57930460767.20251127122707.jpg,1,네이버,29720,29720,헤라 루즈 클래시 클리셰,57930460767,화장품/미용,100,색조메이크업
123,2026-05-29 05:30:37.036187,2026-05-29 05:30:37.036187,구찌,브랜드: 구찌 제조사: 구찌 카테고리: 색조메이크업,https://shopping-phinf.pstatic.net/main_5938659/59386594764.20260325141812.jpg,1,네이버,41460,41460,구찌 루즈 드 보떼 브리앙 글로우 앤 케어 1.8g 1개,59386594764,화장품/미용,100,색조메이크업
124,2026-05-29 05:30:37.039527,2026-05-29 05:30:37.039527,오휘,브랜드: 오휘 제조사: 엘지생활건강 카테고리: 색조메이크업,https://shopping-phinf.pstatic.net/main_5938662/59386626114.20260325142116.jpg,1,네이버,12480,12480,오휘 루즈 리얼 3.5g 1개,59386626114,화장품/미용,100,색조메이크업
125,2026-05-29 05:30:37.04313,2026-05-29 05:30:37.04313,무드매처,브랜드: 무드매처 제조사: 뷰티솔루션 카테고리: 색조메이크업,https://shopping-phinf.pstatic.net/main_5938660/59386602371.20260325141909.jpg,1,네이버,11280,11280,무드매처 컬러 체인지 립스틱 3.5g 1개,59386602371,화장품/미용,100,색조메이크업
126,2026-05-29 05:30:37.046462,2026-05-29 05:30:37.046462,리나시타,브랜드: 리나시타 제조사: 코스메카코리아 카테고리: 색조메이크업,https://shopping-phinf.pstatic.net/main_5938660/59386608983.20260325141953.jpg,1,네이버,11000,11000,리나시타 톤업 루즈 스틱 6종 세트 1개,59386608983,화장품/미용,100,색조메이크업
128,2026-05-29 05:30:37.057272,2026-05-29 05:30:37.057272,입생로랑,브랜드: 입생로랑 카테고리: 색조메이크업,https://shopping-phinf.pstatic.net/main_8777217/87772179015.9.jpg,1,입생로랑 뷰티,46550,46550,[입생로랑] 캔디 글로우 립밤,87772179015,화장품/미용,100,색조메이크업
129,2026-05-29 05:30:37.062141,2026-05-29 05:30:37.062141,CHANEL,브랜드: CHANEL 제조사: CHANEL 카테고리: 색조메이크업,https://shopping-phinf.pstatic.net/main_8929170/89291706426.1.jpg,1,네오모드,57900,57900,[국내백화점] 샤넬 루쥬 코코 플래쉬 90 쥬르 쇼핑백포장,89291706426,화장품/미용,100,색조메이크업
130,2026-05-29 05:30:37.064753,2026-05-29 05:30:37.064753,헤라,브랜드: 헤라 제조사: 아모레퍼시픽 카테고리: 색조메이크업,https://shopping-phinf.pstatic.net/main_5688865/56888652017.20250923151246.jpg,1,네이버,26570,26570,헤라 센슈얼 틴티드 샤인 스틱 피버,56888652017,화장품/미용,100,색조메이크업
131,2026-05-29 05:30:37.066926,2026-05-29 05:30:37.066926,CHANEL,브랜드: CHANEL 제조사: CHANEL 카테고리: 색조메이크업,https://shopping-phinf.pstatic.net/main_5938660/59386602307.20260325141908.jpg,1,네이버,58800,58800,CHANEL 르 루쥬 듀오 울트라 뜨뉘 8g 1개,59386602307,화장품/미용,100,색조메이크업
132,2026-05-29 05:30:37.068874,2026-05-29 05:30:37.068874,겔랑,브랜드: 겔랑 제조사: 엘브이엠에이치코스메틱스 카테고리: 색조메이크업,https://shopping-phinf.pstatic.net/main_5938660/59386607160.20260325141942.jpg,1,네이버,40110,40110,겔랑 키스키스 샤인 블룸 3.2g 1개,59386607160,화장품/미용,100,색조메이크업
133,2026-05-29 05:30:37.070867,2026-05-29 05:30:37.070867,설화수,브랜드: 설화수 제조사: 아모레퍼시픽 카테고리: 색조메이크업,https://shopping-phinf.pstatic.net/main_5933113/59331139954.20260320112837.jpg,1,네이버,30500,30500,"설화수 퍼펙팅 립컬러 블룸, 3g",59331139954,화장품/미용,100,색조메이크업
134,2026-05-29 05:30:37.072676,2026-05-29 05:30:37.072676,맥,브랜드: 맥 제조사: 맥 카테고리: 색조메이크업,https://shopping-phinf.pstatic.net/main_9040722/90407227543.14.jpg,1,맥 공식스토어,42000,42000,맥 파우더 키스 헤이지 매트 립스틱 3.5g (+ 미니 헤어 클립 증정),90407227543,화장품/미용,100,색조메이크업
135,2026-05-29 05:30:37.074467,2026-05-29 05:30:37.074467,맥,브랜드: 맥 제조사: 이엘씨에이한국 카테고리: 색조메이크업,https://shopping-phinf.pstatic.net/main_6021511/60215111060.20260528105554.jpg,1,네이버,42900,42900,"맥 러스터 글래스 립스틱 얼론타임, 3g",60215111060,화장품/미용,100,색조메이크업
136,2026-05-29 05:30:37.076211,2026-05-29 05:30:37.076211,로쎄앙,브랜드: 로쎄앙 제조사: 로쎄앙 카테고리: 색조메이크업,https://shopping-phinf.pstatic.net/main_5938659/59386599441.20260325141847.jpg,1,네이버,5200,5200,로쎄앙 틴트 스틱 3.7g 1개,59386599441,화장품/미용,100,색조메이크업
137,2026-05-29 05:30:37.077958,2026-05-29 05:30:37.077958,구찌,브랜드: 구찌 제조사: 구찌 카테고리: 색조메이크업,https://shopping-phinf.pstatic.net/main_5938660/59386600287.20260325141855.jpg,1,네이버,39190,39190,구찌 루즈 아 레브르 브왈 립스틱 3.5g 1개,59386600287,화장품/미용,100,색조메이크업
138,2026-05-29 05:30:37.079756,2026-05-29 05:30:37.079756,CHANEL,브랜드: CHANEL 제조사: CHANEL 카테고리: 색조메이크업,https://shopping-phinf.pstatic.net/main_5911697/59116978060.20260302170712.jpg,1,네이버,63000,63000,CHANEL 르 루쥬 듀오 울트라 뜨뉘 174 엔드리스 핑크,59116978060,화장품/미용,100,색조메이크업
139,2026-05-29 05:30:37.082731,2026-05-29 05:30:37.082731,맥,브랜드: 맥 카테고리: 색조메이크업,https://shopping-phinf.pstatic.net/main_6021511/60215111111.20260528111355.jpg,1,네이버,30700,30700,"맥 레트로 매트 립스틱 703 런웨이히트, 3g",60215111111,화장품/미용,100,색조메이크업
140,2026-05-29 05:30:37.085492,2026-05-29 05:30:37.085492,나틴다,브랜드: 나틴다 제조사: 씨앤오코스메틱 카테고리: 색조메이크업,https://shopping-phinf.pstatic.net/main_5702380/57023807964.20251001153210.jpg,1,네이버,13900,13900,나틴다 아트 인 블랙 매트 립스틱 러블리 걸,57023807964,화장품/미용,100,색조메이크업
141,2026-05-29 05:30:37.088113,2026-05-29 05:30:37.088113,랑콤,브랜드: 랑콤 제조사: 엘오케이 카테고리: 색조메이크업,https://shopping-phinf.pstatic.net/main_5938659/59386598482.20260325141843.jpg,1,네이버,39900,39900,랑콤 압솔뤼 루즈 크림 3.4g 1개,59386598482,화장품/미용,100,색조메이크업
142,2026-05-29 05:30:37.090741,2026-05-29 05:30:37.090741,조르지오아르마니,브랜드: 조르지오아르마니 제조사: 엘오케이 카테고리: 색조메이크업,https://shopping-phinf.pstatic.net/main_5938659/59386595036.20260325141816.jpg,1,네이버,20000,20000,조르지오아르마니 립 파워 마뜨 3.1g 1개,59386595036,화장품/미용,100,색조메이크업
143,2026-05-29 05:30:37.09337,2026-05-29 05:30:37.09337,네이처리퍼블릭,브랜드: 네이처리퍼블릭 제조사: 코스맥스 카테고리: 색조메이크업,https://shopping-phinf.pstatic.net/main_5938662/59386623328.20260325142113.jpg,1,네이버,3530,3530,네이처리퍼블릭 바이플라워 에코 크레용 립벨벳 2.8g 1개,59386623328,화장품/미용,100,색조메이크업
144,2026-05-29 05:30:37.096022,2026-05-29 05:30:37.096022,입생로랑,브랜드: 입생로랑 제조사: 엘오케이 카테고리: 색조메이크업,https://shopping-phinf.pstatic.net/main_8782464/87824641117.1.jpg,1,리치캣,37800,37800,[백화점] 입생로랑 립밤 캔디글로우 44B 누드 라발리에 ,87824641117,화장품/미용,100,색조메이크업
145,2026-05-29 05:30:37.098624,2026-05-29 05:30:37.098624,더페이스샵,브랜드: 더페이스샵 제조사: 에프엠지 카테고리: 색조메이크업,https://shopping-phinf.pstatic.net/main_5938659/59386598429.20260325141842.jpg,1,네이버,8500,8500,더페이스샵 뉴 볼드 벨벳 립스틱 3.5g 1개,59386598429,화장품/미용,100,색조메이크업
146,2026-05-29 05:30:37.101374,2026-05-29 05:30:37.101374,헤라,브랜드: 헤라 제조사: 아모레퍼시픽 카테고리: 색조메이크업,https://shopping-phinf.pstatic.net/main_8921270/89212708111.jpg,1,포레스트맨션,29890,29890,헤라 센슈얼 틴티드 샤인 스틱 3.5g 105 보이시,89212708111,화장품/미용,100,색조메이크업
147,2026-05-29 05:30:37.104066,2026-05-29 05:30:37.104066,맥,브랜드: 맥 제조사: 맥 카테고리: 색조메이크업,https://shopping-phinf.pstatic.net/main_5938659/59386596235.20260325141823.jpg,1,네이버,10650,10650,맥 미니 립스틱 1.8g 1개,59386596235,화장품/미용,100,색조메이크업
148,2026-05-29 05:30:37.106766,2026-05-29 05:30:37.106766,나틴다,브랜드: 나틴다 제조사: 씨앤오코스메틱 카테고리: 색조메이크업,https://shopping-phinf.pstatic.net/main_5938659/59386599571.20260325141848.jpg,1,네이버,16700,16700,나틴다 매직 타투 트윙클 립스틱 3.5g 1개,59386599571,화장품/미용,100,색조메이크업
149,2026-05-29 05:30:37.109463,2026-05-29 05:30:37.109463,DIOR,브랜드: DIOR 제조사: DIOR 카테고리: 색조메이크업,https://shopping-phinf.pstatic.net/main_5965423/59654233896.jpg,1,현대Hmall,50150,50150,[현대미아점] [디올] 디올 어딕트 립스틱,59654233896,화장품/미용,100,색조메이크업
150,2026-05-29 05:30:37.112159,2026-05-29 05:30:37.112159,입생로랑,브랜드: 입생로랑 카테고리: 색조메이크업,https://shopping-phinf.pstatic.net/main_5688941/56889412636.20250923150945.jpg,1,네이버,36200,36200,입생로랑 캔디 글로우 립밤 9B 체리 블리스 ,56889412636,화장품/미용,100,색조메이크업
151,2026-05-29 05:30:37.114687,2026-05-29 05:30:37.114687,헤라,브랜드: 헤라 제조사: 아모레퍼시픽 카테고리: 색조메이크업,https://shopping-phinf.pstatic.net/main_5581679/55816792963.20250716162630.jpg,1,네이버,27170,27170,"헤라 센슈얼 파우더 매트 립스틱 노프라블럼, 3g",55816792963,화장품/미용,100,색조메이크업
152,2026-05-29 05:30:37.117328,2026-05-29 05:30:37.117328,디올뷰티,브랜드: 디올뷰티 제조사: DIOR 카테고리: 색조메이크업,https://shopping-phinf.pstatic.net/main_5850793/58507938620.20260114153348.jpg,1,네이버,49980,49980,디올뷰티 루즈 디올 벨벳 999 벨벳,58507938620,화장품/미용,100,색조메이크업
153,2026-05-29 05:30:37.120005,2026-05-29 05:30:37.120005,에스티로더,브랜드: 에스티로더 제조사: 에스티로더 카테고리: 색조메이크업,https://shopping-phinf.pstatic.net/main_5938659/59386593296.20260325141751.jpg,1,네이버,27000,27000,에스티로더 퓨어 컬러 젤리 글로우 밤 3g 1개,59386593296,화장품/미용,100,색조메이크업
154,2026-05-29 05:30:37.122744,2026-05-29 05:30:37.122744,피폴,브랜드: 피폴 카테고리: 색조메이크업,https://shopping-phinf.pstatic.net/main_5938659/59386592802.20260325141744.jpg,1,네이버,5600,5600,피폴 피펄 립스틱 3.2g 6개,59386592802,화장품/미용,100,색조메이크업
155,2026-05-29 05:30:37.125287,2026-05-29 05:30:37.125287,구찌,브랜드: 구찌 제조사: 구찌 카테고리: 색조메이크업,https://shopping-phinf.pstatic.net/main_8669870/86698706473.3.jpg,1,구찌뷰티,56700,56700,"[구찌뷰티] 구찌 립스틱, 루즈 아 레브르 브왈 25 골디 레드, 3.5g",86698706473,화장품/미용,100,색조메이크업
156,2026-05-29 05:30:37.127809,2026-05-29 05:30:37.127809,입생로랑,브랜드: 입생로랑 카테고리: 색조메이크업,https://shopping-phinf.pstatic.net/main_8746594/87465949572.3.jpg,1,입생로랑 뷰티,61750,61750,[입생로랑] 루쥬 쀠르 꾸뛰르 립스틱,87465949572,화장품/미용,100,색조메이크업
157,2026-05-29 05:30:37.130341,2026-05-29 05:30:37.130341,맥,브랜드: 맥 카테고리: 색조메이크업,https://shopping-phinf.pstatic.net/main_5835874/58358745140.6.jpg,1,롯데ON,31420,31420,[롯데백화점] 맥 파우더키스 헤이지 매트 립스틱 LE1220760986,58358745140,화장품/미용,100,색조메이크업
158,2026-05-29 05:30:37.132817,2026-05-29 05:30:37.132817,DIOR,브랜드: DIOR 카테고리: 색조메이크업,https://shopping-phinf.pstatic.net/main_5451028/54510285347.3.jpg,1,롯데ON,40640,40640,[롯데백화점] 디올 어딕트 립스틱 리필 LE1219410826,54510285347,화장품/미용,100,색조메이크업
159,2026-05-29 05:30:37.135401,2026-05-29 05:30:37.135401,3CE,브랜드: 3CE 제조사: 엘오케이 카테고리: 색조메이크업,https://shopping-phinf.pstatic.net/main_8711453/87114536504.64.jpg,1,3CE,18200,18200,[네이버PICK/연예인볼륨스틱] 3CE 샤인 리플렉터 1.7g,87114536504,화장품/미용,100,색조메이크업
160,2026-05-29 05:30:37.138161,2026-05-29 05:30:37.138161,캔메이크,브랜드: 캔메이크 카테고리: 색조메이크업,https://shopping-phinf.pstatic.net/main_8999908/89999087547.8.jpg,1,캔메이크 공식스토어,14950,14950,캔메이크 무치푸루 틴트 2.5g 7종 중 택 1,89999087547,화장품/미용,100,색조메이크업
161,2026-05-29 05:30:37.140992,2026-05-29 05:30:37.140992,입생로랑,브랜드: 입생로랑 카테고리: 색조메이크업,https://shopping-phinf.pstatic.net/main_8751433/87514332994.6.jpg,1,입생로랑 뷰티,57000,57000,[입생로랑] 러브샤인 워터샤인 립스틱,87514332994,화장품/미용,100,색조메이크업
162,2026-05-29 05:30:37.143786,2026-05-29 05:30:37.143786,3CE,브랜드: 3CE 제조사: 엘오케이 카테고리: 색조메이크업,https://shopping-phinf.pstatic.net/main_8288502/82885027766.71.jpg,1,3CE,19000,19000,3CE 소프트 매트 립스틱 3.5g,82885027766,화장품/미용,100,색조메이크업
163,2026-05-29 05:30:37.146473,2026-05-29 05:30:37.146473,맥,브랜드: 맥 카테고리: 색조메이크업,https://shopping-phinf.pstatic.net/main_5835622/58356225711.7.jpg,1,SSG닷컴,29846,29846,[신세계백화점][강남점] 파우더 키스 헤이지 매트 립스틱,58356225711,화장품/미용,100,색조메이크업
164,2026-05-29 05:30:37.149198,2026-05-29 05:30:37.149198,"",카테고리: 색조메이크업,https://shopping-phinf.pstatic.net/main_8330767/83307678199.59.jpg,1,맥 공식스토어,39000,39000,맥 러스터글래스 립스틱 3g,83307678199,화장품/미용,100,색조메이크업
165,2026-05-29 05:30:37.152009,2026-05-29 05:30:37.152009,디올뷰티,브랜드: 디올뷰티 제조사: DIOR 카테고리: 색조메이크업,https://shopping-phinf.pstatic.net/main_5850397/58503977519.20260114111329.jpg,1,네이버,54790,54790,디올뷰티 루즈 디올 사틴 028 액트리스 사틴,58503977519,화장품/미용,100,색조메이크업
166,2026-05-29 05:30:37.154804,2026-05-29 05:30:37.154804,디올뷰티,브랜드: 디올뷰티 제조사: DIOR 카테고리: 색조메이크업,https://shopping-phinf.pstatic.net/main_5700202/57002027614.20260113123510.jpg,1,네이버,51990,51990,디올뷰티 어딕트 립스틱 373 로즈 셀레스티얼,57002027614,화장품/미용,100,색조메이크업
167,2026-05-29 05:30:37.157829,2026-05-29 05:30:37.157829,힌스,브랜드: 힌스 제조사: 코스맥스 카테고리: 색조메이크업,https://shopping-phinf.pstatic.net/main_5938660/59386606467.20260325141936.jpg,1,네이버,12850,12850,힌스 슬림 스틱 멜팅 매트 1.6g 1개,59386606467,화장품/미용,100,색조메이크업
168,2026-05-29 05:30:37.160741,2026-05-29 05:30:37.160741,입생로랑,브랜드: 입생로랑 제조사: 엘오케이 카테고리: 색조메이크업,https://shopping-phinf.pstatic.net/main_5719566/57195665875.20251013101550.jpg,1,네이버,49500,49500,입생로랑 러브샤인 워터샤인 립스틱 163 라즈베리 크러쉬,57195665875,화장품/미용,100,색조메이크업
169,2026-05-29 05:30:37.163549,2026-05-29 05:30:37.163549,디어달리아,브랜드: 디어달리아 제조사: 한국콜마 카테고리: 색조메이크업,https://shopping-phinf.pstatic.net/main_5938661/59386610711.20260325142008.jpg,1,네이버,19640,19640,디어달리아 립 파라다이스 센슈얼 립 글로우 3.3g 1개,59386610711,화장품/미용,100,색조메이크업
170,2026-05-29 05:30:37.166327,2026-05-29 05:30:37.166327,에스티로더,브랜드: 에스티로더 제조사: 에스티로더 카테고리: 색조메이크업,https://shopping-phinf.pstatic.net/main_5793342/57933423416.20251127173213.jpg,1,네이버,45300,45300,에스티로더 퓨어 컬러 립스틱 320 디파이언트코랄,57933423416,화장품/미용,100,색조메이크업
171,2026-05-29 05:30:37.169476,2026-05-29 05:30:37.169476,3CE,브랜드: 3CE 제조사: 코스맥스 카테고리: 색조메이크업,https://shopping-phinf.pstatic.net/main_5938659/59386598833.20260325141844.jpg,1,네이버,12400,12400,3CE 블러 매트 립스틱 4g 1개,59386598833,화장품/미용,100,색조메이크업
172,2026-05-29 05:30:37.172352,2026-05-29 05:30:37.172352,롬앤,브랜드: 롬앤 제조사: 코스맥스 카테고리: 색조메이크업,https://shopping-phinf.pstatic.net/main_5999983/59999837376.20260511145950.jpg,1,네이버,7490,7490,롬앤 제로 매트 립스틱 모브 빈즈,59999837376,화장품/미용,100,색조메이크업
173,2026-05-29 05:30:37.175043,2026-05-29 05:30:37.175043,하트퍼센트,브랜드: 하트퍼센트 제조사: 믹스앤매치 카테고리: 색조메이크업,https://shopping-phinf.pstatic.net/main_5692589/56925897338.20250925123327.jpg,1,네이버,13080,13080,하트퍼센트 도트 온 무드 립펜슬 03 오트베이지,56925897338,화장품/미용,100,색조메이크업
174,2026-05-29 05:30:37.177767,2026-05-29 05:30:37.177767,3CE,브랜드: 3CE 제조사: 코스맥스 카테고리: 색조메이크업,https://shopping-phinf.pstatic.net/main_5938659/59386592529.20260325141740.jpg,1,네이버,11000,11000,3CE 헤이지 립 클레이 4g 1개,59386592529,화장품/미용,100,색조메이크업
175,2026-05-29 05:30:37.180317,2026-05-29 05:30:37.180317,컬러그램,브랜드: 컬러그램 제조사: 믹스앤매치 카테고리: 색조메이크업,https://shopping-phinf.pstatic.net/main_5938660/59386609761.20260325142000.jpg,1,네이버,5200,5200,컬러그램 올인원 오버 립 메이커 1개,59386609761,화장품/미용,100,색조메이크업
176,2026-05-29 05:30:37.182893,2026-05-29 05:30:37.182893,3CE,브랜드: 3CE 제조사: 엘오케이 카테고리: 색조메이크업,https://shopping-phinf.pstatic.net/main_8843798/88437986642.44.jpg,1,3CE,20000,20000,3CE 캐시미어 허그 립스틱 3.5g,88437986642,화장품/미용,100,색조메이크업
177,2026-05-29 05:30:37.185638,2026-05-29 05:30:37.185638,VOV,브랜드: VOV 제조사: 엘지생활건강 카테고리: 색조메이크업,https://shopping-phinf.pstatic.net/main_5945813/59458137803.20260330164652.jpg,1,네이버,5000,5000,VOV 새틴 슬립 립스틱 토슈즈 핑크,59458137803,화장품/미용,100,색조메이크업
178,2026-05-29 05:30:37.188301,2026-05-29 05:30:37.188301,아멜리,브랜드: 아멜리 제조사: 코스맥스 카테고리: 색조메이크업,https://shopping-phinf.pstatic.net/main_5721496/57214968341.20251014123240.jpg,1,네이버,15300,15300,아멜리 에어립스 립스틱 뱀파이어,57214968341,화장품/미용,100,색조메이크업
179,2026-05-29 05:30:37.190902,2026-05-29 05:30:37.190902,"",카테고리: 색조메이크업,https://shopping-phinf.pstatic.net/main_9070622/90706222681.jpg,1,CHANEL,60000,60000,루쥬 코코 립스틱 130 - 라 파우자,90706222681,화장품/미용,100,색조메이크업
180,2026-05-29 05:30:37.193396,2026-05-29 05:30:37.193396,무드매처,브랜드: 무드매처 제조사: 뷰티솔루션 카테고리: 색조메이크업,https://shopping-phinf.pstatic.net/main_8217005/82170058263.11.jpg,1,미스코스몰,12900,12900,[공식수입원] NEW 무드매쳐 반전립스틱 11종 중 1종,82170058263,화장품/미용,100,색조메이크업
181,2026-05-29 05:30:37.195878,2026-05-29 05:30:37.195878,나틴다,브랜드: 나틴다 제조사: 씨앤오코스메틱 카테고리: 색조메이크업,https://shopping-phinf.pstatic.net/main_8253155/82531556950.8.jpg,1,뷰티풀닷컴 스토어,13000,13000,2개입1세트 나틴다 잘 묻어나지않고 안지워지는 반전 매직 타투 립스틱 지워지지않는 립 선물,82531556950,화장품/미용,100,색조메이크업
182,2026-05-29 05:30:37.198414,2026-05-29 05:30:37.198414,시에로코스메틱,브랜드: 시에로코스메틱 제조사: 한국콜마 카테고리: 색조메이크업,https://shopping-phinf.pstatic.net/main_5938660/59386608410.20260325141951.jpg,1,네이버,14700,14700,시에로코스메틱 젤러시 아카이브 플럼퍼 3.3g 1개,59386608410,화장품/미용,100,색조메이크업
183,2026-05-29 05:30:37.200841,2026-05-29 05:30:37.200841,에뛰드,브랜드: 에뛰드 카테고리: 색조메이크업,https://shopping-phinf.pstatic.net/main_8828455/88284557893.1.jpg,1,에뛰드 본사직영샵,8900,8900,[에뛰드] 컬러래스팅 글로우 스틱 3.2g (6 Colors),88284557893,화장품/미용,100,색조메이크업
184,2026-05-29 05:30:37.203263,2026-05-29 05:30:37.203263,입생로랑,브랜드: 입생로랑 제조사: 엘오케이 카테고리: 색조메이크업,https://shopping-phinf.pstatic.net/main_8677797/86777975299.1.jpg,1,리치캣,42800,42800,"[백화점] 입생로랑 캔디 글레이즈 컬러밤 립밤 5호 핑크 새티스팩션, 3.2g",86777975299,화장품/미용,100,색조메이크업
185,2026-05-29 05:30:37.205892,2026-05-29 05:30:37.205892,DIOR,브랜드: DIOR 제조사: DIOR 카테고리: 색조메이크업,https://shopping-phinf.pstatic.net/main_4498678/44986784691.jpg,1,현대Hmall,51870,51870,[현대미아점] [디올] 루즈 디올,44986784691,화장품/미용,100,색조메이크업
186,2026-05-29 05:30:37.208383,2026-05-29 05:30:37.208383,맥,브랜드: 맥 카테고리: 색조메이크업,https://shopping-phinf.pstatic.net/main_5965965/59659658201.jpg,1,현대Hmall,32490,32490,[현대미아점] [맥] 러스터글래스 립스틱,59659658201,화장품/미용,100,색조메이크업
187,2026-05-29 05:30:37.211155,2026-05-29 05:30:37.211155,헤라,브랜드: 헤라 제조사: 아모레퍼시픽 카테고리: 색조메이크업,https://shopping-phinf.pstatic.net/main_8474048/84740481746.12.jpg,1,헤라,40500,40500,헤라 센슈얼 파우더 매트 립스틱 3g,84740481746,화장품/미용,100,색조메이크업
188,2026-05-29 05:30:37.213778,2026-05-29 05:30:37.213778,나스,브랜드: 나스 제조사: 시세이도 카테고리: 색조메이크업,https://shopping-phinf.pstatic.net/main_5690711/56907117889.20250924153215.jpg,1,네이버,36900,36900,나스 익스플리싯 립스틱  템테이션,56907117889,화장품/미용,100,색조메이크업
189,2026-05-29 05:30:37.216376,2026-05-29 05:30:37.216376,비올리코,브랜드: 비올리코 카테고리: 색조메이크업,https://shopping-phinf.pstatic.net/main_8936546/89365467285.jpg,1,비올리코립스틱뷰티샵,12800,12800,안지워지는 지워지지않는 묻어나지않는 립스틱 웜톤 루즈 분홍 누드 미니 MLBB,89365467285,화장품/미용,100,색조메이크업
190,2026-05-29 05:30:37.219104,2026-05-29 05:30:37.219104,오휘,브랜드: 오휘 제조사: 엘지생활건강 카테고리: 색조메이크업,https://shopping-phinf.pstatic.net/main_5794038/57940387238.20251128121559.jpg,1,네이버,15420,15420,오휘 더 퍼스트 제너츄어 립스틱 로지 핑크 ,57940387238,화장품/미용,100,색조메이크업
191,2026-05-29 05:30:37.221904,2026-05-29 05:30:37.221904,CHANEL,브랜드: CHANEL 제조사: CHANEL 카테고리: 색조메이크업,https://shopping-phinf.pstatic.net/main_8710398/87103989294.2.jpg,1,에스엠마켓몰,58850,58850,샤넬 루쥬 코코 플래쉬 립스틱 90 쥬르,87103989294,화장품/미용,100,색조메이크업
192,2026-05-29 05:30:37.224644,2026-05-29 05:30:37.224644,샬랑드파리,브랜드: 샬랑드파리 카테고리: 색조메이크업,https://shopping-phinf.pstatic.net/main_5973603/59736030329.jpg,1,무신사,18400,18400,[샬랑 드 파리] 오뜨 쥬얼 샤인 립스틱 5COLORS OPUS-CP0824,59736030329,화장품/미용,100,색조메이크업
193,2026-05-29 05:30:37.227451,2026-05-29 05:30:37.227451,구찌,브랜드: 구찌 제조사: 구찌 카테고리: 색조메이크업,https://shopping-phinf.pstatic.net/main_8714547/87145478764.2.jpg,1,구찌뷰티,56700,56700,"[구찌뷰티] 구찌 립스틱, 루즈 아 레브르 브리앙 112 샐리 소프트 허니, 1.8g",87145478764,화장품/미용,100,색조메이크업
194,2026-05-29 05:30:37.230297,2026-05-29 05:30:37.230297,DIOR,브랜드: DIOR 카테고리: 색조메이크업,https://shopping-phinf.pstatic.net/main_5986195/59861958598.jpg,1,롯데ON,50150,50150,[롯데백화점] 디올 NEW 어딕트 글라스 립스틱 LE1221489167,59861958598,화장품/미용,100,색조메이크업
195,2026-05-29 05:30:37.232952,2026-05-29 05:30:37.232952,VOV,브랜드: VOV 제조사: 엘지생활건강 카테고리: 색조메이크업,https://shopping-phinf.pstatic.net/main_5945829/59458293202.20260330171000.jpg,1,네이버,5000,5000,VOV 캐시미어 립스틱 블러쉬 로즈,59458293202,화장품/미용,100,색조메이크업
196,2026-05-29 05:30:37.235612,2026-05-29 05:30:37.235612,"",제조사: 씨앤오코스메틱 카테고리: 색조메이크업,https://shopping-phinf.pstatic.net/main_8447068/84470688668.2.jpg,1,조우앤컴퍼니,13900,13900,승무원립스틱 말린장미 오래가는 잘안지워지는 나틴다 코랄 립스틱,84470688668,화장품/미용,100,색조메이크업
197,2026-05-29 05:30:37.238363,2026-05-29 05:30:37.238363,입생로랑,브랜드: 입생로랑 카테고리: 색조메이크업,https://shopping-phinf.pstatic.net/main_3043058/30430588779.13.jpg,1,신세계몰,46028,46028,[신세계백화점][강남점] NEW 캔디 글레이즈 글로스 밤,30430588779,화장품/미용,100,색조메이크업
198,2026-05-29 05:30:37.241132,2026-05-29 05:30:37.241132,MISSHA,브랜드: MISSHA 제조사: 코스맥스 카테고리: 색조메이크업,https://shopping-phinf.pstatic.net/main_5794182/57941820974.20251128145103.jpg,1,네이버,7940,7940,MISSHA 글램 아트 루즈 베이비코랄,57941820974,화장품/미용,100,색조메이크업
199,2026-05-29 05:30:37.24382,2026-05-29 05:30:37.24382,정샘물,브랜드: 정샘물 제조사: 코스맥스 카테고리: 색조메이크업,https://shopping-phinf.pstatic.net/main_5700191/57001910843.20250930144735.jpg,1,네이버,21690,21690,정샘물 뉴클래식 매트 립스틱 베이스 잇,57001910843,화장품/미용,100,색조메이크업
200,2026-05-29 05:30:37.246453,2026-05-29 05:30:37.246453,CHANEL,브랜드: CHANEL 제조사: CHANEL 카테고리: 색조메이크업,https://shopping-phinf.pstatic.net/main_9009711/90097117129.1.jpg,1,CHANEL,60000,60000,루쥬 알뤼르 벨벳 43 - 라 파보리트,90097117129,화장품/미용,100,색조메이크업
201,2026-05-29 05:30:37.526869,2026-05-29 05:30:37.526869,부쉬맨,브랜드: 부쉬맨 제조사: 한국콜마 카테고리: 선케어,https://shopping-phinf.pstatic.net/main_5192935/51929350628.20241213211312.jpg,1,네이버,29900,29900,"부쉬맨 워터프루프 프로 선크림 50ml(SPF50+), 2개",51929350628,화장품/미용,100,선케어
202,2026-05-29 05:30:37.530329,2026-05-29 05:30:37.530329,센텔리안24,브랜드: 센텔리안24 제조사: 동국제약 카테고리: 선케어,https://shopping-phinf.pstatic.net/main_5192950/51929505780.20260408180444.jpg,1,네이버,10710,10710,"센텔리안24 동국제약 마데카 더마 쉴드 세이프 톤업 선크림 50ml(SPF50+), 1개",51929505780,화장품/미용,100,선케어
203,2026-05-29 05:30:37.533858,2026-05-29 05:30:37.533858,에스트라,브랜드: 에스트라 제조사: 한국콜마 카테고리: 선케어,https://shopping-phinf.pstatic.net/main_5192928/51929286919.20241213210824.jpg,1,네이버,14260,14260,"에스트라 더마 유브이365 장벽수분 무기자차 선크림 40ml(SPF50+), 1개",51929286919,화장품/미용,100,선케어
204,2026-05-29 05:30:37.536781,2026-05-29 05:30:37.536781,헤라,브랜드: 헤라 제조사: 아모레퍼시픽 카테고리: 선케어,https://shopping-phinf.pstatic.net/main_5192949/51929498723.20241213220328.jpg,1,네이버,23800,23800,"헤라 유브이 프로텍터 톤업 선크림 50ml(SPF50+), 1개",51929498723,화장품/미용,100,선케어
205,2026-05-29 05:30:37.539618,2026-05-29 05:30:37.539618,쉬몬브레드,브랜드: 쉬몬브레드 제조사: 한국콜마 카테고리: 선케어,https://shopping-phinf.pstatic.net/main_5192935/51929351072.20250922115831.jpg,1,네이버,34200,34200,"쉬몬브레드 에센셜 메이크업 선로션 50ml(SPF50+), 1개",51929351072,화장품/미용,100,선케어
206,2026-05-29 05:30:37.542385,2026-05-29 05:30:37.542385,라운드랩,브랜드: 라운드랩 제조사: 한국콜마 카테고리: 선케어,https://shopping-phinf.pstatic.net/main_5192922/51929224064.20241213205603.jpg,1,네이버,39000,39000,"라운드랩 자작나무 수분 선크림 썬크림추천 올리브영 자외선차단제 50ml(SPF50+), 3개",51929224064,화장품/미용,100,선케어
207,2026-05-29 05:30:37.545264,2026-05-29 05:30:37.545264,달바,브랜드: 달바 제조사: 한국콜마 카테고리: 선케어,https://shopping-phinf.pstatic.net/main_5192921/51929210653.20241213204836.jpg,1,네이버,31000,31000,"달바 워터풀 톤업 선크림 50ml(SPF50+), 2개",51929210653,화장품/미용,100,선케어
208,2026-05-29 05:30:37.548104,2026-05-29 05:30:37.548104,"",제조사: 비알코스 카테고리: 선케어,https://shopping-phinf.pstatic.net/main_5847040/58470400974.20260428143929.jpg,1,네이버,35580,35580,"뷰에르 수분광채 에센스 선크림 50ml(SPF50), 1개",58470400974,화장품/미용,100,선케어
209,2026-05-29 05:30:37.550839,2026-05-29 05:30:37.550839,SNP,브랜드: SNP 제조사: 한국콜마 카테고리: 선케어,https://shopping-phinf.pstatic.net/main_5192948/51929482031.20250722162349.jpg,1,네이버,9500,9500,"SNP 유브이 퍼펙트 에어쿨 선 크림 50ml(SPF50+), 1개",51929482031,화장품/미용,100,선케어
210,2026-05-29 05:30:37.553463,2026-05-29 05:30:37.553463,인셀덤,브랜드: 인셀덤 제조사: 신세계인터코스코리아 카테고리: 선케어,https://shopping-phinf.pstatic.net/main_5698729/56987292513.20250929142417.jpg,1,네이버,25900,25900,"인셀덤 모이스쳐 레이어 선 프로텍터 50ml(SPF50+), 1개",56987292513,화장품/미용,100,선케어
211,2026-05-29 05:30:37.556075,2026-05-29 05:30:37.556075,구달,브랜드: 구달 제조사: 한국콜마 카테고리: 선케어,https://shopping-phinf.pstatic.net/main_5192954/51929541269.20241213221537.jpg,1,네이버,15990,15990,"구달 맑은 어성초 진정 수분 선크림 50ml(SPF50+), 2개",51929541269,화장품/미용,100,선케어
212,2026-05-29 05:30:37.558529,2026-05-29 05:30:37.558529,닥터지,브랜드: 닥터지 제조사: 코스맥스 카테고리: 선케어,https://shopping-phinf.pstatic.net/main_5192925/51929259712.20241213210022.jpg,1,네이버,22470,22470,"닥터지 브라이트닝 업 선 플러스 50ml(SPF50+), 2개",51929259712,화장품/미용,100,선케어
213,2026-05-29 05:30:37.561141,2026-05-29 05:30:37.561141,닥터지,브랜드: 닥터지 제조사: 한국콜마 카테고리: 선케어,https://shopping-phinf.pstatic.net/main_5192934/51929348975.20241213212132.jpg,1,네이버,17490,17490,"닥터지 그린 마일드 업 선 선크림 50ml(SPF50+), 2개",51929348975,화장품/미용,100,선케어
214,2026-05-29 05:30:37.563696,2026-05-29 05:30:37.563696,에스트라,브랜드: 에스트라 제조사: 코스비전 카테고리: 선케어,https://shopping-phinf.pstatic.net/main_5811774/58117744998.20251212194122.jpg,1,네이버,15580,15580,"에스트라 더마UV365 레드진정 톤업 선크림 SPF50+ PA++++ 민감피부 40ml, 1개",58117744998,화장품/미용,100,선케어
215,2026-05-29 05:30:37.566105,2026-05-29 05:30:37.566105,헤라,브랜드: 헤라 제조사: 아모레퍼시픽 카테고리: 선케어,https://shopping-phinf.pstatic.net/main_5192919/51929191465.20241213204931.jpg,1,네이버,29100,29100,"헤라 선 메이트 레포츠 프로 워터프루프 70ml(SPF50+), 1개",51929191465,화장품/미용,100,선케어
216,2026-05-29 05:30:37.568586,2026-05-29 05:30:37.568586,설화수,브랜드: 설화수 제조사: 아모레퍼시픽 카테고리: 선케어,https://shopping-phinf.pstatic.net/main_5192958/51929588773.20250211145546.jpg,1,네이버,44090,44090,"설화수 상백 톤업 선크림 50ml(신형, SPF50+), 1개",51929588773,화장품/미용,100,선케어
217,2026-05-29 05:30:37.570997,2026-05-29 05:30:37.570997,헤라,브랜드: 헤라 제조사: 아모레퍼시픽 카테고리: 선케어,https://shopping-phinf.pstatic.net/main_5192925/51929251129.20241213210533.jpg,1,네이버,34350,34350,"헤라 선 메이트 레포츠 70ml(SPF50), 2개",51929251129,화장품/미용,100,선케어
218,2026-05-29 05:30:37.573324,2026-05-29 05:30:37.573324,애터미,브랜드: 애터미 제조사: 한국콜마 카테고리: 선케어,https://shopping-phinf.pstatic.net/main_5843246/58432467190.20260130151103.jpg,1,네이버,5960,5960,"애터미 선크림 베이지 60ml(SPF50+), 1개",58432467190,화장품/미용,100,선케어
219,2026-05-29 05:30:37.575614,2026-05-29 05:30:37.575614,식물나라,브랜드: 식물나라 제조사: 코스맥스 카테고리: 선케어,https://shopping-phinf.pstatic.net/main_5802277/58022778297.20251231120859.jpg,1,네이버,11610,11610,"식물나라 가벼운 수분 선 젤 선크림 60ml, 2개",58022778297,화장품/미용,100,선케어
220,2026-05-29 05:30:37.57787,2026-05-29 05:30:37.57787,닥터문,브랜드: 닥터문 제조사: 에스제이엠코스메틱 카테고리: 선케어,https://shopping-phinf.pstatic.net/main_5192953/51929534201.20241213221524.jpg,1,네이버,14900,14900,"닥터문 알로에베라 선크림 500ml(SPF50+), 1개",51929534201,화장품/미용,100,선케어
221,2026-05-29 05:30:37.580131,2026-05-29 05:30:37.580131,달바,브랜드: 달바 제조사: 한국콜마 카테고리: 선케어,https://shopping-phinf.pstatic.net/main_5192906/51929060460.20241213204220.jpg,1,네이버,29500,29500,"달바 워터풀 마일드 선크림 50ml(SPF50+), 2개",51929060460,화장품/미용,100,선케어
222,2026-05-29 05:30:37.582489,2026-05-29 05:30:37.582489,랑콤,브랜드: 랑콤 제조사: 랑콤 카테고리: 선케어,https://shopping-phinf.pstatic.net/main_5192920/51929207625.20241213204739.jpg,1,네이버,55740,55740,"랑콤 유브이 엑스퍼트 유스 쉴드 밀키 브라이트 50ml(SPF50), 1개",51929207625,화장품/미용,100,선케어
223,2026-05-29 05:30:37.58492,2026-05-29 05:30:37.58492,비코,브랜드: 비코 제조사: 위노바 카테고리: 선케어,https://shopping-phinf.pstatic.net/main_5192923/51929237302.20241213205845.jpg,1,네이버,8900,8900,"비코 프리미엄 썬 크림 50ml(SPF50+), 1개",51929237302,화장품/미용,100,선케어
224,2026-05-29 05:30:37.587449,2026-05-29 05:30:37.587449,달바,브랜드: 달바 제조사: 코스메카코리아 카테고리: 선케어,https://shopping-phinf.pstatic.net/main_9057026/90570265665.11.jpg,1,달바 공식스토어,42900,42900,[리뉴얼VER/2개] 달바 커버 베이지 톤업 선크림 50mlX2개(3 Colors),90570265665,화장품/미용,100,선케어
225,2026-05-29 05:30:37.589927,2026-05-29 05:30:37.589927,일리윤,브랜드: 일리윤 제조사: 코스비전 카테고리: 선케어,https://shopping-phinf.pstatic.net/main_5192930/51929301402.20241213212154.jpg,1,네이버,17300,17300,"일리윤 저자극 이지워시 선크림 150ml(SPF50+), 1개",51929301402,화장품/미용,100,선케어
226,2026-05-29 05:30:37.592166,2026-05-29 05:30:37.592166,라운드랩,브랜드: 라운드랩 제조사: 한국콜마 카테고리: 선케어,https://shopping-phinf.pstatic.net/main_5192914/51929146460.20241213204302.jpg,1,네이버,39000,39000,"라운드랩 자작나무 수분 톤업 선크림 50ml(SPF50+), 3개",51929146460,화장품/미용,100,선케어
227,2026-05-29 05:30:37.594543,2026-05-29 05:30:37.594543,닥터지,브랜드: 닥터지 제조사: 한국콜마 카테고리: 선케어,https://shopping-phinf.pstatic.net/main_5192917/51929178171.20241213204334.jpg,1,네이버,5590,5590,"닥터지 메디 UV 울트라 선 50ml(SPF50+), 1개",51929178171,화장품/미용,100,선케어
228,2026-05-29 05:30:37.596741,2026-05-29 05:30:37.596741,코스놀로지,브랜드: 코스놀로지 카테고리: 선케어,https://shopping-phinf.pstatic.net/main_5906120/59061209650.20260226093107.jpg,1,네이버,14490,14490,"코스놀로지 슈퍼 워터프루프 에어리핏 시카 선크림 50ml(SPF50+), 1개",59061209650,화장품/미용,100,선케어
229,2026-05-29 05:30:37.598855,2026-05-29 05:30:37.598855,스킨1004,브랜드: 스킨1004 제조사: 한국콜마 카테고리: 선케어,https://shopping-phinf.pstatic.net/main_5192959/51929593885.20241213221827.jpg,1,네이버,11700,11700,"스킨1004 마다가스카르 센텔라 히알루 시카 워터핏 선 세럼 50ml(SPF50+), 1개",51929593885,화장품/미용,100,선케어
230,2026-05-29 05:30:37.601061,2026-05-29 05:30:37.601061,"",제조사: 코스맥스 카테고리: 선케어,https://shopping-phinf.pstatic.net/main_5806163/58061639075.20251208112639.jpg,1,네이버,26900,26900,"히읗 NEW 비타 워터플 선에센스 SPF50+ 50ml, 2개",58061639075,화장품/미용,100,선케어
231,2026-05-29 05:30:37.603276,2026-05-29 05:30:37.603276,제로이드,브랜드: 제로이드 제조사: 네오팜 카테고리: 선케어,https://shopping-phinf.pstatic.net/main_5192927/51929273927.20241213210741.jpg,1,네이버,25900,25900,"제로이드 이지워시 마일드 선크림 50ml(SPF30), 1개",51929273927,화장품/미용,100,선케어
232,2026-05-29 05:30:37.605497,2026-05-29 05:30:37.605497,아떼,브랜드: 아떼 제조사: 코스맥스 카테고리: 선케어,https://shopping-phinf.pstatic.net/main_5824548/58245488023.20260506124536.jpg,1,네이버,15940,15940,"아떼 비건 릴리프 무기자차 선크림 50ml(SPF50+), 1개",58245488023,화장품/미용,100,선케어
233,2026-05-29 05:30:37.607891,2026-05-29 05:30:37.607891,랑콤,브랜드: 랑콤 제조사: 랑콤 카테고리: 선케어,https://shopping-phinf.pstatic.net/main_5192925/51929254475.20241213210731.jpg,1,네이버,46990,46990,"랑콤 유브이 엑스퍼트 유스 쉴드 아쿠아 젤 50ml(SPF50), 1개",51929254475,화장품/미용,100,선케어
234,2026-05-29 05:30:37.610401,2026-05-29 05:30:37.610401,헤라,브랜드: 헤라 제조사: 아모레퍼시픽 카테고리: 선케어,https://shopping-phinf.pstatic.net/main_5192953/51929535418.20241213221604.jpg,1,네이버,14200,14200,"헤라 선 메이트 프로텍터 50ml(SPF50+), 1개",51929535418,화장품/미용,100,선케어
235,2026-05-29 05:30:37.61289,2026-05-29 05:30:37.61289,셀퓨전씨,브랜드: 셀퓨전씨 제조사: 한국콜마 카테고리: 선케어,https://shopping-phinf.pstatic.net/main_5192928/51929288660.20250609195152.jpg,1,네이버,12900,12900,"셀퓨전씨 레이저 UV 썬스크린 50ml(신형, SPF50+), 1개",51929288660,화장품/미용,100,선케어
236,2026-05-29 05:30:37.615377,2026-05-29 05:30:37.615377,달바,브랜드: 달바 제조사: 한국콜마 카테고리: 선케어,https://shopping-phinf.pstatic.net/main_5192919/51929197701.20241213204655.jpg,1,네이버,33000,33000,"달바 워터풀 톤업 퍼플 코렉팅 선크림 50ml(SPF50+), 2개",51929197701,화장품/미용,100,선케어
237,2026-05-29 05:30:37.617738,2026-05-29 05:30:37.617738,조선미녀,브랜드: 조선미녀 제조사: 한국콜마 카테고리: 선케어,https://shopping-phinf.pstatic.net/main_5192921/51929216915.20241213205116.jpg,1,네이버,7990,7990,"조선미녀 맑은쌀 선크림 50ml(SPF50+), 1개",51929216915,화장품/미용,100,선케어
238,2026-05-29 05:30:37.62023,2026-05-29 05:30:37.62023,푸드어홀릭,브랜드: 푸드어홀릭 제조사: 베로베코스메틱 카테고리: 선케어,https://shopping-phinf.pstatic.net/main_6022787/60227875937.20260529113528.jpg,1,네이버,40270,40270,"푸드어홀릭 멀티 선크림 70ml(SPF50+), 12개",60227875937,화장품/미용,100,선케어
239,2026-05-29 05:30:37.62278,2026-05-29 05:30:37.62278,에스쁘아,브랜드: 에스쁘아 제조사: 코스비전 카테고리: 선케어,https://shopping-phinf.pstatic.net/main_5192918/51929184562.20241213204908.jpg,1,네이버,17550,17550,"에스쁘아 워터 스플래쉬 선크림 세라마이드 60ml(SPF50+), 2개",51929184562,화장품/미용,100,선케어
240,2026-05-29 05:30:37.625268,2026-05-29 05:30:37.625268,랑콤,브랜드: 랑콤 제조사: 랑콤 카테고리: 선케어,https://shopping-phinf.pstatic.net/main_5192920/51929207381.20241213205612.jpg,1,네이버,47320,47320,"랑콤 UV 엑스퍼트 톤업 로지 블룸 50ml(SPF50+), 1개",51929207381,화장품/미용,100,선케어
241,2026-05-29 05:30:37.627742,2026-05-29 05:30:37.627742,입생로랑,브랜드: 입생로랑 제조사: 생로랑 카테고리: 선케어,https://shopping-phinf.pstatic.net/main_5192917/51929178937.20241213204219.jpg,1,네이버,64990,64990,"입생로랑 탑 시크릿 인스턴트 톤업 UV 40ml(SPF50+), 1개",51929178937,화장품/미용,100,선케어
242,2026-05-29 05:30:37.632462,2026-05-29 05:30:37.632462,식물나라,브랜드: 식물나라 제조사: 한국콜마 카테고리: 선케어,https://shopping-phinf.pstatic.net/main_5192952/51929521002.20250204170425.jpg,1,네이버,19700,19700,"식물나라 뽀얀쌀 생기 톤업 수분 선 크림 100ml(SPF50+), 2개",51929521002,화장품/미용,100,선케어
243,2026-05-29 05:30:37.638591,2026-05-29 05:30:37.638591,비오진,브랜드: 비오진 제조사: 코스맥스 카테고리: 선케어,https://shopping-phinf.pstatic.net/main_5936654/59366547450.20260401111858.jpg,1,네이버,11240,11240,"비오진 알부민 멜라 리셋 톤업 선크림 50ml(SPF50+), 1개",59366547450,화장품/미용,100,선케어
244,2026-05-29 05:30:37.642268,2026-05-29 05:30:37.642268,디에이이펙트,브랜드: 디에이이펙트 제조사: 코스맥스 카테고리: 선케어,https://shopping-phinf.pstatic.net/main_5804240/58042406679.20260206124155.jpg,1,네이버,35100,35100,"디에이이펙트 하이드로 선스크린 30ml(SPF50), 1개",58042406679,화장품/미용,100,선케어
245,2026-05-29 05:30:37.646295,2026-05-29 05:30:37.646295,달바,브랜드: 달바 제조사: 한국콜마 카테고리: 선케어,https://shopping-phinf.pstatic.net/main_5192943/51929437386.20241213220504.jpg,1,네이버,18950,18950,"달바 워터풀 에센스 선크림 50ml(SPF50+), 1개",51929437386,화장품/미용,100,선케어
246,2026-05-29 05:30:37.649542,2026-05-29 05:30:37.649542,라운드랩,브랜드: 라운드랩 제조사: 코스맥스 카테고리: 선케어,https://shopping-phinf.pstatic.net/main_8626532/86265325831.11.jpg,1,블랙 올리브,25400,25400,라운드랩 자작나무 수분 선크림 50ml+50ml (+20ml) 썬크림,86265325831,화장품/미용,100,선케어
247,2026-05-29 05:30:37.652817,2026-05-29 05:30:37.652817,MISSHA,브랜드: MISSHA 제조사: 에이블씨앤씨 카테고리: 선케어,https://shopping-phinf.pstatic.net/main_5192949/51929496898.20241213220440.jpg,1,네이버,12050,12050,"MISSHA 올 어라운드 세이프 블록 아쿠아선 50ml(SPF50+), 2개",51929496898,화장품/미용,100,선케어
248,2026-05-29 05:30:37.656942,2026-05-29 05:30:37.656942,헤라,브랜드: 헤라 제조사: 아모레퍼시픽 카테고리: 선케어,https://shopping-phinf.pstatic.net/main_5192950/51929508400.20241213221058.jpg,1,네이버,22900,22900,"헤라 유브이 프로텍터 멀티 디펜스 50ml(SPF50+), 1개",51929508400,화장품/미용,100,선케어
249,2026-05-29 05:30:37.660353,2026-05-29 05:30:37.660353,키엘,브랜드: 키엘 제조사: 키엘 카테고리: 선케어,https://shopping-phinf.pstatic.net/main_5192947/51929474294.20241213220337.jpg,1,네이버,33000,33000,"키엘 울트라 라이트 데일리 UV 디펜스 썬스크린 60ml(SPF50), 1개",51929474294,화장품/미용,100,선케어
250,2026-05-29 05:30:37.662789,2026-05-29 05:30:37.662789,풀리,브랜드: 풀리 제조사: 이미인 카테고리: 선케어,https://shopping-phinf.pstatic.net/main_5548435/55484351853.20250625152336.jpg,1,네이버,16510,16510,"풀리 쌀 세라 수분 선크림 50ml(SPF50+), 1개",55484351853,화장품/미용,100,선케어
251,2026-05-29 05:30:37.664968,2026-05-29 05:30:37.664968,닥터지,브랜드: 닥터지 제조사: 한국콜마 카테고리: 선케어,https://shopping-phinf.pstatic.net/main_5192925/51929252637.20241213205734.jpg,1,네이버,14060,14060,"닥터지 레드 블레미쉬 수딩 업 선 50ml(SPF50+), 2개",51929252637,화장품/미용,100,선케어
252,2026-05-29 05:30:37.667283,2026-05-29 05:30:37.667283,비플레인,브랜드: 비플레인 제조사: 한국콜마 카테고리: 선케어,https://shopping-phinf.pstatic.net/main_5485872/54858720392.20250519155419.jpg,1,네이버,13940,13940,"비플레인 녹두 쿨링 수분 선크림 50ml(SPF50+), 2개",54858720392,화장품/미용,100,선케어
253,2026-05-29 05:30:37.669939,2026-05-29 05:30:37.669939,제로이드,브랜드: 제로이드 제조사: 한국콜마 카테고리: 선케어,https://shopping-phinf.pstatic.net/main_5192920/51929205928.20241213204952.jpg,1,네이버,20590,20590,"제로이드 데일리 선크림 50ml(SPF50+), 1개",51929205928,화장품/미용,100,선케어
254,2026-05-29 05:30:37.67339,2026-05-29 05:30:37.67339,마녀공장,브랜드: 마녀공장 제조사: 한국콜마 카테고리: 선케어,https://shopping-phinf.pstatic.net/main_5192929/51929297455.20260408151748.jpg,1,네이버,21760,21760,"마녀공장 파데프리 선크림 50ml(SPF50+), 2개",51929297455,화장품/미용,100,선케어
255,2026-05-29 05:30:37.676532,2026-05-29 05:30:37.676532,설화수,브랜드: 설화수 제조사: 아모레퍼시픽 카테고리: 선케어,https://shopping-phinf.pstatic.net/main_5192943/51929436904.20241213220127.jpg,1,네이버,45820,45820,"설화수 상백선크림 50ml(SPF50+), 1개",51929436904,화장품/미용,100,선케어
256,2026-05-29 05:30:37.679881,2026-05-29 05:30:37.679881,차앤박,브랜드: 차앤박 카테고리: 선케어,https://shopping-phinf.pstatic.net/main_5192926/51929260798.20250417112237.jpg,1,네이버,23310,23310,"차앤박 톤업 프로텍션 선 50ml(SPF42), 2개",51929260798,화장품/미용,100,선케어
257,2026-05-29 05:30:37.683334,2026-05-29 05:30:37.683334,아이오페,브랜드: 아이오페 제조사: 아모레퍼시픽 카테고리: 선케어,https://shopping-phinf.pstatic.net/main_5192952/51929522651.20241213220657.jpg,1,네이버,20900,20900,"아이오페 UV 쉴드 선 프로텍터 50ml(SPF50+), 1개",51929522651,화장품/미용,100,선케어
258,2026-05-29 05:30:37.685805,2026-05-29 05:30:37.685805,아넷사,브랜드: 아넷사 제조사: 시세이도 카테고리: 선케어,https://shopping-phinf.pstatic.net/main_5192928/51929285852.20241213210657.jpg,1,네이버,20570,20570,"아넷사 퍼펙트 UV 선스크린 스킨케어 밀크 60ml(SPF50+), 1개",51929285852,화장품/미용,100,선케어
259,2026-05-29 05:30:37.688182,2026-05-29 05:30:37.688182,닥터지,브랜드: 닥터지 제조사: 한국콜마 카테고리: 선케어,https://shopping-phinf.pstatic.net/main_5976017/59760177932.20260423102408.jpg,1,네이버,25260,25260,"닥터지 그린 마일드 업 선 플러스 50ml x 2개 + 10ml x 3개(SPF50+), 1개",59760177932,화장품/미용,100,선케어
260,2026-05-29 05:30:37.69069,2026-05-29 05:30:37.69069,포레덤,브랜드: 포레덤 제조사: 코스온 카테고리: 선케어,https://shopping-phinf.pstatic.net/main_5192924/51929245624.20260528095509.jpg,1,네이버,17920,17920,"포레덤 더마 릴리프 비건 선크림 50ml(SPF50+), 1개",51929245624,화장품/미용,100,선케어
261,2026-05-29 05:30:37.693024,2026-05-29 05:30:37.693024,비오레,브랜드: 비오레 제조사: 비오레 카테고리: 선케어,https://shopping-phinf.pstatic.net/main_5698738/56987386911.20251027142555.jpg,1,네이버,5690,5690,"비오레  UV 아쿠아리치 워터리 에센스 선크림 SPF50+ 70ml, 1개",56987386911,화장품/미용,100,선케어
262,2026-05-29 05:30:37.695249,2026-05-29 05:30:37.695249,시세이도,브랜드: 시세이도 제조사: 시세이도 카테고리: 선케어,https://shopping-phinf.pstatic.net/main_5192918/51929181935.20241213204319.jpg,1,네이버,31980,31980,"시세이도 퍼펙트 UV 프로텍터 파란자차 50ml(SPF50+), 1개",51929181935,화장품/미용,100,선케어
263,2026-05-29 05:30:37.697272,2026-05-29 05:30:37.697272,셀퓨전씨,브랜드: 셀퓨전씨 제조사: 한국콜마 카테고리: 선케어,https://shopping-phinf.pstatic.net/main_5192936/51929361972.20241213211801.jpg,1,네이버,14320,14320,"셀퓨전씨 어드밴스드 클리어 썬스크린 100 50ml(SPF50+), 2개",51929361972,화장품/미용,100,선케어
264,2026-05-29 05:30:37.699115,2026-05-29 05:30:37.699115,더마비,브랜드: 더마비 제조사: 네오팜 카테고리: 선케어,https://shopping-phinf.pstatic.net/main_5192929/51929298198.20241213211620.jpg,1,네이버,12370,12370,"더마비 애브리데이 선블록 200ml(SPF50+), 1개",51929298198,화장품/미용,100,선케어
265,2026-05-29 05:30:37.701069,2026-05-29 05:30:37.701069,헤라,브랜드: 헤라 제조사: 아모레퍼시픽 카테고리: 선케어,https://shopping-phinf.pstatic.net/main_8597252/85972527303.6.jpg,1,감성저장소,40990,40990,헤라 선메이트 레포츠 70ml x 2개 (코스트코 헤라 선크림 썬크림),85972527303,화장품/미용,100,선케어
266,2026-05-29 05:30:37.702985,2026-05-29 05:30:37.702985,애터미,브랜드: 애터미 제조사: 한국콜마 카테고리: 선케어,https://shopping-phinf.pstatic.net/main_5192925/51929257683.20241213205930.jpg,1,네이버,13010,13010,"애터미 선크림 베이지 60ml(SPF50+), 2개",51929257683,화장품/미용,100,선케어
267,2026-05-29 05:30:37.706234,2026-05-29 05:30:37.706234,오휘,브랜드: 오휘 제조사: 엘지생활건강 카테고리: 선케어,https://shopping-phinf.pstatic.net/main_5192948/51929481373.20241213220426.jpg,1,네이버,13000,13000,"오휘 데이쉴드 퍼펙트 선 블랙 80ml(SPF50+), 1개",51929481373,화장품/미용,100,선케어
268,2026-05-29 05:30:37.711607,2026-05-29 05:30:37.711607,라운드랩,브랜드: 라운드랩 제조사: 한국콜마 카테고리: 선케어,https://shopping-phinf.pstatic.net/main_5192908/51929089410.20241213204129.jpg,1,네이버,16490,16490,"라운드랩 자작나무 무기자차 선크림 50ml(SPF50+), 1개",51929089410,화장품/미용,100,선케어
269,2026-05-29 05:30:37.713938,2026-05-29 05:30:37.713938,일리윤,브랜드: 일리윤 제조사: 코스비전 카테고리: 선케어,https://shopping-phinf.pstatic.net/main_8300987/83009874286.84.jpg,1,아모레퍼시픽몰 헤어바디,20900,20900,일리윤 대용량 저자극 온가족 이지워시 선크림 150ml SPF50+,83009874286,화장품/미용,100,선케어
270,2026-05-29 05:30:37.715993,2026-05-29 05:30:37.715993,부쉬맨,브랜드: 부쉬맨 제조사: 한국콜마 카테고리: 선케어,https://shopping-phinf.pstatic.net/main_8329175/83291753605.14.jpg,1,부쉬맨,29900,29900,"부쉬맨 워터프루프 프로 선크림 SPF50+ PA++++ 50ml, 2개",83291753605,화장품/미용,100,선케어
271,2026-05-29 05:30:37.71795,2026-05-29 05:30:37.71795,아이오페,브랜드: 아이오페 제조사: 아모레퍼시픽 카테고리: 선케어,https://shopping-phinf.pstatic.net/main_6018765/60187656525.20260526121744.jpg,1,네이버,29500,29500,"아이오페 유브이 쉴드 선 프로텍터 엑스피 40ml x 2개 + 20ml x 3개(SPF50+), 1개",60187656525,화장품/미용,100,선케어
272,2026-05-29 05:30:37.7205,2026-05-29 05:30:37.7205,이니스프리,브랜드: 이니스프리 제조사: 한국콜마 카테고리: 선케어,https://shopping-phinf.pstatic.net/main_5192925/51929251643.20241213205702.jpg,1,네이버,8100,8100,"이니스프리 톤업 노세범 선스크린 EX 60ml(SPF50+), 1개",51929251643,화장품/미용,100,선케어
273,2026-05-29 05:30:37.72242,2026-05-29 05:30:37.72242,AHC,브랜드: AHC 제조사: 한국콜마 카테고리: 선케어,https://shopping-phinf.pstatic.net/main_5192919/51929193308.20241213204913.jpg,1,네이버,12760,12760,"AHC 마스터즈 아쿠아 리치 선크림 30ml(SPF50+), 2개",51929193308,화장품/미용,100,선케어
274,2026-05-29 05:30:37.725374,2026-05-29 05:30:37.725374,도미나스,브랜드: 도미나스 제조사: 한국콜마 카테고리: 선케어,https://shopping-phinf.pstatic.net/main_5967660/59676603842.20260415164028.jpg,1,네이버,11720,11720,"도미나스 피그먼트 토닝 선스크린 40ml(SPF50+) , 1개",59676603842,화장품/미용,100,선케어
275,2026-05-29 05:30:37.727848,2026-05-29 05:30:37.727848,센텔리안24,브랜드: 센텔리안24 제조사: 동국제약 카테고리: 선케어,https://shopping-phinf.pstatic.net/main_8831979/88319798052.jpg,1,여인닷컴,21900,21900,"[본사공식] 센텔리안24 마데카 더마쉴드 세이프 톤업 선크림 50ml, 2개",88319798052,화장품/미용,100,선케어
276,2026-05-29 05:30:37.729778,2026-05-29 05:30:37.729778,인셀덤,브랜드: 인셀덤 제조사: 신세계인터코스코리아 카테고리: 선케어,https://shopping-phinf.pstatic.net/main_5192957/51929579688.20241213221341.jpg,1,네이버,27720,27720,"인셀덤 아쿠아 프로텍션 선 젤 50ml(SPF45), 1개",51929579688,화장품/미용,100,선케어
277,2026-05-29 05:30:37.736004,2026-05-29 05:30:37.736004,니베아,브랜드: 니베아 카테고리: 선케어,https://shopping-phinf.pstatic.net/main_5192929/51929293904.20241213211049.jpg,1,네이버,19180,19180,"니베아 울트라 센서티브 선 로션 200ml(SPF50+), 2개",51929293904,화장품/미용,100,선케어
278,2026-05-29 05:30:37.739211,2026-05-29 05:30:37.739211,헤라,브랜드: 헤라 제조사: 아모레퍼시픽 카테고리: 선케어,https://shopping-phinf.pstatic.net/main_5646486/56464869592.20250828091509.jpg,1,네이버,37900,37900,"헤라 유브이 프로텍터 톤업 선크림 50ml+40ml(SPF50+), 1개",56464869592,화장품/미용,100,선케어
279,2026-05-29 05:30:37.741868,2026-05-29 05:30:37.741868,애터미,브랜드: 애터미 제조사: 한국콜마 카테고리: 선케어,https://shopping-phinf.pstatic.net/main_5192902/51929029737.20241213202706.jpg,1,네이버,6120,6120,"애터미 선크림 화이트 60ml(SPF50+), 1개",51929029737,화장품/미용,100,선케어
280,2026-05-29 05:30:37.746429,2026-05-29 05:30:37.746429,김정문알로에,브랜드: 김정문알로에 제조사: 한국화장품 카테고리: 선케어,https://shopping-phinf.pstatic.net/main_5192925/51929255473.20241213210515.jpg,1,네이버,14170,14170,"김정문알로에 큐어 워터 스플래쉬 쿨링 선크림 40ml(SPF50+), 2개",51929255473,화장품/미용,100,선케어
281,2026-05-29 05:30:37.748826,2026-05-29 05:30:37.748826,비오레,브랜드: 비오레 제조사: 비오레 카테고리: 선케어,https://shopping-phinf.pstatic.net/main_5686358/56863585087.20250922150424.jpg,1,네이버,5000,5000,"비오레 UV 아쿠아 리치 프로텍트 미스트 SPF50/PA++++ 60ml, 1개",56863585087,화장품/미용,100,선케어
282,2026-05-29 05:30:37.751807,2026-05-29 05:30:37.751807,싸이닉,브랜드: 싸이닉 제조사: 코스맥스 카테고리: 선케어,https://shopping-phinf.pstatic.net/main_5192951/51929510995.20241213220856.jpg,1,네이버,10890,10890,"싸이닉 엔조이 슈퍼 마일드 썬 에센스 50ml(SPF50+), 2개",51929510995,화장품/미용,100,선케어
283,2026-05-29 05:30:37.755362,2026-05-29 05:30:37.755362,메이크프렘,브랜드: 메이크프렘 제조사: 한국콜마 카테고리: 선케어,https://shopping-phinf.pstatic.net/main_5192930/51929307659.20241213211057.jpg,1,네이버,14530,14530,"메이크프렘 유브이 디펜스 미 노세범 선크림 50ml(SPF50+), 1개",51929307659,화장품/미용,100,선케어
284,2026-05-29 05:30:37.758731,2026-05-29 05:30:37.758731,한율,브랜드: 한율 제조사: 아모레퍼시픽 카테고리: 선케어,https://shopping-phinf.pstatic.net/main_5192917/51929174871.20241213204141.jpg,1,네이버,19450,19450,"한율 흰감국 광채 선크림 70ml(SPF50+), 1개",51929174871,화장품/미용,100,선케어
285,2026-05-29 05:30:37.761145,2026-05-29 05:30:37.761145,더후,브랜드: 더후 제조사: 엘지생활건강 카테고리: 선케어,https://shopping-phinf.pstatic.net/main_5192901/51929011316.20241213203044.jpg,1,네이버,17000,17000,"더후 공진향 진해윤 선크림 60ml(SPF50+), 1개",51929011316,화장품/미용,100,선케어
286,2026-05-29 05:30:37.763459,2026-05-29 05:30:37.763459,쉬몬브레드,브랜드: 쉬몬브레드 제조사: 한국콜마 카테고리: 선케어,https://shopping-phinf.pstatic.net/main_8376879/83768797108.16.jpg,1,쉬몬브레드,38000,38000,쉬몬브레드 에센셜 메이크업 선로션 50ml(SPF50+),83768797108,화장품/미용,100,선케어
287,2026-05-29 05:30:37.765887,2026-05-29 05:30:37.765887,프롬리에,브랜드: 프롬리에 카테고리: 선케어,https://shopping-phinf.pstatic.net/main_5192948/51929480964.20241213220106.jpg,1,네이버,21270,21270,"프롬리에 비건 EGF 시카 워터 선앰플 56ml(SPF50+), 1개",51929480964,화장품/미용,100,선케어
288,2026-05-29 05:30:37.768992,2026-05-29 05:30:37.768992,메디힐,브랜드: 메디힐 제조사: 코스맥스 카테고리: 선케어,https://shopping-phinf.pstatic.net/main_5599714/55997145708.20260504191356.jpg,1,네이버,20490,20490,"메디힐 마데카소사이드 수분 선세럼 50ml(SPF50+), 2개",55997145708,화장품/미용,100,선케어
289,2026-05-29 05:30:37.771689,2026-05-29 05:30:37.771689,AHC,브랜드: AHC 제조사: 코스맥스 카테고리: 선케어,https://shopping-phinf.pstatic.net/main_5950322/59503220554.20260402103335.jpg,1,네이버,23300,23300,"AHC 메이크업핏 마스터즈 톤업 선세럼 50ml(SPF50+), 2개",59503220554,화장품/미용,100,선케어
290,2026-05-29 05:30:37.77407,2026-05-29 05:30:37.77407,벤튼,브랜드: 벤튼 제조사: 벤튼 카테고리: 선케어,https://shopping-phinf.pstatic.net/main_5192906/51929060024.20241213203934.jpg,1,네이버,15900,15900,"벤튼 시카 수분 선세럼 50ml(SPF50+), 1개",51929060024,화장품/미용,100,선케어
291,2026-05-29 05:30:37.77617,2026-05-29 05:30:37.77617,"",제조사: 이노코스마레버러토리 카테고리: 선케어,https://shopping-phinf.pstatic.net/main_5192955/51929552916.20241213221331.jpg,1,네이버,31560,31560,"이노스킨랩 멀티프로텍션 선크림 60ml(SPF50), 1개",51929552916,화장품/미용,100,선케어
292,2026-05-29 05:30:37.778406,2026-05-29 05:30:37.778406,닥터지,브랜드: 닥터지 제조사: 한국콜마 카테고리: 선케어,https://shopping-phinf.pstatic.net/main_5192919/51929196491.20241213205312.jpg,1,네이버,13360,13360,"닥터지 메디 UV 울트라 업 선 플러스 50ml(SPF50+), 2개",51929196491,화장품/미용,100,선케어
293,2026-05-29 05:30:37.780987,2026-05-29 05:30:37.780987,이니스프리,브랜드: 이니스프리 제조사: 한국콜마 카테고리: 선케어,https://shopping-phinf.pstatic.net/main_5192921/51929210343.20241213205800.jpg,1,네이버,23500,23500,"이니스프리 트루 히알루론 선크림 50ml(SPF50+), 2개",51929210343,화장품/미용,100,선케어
294,2026-05-29 05:30:37.783288,2026-05-29 05:30:37.783288,이자녹스,브랜드: 이자녹스 제조사: 엘지생활건강 카테고리: 선케어,https://shopping-phinf.pstatic.net/main_5192901/51929013486.20241213203020.jpg,1,네이버,26000,26000,"이자녹스 UV 선프로 365 데일리 선크림 70ml(SPF50+), 2개",51929013486,화장품/미용,100,선케어
295,2026-05-29 05:30:37.790341,2026-05-29 05:30:37.790341,히스토랩,브랜드: 히스토랩 제조사: 메디안스 카테고리: 선케어,https://shopping-phinf.pstatic.net/main_5192951/51929514685.20241213220620.jpg,1,네이버,27110,27110,"히스토랩 센시티브 스킨 선 블럭 포에버 플러스 50ml(SPF50+), 1개",51929514685,화장품/미용,100,선케어
296,2026-05-29 05:30:37.79425,2026-05-29 05:30:37.79425,MISSHA,브랜드: MISSHA 제조사: 한국콜마 카테고리: 선케어,https://shopping-phinf.pstatic.net/main_5192951/51929512675.20241213220610.jpg,1,네이버,17640,17640,"MISSHA 세이프 블록 RX 커버 톤업 선 50ml(SPF50+), 2개",51929512675,화장품/미용,100,선케어
297,2026-05-29 05:30:37.796487,2026-05-29 05:30:37.796487,닥터지,브랜드: 닥터지 제조사: 신세계인터코스코리아 카테고리: 선케어,https://shopping-phinf.pstatic.net/main_5192931/51929315781.20241213211331.jpg,1,네이버,10500,10500,"닥터지 그린 마일드 업 선 50ml(SPF50+), 1개",51929315781,화장품/미용,100,선케어
298,2026-05-29 05:30:37.800487,2026-05-29 05:30:37.800487,헤라,브랜드: 헤라 제조사: 한국콜마 카테고리: 선케어,https://shopping-phinf.pstatic.net/main_5882491/58824912126.20260206110927.jpg,1,네이버,28380,28380,"헤라 유브이 프로텍터 씨씨 내츄럴 50ml(SPF50+), 1개",58824912126,화장품/미용,100,선케어
299,2026-05-29 05:30:37.803295,2026-05-29 05:30:37.803295,셀퓨전씨,브랜드: 셀퓨전씨 제조사: 코스맥스 카테고리: 선케어,https://shopping-phinf.pstatic.net/main_5580083/55800839208.20250715174552.jpg,1,네이버,32000,32000,"셀퓨전씨 잡티 토닝 썬스크린 50ml(SPF50+), 2개",55800839208,화장품/미용,100,선케어
300,2026-05-29 05:30:37.807355,2026-05-29 05:30:37.807355,에스트라,브랜드: 에스트라 카테고리: 선케어,https://shopping-phinf.pstatic.net/main_8873602/88736024272.jpg,1,아리따움 모현배산점,21700,21700,에스트라 더마UV365 장벽수분 무기자차 단품 기획세트 40ml+20ml,88736024272,화장품/미용,100,선케어
301,2026-05-29 05:30:38.089639,2026-05-29 05:30:38.089639,"",카테고리: 여성의류,https://shopping-phinf.pstatic.net/main_8570327/85703272073.16.jpg,1,제이X제곱,10800,10800,여성 반팔티 면 오버핏 브이넥 여름 기본 이너 레이어드 흰티 빅사이즈 박스티,85703272073,패션의류,100,여성의류
302,2026-05-29 05:30:38.093935,2026-05-29 05:30:38.093935,"",카테고리: 여성의류,https://shopping-phinf.pstatic.net/main_8798002/87980025619.4.jpg,1,샤인샵몰,6900,6900,여성 골지 나시티 시원한 쿨소재 레이어드 이너,87980025619,패션의류,100,여성의류
303,2026-05-29 05:30:38.096964,2026-05-29 05:30:38.096964,폴로랄프로렌,브랜드: 폴로랄프로렌 제조사: 폴로랄프로렌 카테고리: 여성의류,https://shopping-phinf.pstatic.net/main_8234537/82345379802.16.jpg,1,포니홀릭,69000,69000,폴로 랄프로렌 반팔 티셔츠 기본 323-8329040/36B,82345379802,패션의류,100,여성의류
304,2026-05-29 05:30:38.099774,2026-05-29 05:30:38.099774,"",카테고리: 여성의류,https://shopping-phinf.pstatic.net/main_8605696/86056965396.3.jpg,1,솔리데이,14900,14900,자체제작 유넥 티셔츠 브이넥 반팔티 여성 흰티 기본 모달 이너 봄 솔리데이,86056965396,패션의류,100,여성의류
305,2026-05-29 05:30:38.10208,2026-05-29 05:30:38.10208,마뗑킴,브랜드: 마뗑킴 카테고리: 여성의류,https://shopping-phinf.pstatic.net/main_5931996/59319968083.20260319152952.jpg,1,네이버,43200,43200,마뗑킴 스몰 로고 티셔츠 3장 세트,59319968083,패션의류,100,여성의류
306,2026-05-29 05:30:38.105017,2026-05-29 05:30:38.105017,"",카테고리: 여성의류,https://shopping-phinf.pstatic.net/main_8749622/87496220422.20.jpg,1,해시노멀,11500,11500,여성 반팔티 모달 면 이너 봄 여름 긴팔 유넥 단가라 오버핏 골지 기본티 레이어드,87496220422,패션의류,100,여성의류
307,2026-05-29 05:30:38.108303,2026-05-29 05:30:38.108303,"",카테고리: 여성의류,https://shopping-phinf.pstatic.net/main_8671817/86718179950.36.jpg,1,제이X제곱,10900,10900,여성 긴팔티 반팔티 빅사이즈 루즈핏 면 라운드 이너 레이어드 박스 봄,86718179950,패션의류,100,여성의류
308,2026-05-29 05:30:38.110998,2026-05-29 05:30:38.110998,"",카테고리: 여성의류,https://shopping-phinf.pstatic.net/main_8786880/87868809729.3.jpg,1,아오브 aob,12900,12900,아오브 여성티셔츠 반팔 텐셀티 모달 면 크롭티 국내제작,87868809729,패션의류,100,여성의류
309,2026-05-29 05:30:38.113767,2026-05-29 05:30:38.113767,"",카테고리: 여성의류,https://shopping-phinf.pstatic.net/main_8242274/82422748260.7.jpg,1,2030마켓,9800,9800,25종 여성 빅사이즈 캐쥬얼 여름 커플 오버핏 레터링 캐릭터 박스 롱 반팔 티셔츠,82422748260,패션의류,100,여성의류
310,2026-05-29 05:30:38.116375,2026-05-29 05:30:38.116375,미쏘,브랜드: 미쏘 제조사: 이랜드 카테고리: 여성의류,https://shopping-phinf.pstatic.net/main_5928891/59288913633.20260321001152.jpg,1,네이버,26880,26880,미쏘 카울넥 반팔 티셔츠 MIWHWG502A,59288913633,패션의류,100,여성의류
311,2026-05-29 05:30:38.119054,2026-05-29 05:30:38.119054,"",카테고리: 여성의류,https://shopping-phinf.pstatic.net/main_9011014/90110149408.3.jpg,1,티공사서울,12900,12900,[왼가슴 기본인쇄] 단체티 제작 반티 교회티 유니폼 로고 인쇄 나염 자수 아메리칸 클래식,90110149408,패션의류,100,여성의류
312,2026-05-29 05:30:38.121655,2026-05-29 05:30:38.121655,"",카테고리: 여성의류,https://shopping-phinf.pstatic.net/main_8296974/82969742424.148.jpg,1,러블리원7,11500,11500,여름 여자 긴팔 반팔 티 티셔츠 면 모달 무지 레이어드 이너 롱 브이넥 크롭 라운드 7부,82969742424,패션의류,100,여성의류
313,2026-05-29 05:30:38.124328,2026-05-29 05:30:38.124328,"",카테고리: 여성의류,https://shopping-phinf.pstatic.net/main_8581402/85814022455.52.jpg,1,제이X제곱,11000,11000,여성 긴팔티 반팔티 모달 스판 라운드 유넥 이너 7부 시스루실켓 골지 레이어드 흰티 봄,85814022455,패션의류,100,여성의류
314,2026-05-29 05:30:38.127014,2026-05-29 05:30:38.127014,"",카테고리: 여성의류,https://shopping-phinf.pstatic.net/main_8320123/83201233332.6.jpg,1,바디 초이스,13900,13900,여성 노브라 티셔츠 노브라티 브라티 캡내장 반팔,83201233332,패션의류,100,여성의류
315,2026-05-29 05:30:38.129501,2026-05-29 05:30:38.129501,"",카테고리: 여성의류,https://shopping-phinf.pstatic.net/main_8775504/87755040369.jpg,1,HW샵,10900,10900,여름 라운드 면 민소매 나시티 레이어드 이너 흰색 회색 검정 실켓티셔츠,87755040369,패션의류,100,여성의류
316,2026-05-29 05:30:38.131937,2026-05-29 05:30:38.131937,라코스테,브랜드: 라코스테 제조사: 라코스테 카테고리: 여성의류,https://shopping-phinf.pstatic.net/main_5974805/59748053859.20260421171703.jpg,1,네이버,170100,170100,라코스테 사선플라켓 폴로 셔츠 PF610E 56G,59748053859,패션의류,100,여성의류
317,2026-05-29 05:30:38.134271,2026-05-29 05:30:38.134271,"",카테고리: 여성의류,https://shopping-phinf.pstatic.net/main_8199839/81998390556.5.jpg,1,티89,5900,5900,기능성 여름 반팔 쿨링 티셔츠 라운드 쿨론 쿨티 운동티 헬스 작업복,81998390556,패션의류,100,여성의류
318,2026-05-29 05:30:38.136472,2026-05-29 05:30:38.136472,나이키,브랜드: 나이키 제조사: 나이키 카테고리: 여성의류,https://shopping-phinf.pstatic.net/main_8244986/82449864748.9.jpg,1,Plan Z,39000,39000,나이키 여자 반팔 카라티 폴로 크롭 드라이핏 러닝 헬스 루즈핏 아디다스 탱크탑 티셔츠,82449864748,패션의류,100,여성의류
319,2026-05-29 05:30:38.138832,2026-05-29 05:30:38.138832,"",카테고리: 여성의류,https://shopping-phinf.pstatic.net/main_8310494/83104945290.1.jpg,1,온리예,10900,10900,여자 여름 거즈 면 얇은 긴팔 티 롱 슬라브 티셔츠 시스루 박스 빅사이즈 임부복,83104945290,패션의류,100,여성의류
320,2026-05-29 05:30:38.141229,2026-05-29 05:30:38.141229,"",카테고리: 여성의류,https://shopping-phinf.pstatic.net/main_8940512/89405128605.29.jpg,1,아일랜드777,10800,10800,여성 티셔츠 반팔티 여름 긴팔티 빅사이즈 오버핏 루즈핏,89405128605,패션의류,100,여성의류
321,2026-05-29 05:30:38.143626,2026-05-29 05:30:38.143626,"",카테고리: 여성의류,https://shopping-phinf.pstatic.net/main_8938074/89380745807.jpg,1,체은아,11900,11900,무밴딩 노브라티 브라티셔츠 캡내장 브라캡 반팔 기본 홈웨어,89380745807,패션의류,100,여성의류
322,2026-05-29 05:30:38.14582,2026-05-29 05:30:38.14582,프린트스타,브랜드: 프린트스타 카테고리: 여성의류,https://shopping-phinf.pstatic.net/main_9059055/90590559130.2.jpg,1,낭만을담아가게,7500,7500,면 티셔츠 주문 제작 단체티 주문 반팔 소량 프린팅 커스텀 인쇄 17수,90590559130,패션의류,100,여성의류
323,2026-05-29 05:30:38.186197,2026-05-29 05:30:38.186197,"",카테고리: 여성의류,https://shopping-phinf.pstatic.net/main_8931312/89313126073.12.jpg,1,제이X제곱,11900,11900,여성 기본 반팔티 여름 면 린넨 모달티 이너 세미 크롭티셔츠 무지티 데일리룩,89313126073,패션의류,100,여성의류
324,2026-05-29 05:30:38.193308,2026-05-29 05:30:38.193308,센존블루라벨,브랜드: 센존블루라벨 카테고리: 여성의류,https://shopping-phinf.pstatic.net/main_5928991/59289914445.20260317191734.jpg,1,네이버,107030,107030,센존블루라벨 이집트기자면 더블페이스 돌먼 티셔츠,59289914445,패션의류,100,여성의류
325,2026-05-29 05:30:38.196139,2026-05-29 05:30:38.196139,아이앤비,브랜드: 아이앤비 카테고리: 여성의류,https://shopping-phinf.pstatic.net/main_8417605/84176058771.1.jpg,1,이너샵,4900,4900,국산 여성 면스판 민소매 레이어드 기본 베이직 나시 티 흰색 검정 빅사이즈,84176058771,패션의류,100,여성의류
326,2026-05-29 05:30:38.200082,2026-05-29 05:30:38.200082,유니렉스,브랜드: 유니렉스 카테고리: 여성의류,https://shopping-phinf.pstatic.net/main_8265309/82653090431.9.jpg,1,티싸요,10900,10900,[기본인쇄포함] 카라 단체티 주문 제작 티셔츠 기능성 쿨론 반팔 소량 유니폼 인쇄,82653090431,패션의류,100,여성의류
327,2026-05-29 05:30:38.206133,2026-05-29 05:30:38.206133,"",카테고리: 여성의류,https://shopping-phinf.pstatic.net/main_8395598/83955987115.29.jpg,1,라씨벨,11900,11900,에이블앤코 기본레이어드티 세미크롭 여성 반팔 긴팔 흰색 검정티 면 모달 유넥 이너티셔츠,83955987115,패션의류,100,여성의류
328,2026-05-29 05:30:38.208739,2026-05-29 05:30:38.208739,프로젝트엠,브랜드: 프로젝트엠 제조사: 에이션패션 카테고리: 여성의류,https://shopping-phinf.pstatic.net/main_8920264/89202642481.2.jpg,1,프로젝트엠 공식 스토어,11900,11900,프로젝트엠 여성 콜라보 쿨텐션 와펜 반팔티_EPF2TR2952,89202642481,패션의류,100,여성의류
329,2026-05-29 05:30:38.211261,2026-05-29 05:30:38.211261,폴햄,브랜드: 폴햄 제조사: 에이션패션 카테고리: 여성의류,https://shopping-phinf.pstatic.net/main_5373500/53735000308.20250507111116.jpg,1,네이버,9900,9900,폴햄 코숏 쿨텐션 빅그래픽 반팔티셔츠 PHF2TS2240A,53735000308,패션의류,100,여성의류
330,2026-05-29 05:30:38.214006,2026-05-29 05:30:38.214006,아워호프,브랜드: 아워호프 카테고리: 여성의류,https://shopping-phinf.pstatic.net/main_5817446/58174464620.20251217113056.jpg,1,네이버,37050,37050,아워호프 마가렛 아트워크 티셔츠 H24SM1 TS07,58174464620,패션의류,100,여성의류
331,2026-05-29 05:30:38.216973,2026-05-29 05:30:38.216973,설레봄,브랜드: 설레봄 카테고리: 여성의류,https://shopping-phinf.pstatic.net/main_8287602/82876023124.3.jpg,1,설레봄.,7870,7870,설레봄 레이어드 나시 티셔츠 반팔 롱기장 이너 롱티 오버핏 크롭 빅사이즈,82876023124,패션의류,100,여성의류
332,2026-05-29 05:30:38.219365,2026-05-29 05:30:38.219365,온앤온,브랜드: 온앤온 제조사: 보끄레머천다이징 카테고리: 여성의류,https://shopping-phinf.pstatic.net/main_5928972/59289727905.20260318055549.jpg,1,네이버,39000,39000,온앤온 뒷슬릿 플리츠 티셔츠,59289727905,패션의류,100,여성의류
333,2026-05-29 05:30:38.221575,2026-05-29 05:30:38.221575,폴로랄프로렌,브랜드: 폴로랄프로렌 제조사: 폴로 카테고리: 여성의류,https://shopping-phinf.pstatic.net/main_5936366/59363669302.jpg,1,GSSHOP,59310,59310,폴로랄프로렌 여성 PK 반팔 카라티,59363669302,패션의류,100,여성의류
334,2026-05-29 05:30:38.223911,2026-05-29 05:30:38.223911,폴로,브랜드: 폴로 제조사: 폴로 카테고리: 여성의류,https://shopping-phinf.pstatic.net/main_8271503/82715034885.1.jpg,1,스타일21,39900,39900,폴로랄프로렌 보이즈 베이직 포니 라운드 반팔티 323674984 323720703,82715034885,패션의류,100,여성의류
335,2026-05-29 05:30:38.2261,2026-05-29 05:30:38.2261,라코스테,브랜드: 라코스테 제조사: 라코스테 카테고리: 여성의류,https://shopping-phinf.pstatic.net/main_5974837/59748374283.20260421174811.jpg,1,네이버,100170,100170,라코스테 베이직 레귤러핏 폴로 셔츠 PF7839 56G,59748374283,패션의류,100,여성의류
336,2026-05-29 05:30:38.228955,2026-05-29 05:30:38.228955,바이브리짓,브랜드: 바이브리짓 카테고리: 여성의류,https://shopping-phinf.pstatic.net/main_5894463/58944637117.20260217033805.jpg,1,네이버,39890,39890,바이브리짓 이집트 GIZA 코튼100 티셔츠,58944637117,패션의류,100,여성의류
337,2026-05-29 05:30:38.232178,2026-05-29 05:30:38.232178,탑텐,브랜드: 탑텐 제조사: 탑텐 카테고리: 여성의류,https://shopping-phinf.pstatic.net/main_5821444/58214449705.20251223110450.jpg,1,네이버,14890,14890,탑텐 COOL Air 코튼 크루넥 T 반팔 MSG2TS2017,58214449705,패션의류,100,여성의류
338,2026-05-29 05:30:38.23607,2026-05-29 05:30:38.23607,빈폴레이디스,브랜드: 빈폴레이디스 제조사: 삼성물산 카테고리: 여성의류,https://shopping-phinf.pstatic.net/main_5976289/59762899454.20260422165814.jpg,1,네이버,78350,78350,빈폴레이디스 스트라이프 반소매 티셔츠 BF6342E11,59762899454,패션의류,100,여성의류
339,2026-05-29 05:30:38.238497,2026-05-29 05:30:38.238497,"",카테고리: 여성의류,https://shopping-phinf.pstatic.net/main_5919502/59195029754.20260309203131.jpg,1,네이버,34590,34590,텐업 26SS 코튼100 7부소매 티셔츠,59195029754,패션의류,100,여성의류
340,2026-05-29 05:30:38.240733,2026-05-29 05:30:38.240733,바띠소띠,브랜드: 바띠소띠 카테고리: 여성의류,https://shopping-phinf.pstatic.net/main_8905781/89057818083.jpg,1,바띠소띠,18900,18900,보트넥나시 민소매 이너 모달티셔츠 여름 면나시 세미크롭 탑,89057818083,패션의류,100,여성의류
341,2026-05-29 05:30:38.24327,2026-05-29 05:30:38.24327,"",카테고리: 여성의류,https://shopping-phinf.pstatic.net/main_8028245/80282458877.3.jpg,1,코이블리,14900,14900,스퀘어넥 민소매 탑 세미 여자 크롭티 이너티 여름 여성 티셔츠 레이어드 여성 나시티 탱크탑,80282458877,패션의류,100,여성의류
342,2026-05-29 05:30:38.245564,2026-05-29 05:30:38.245564,타미힐피거,브랜드: 타미힐피거 제조사: 타미힐피거 카테고리: 여성의류,https://shopping-phinf.pstatic.net/main_8399386/83993867988.2.jpg,1,포니홀릭,39000,39000,타미힐피거 플래그 반팔 티셔츠,83993867988,패션의류,100,여성의류
343,2026-05-29 05:30:38.250202,2026-05-29 05:30:38.250202,꼼데가르송,브랜드: 꼼데가르송 제조사: 꼼데가르송 카테고리: 여성의류,https://shopping-phinf.pstatic.net/main_8596577/85965771668.2.jpg,1,레이바쿠,79570,79570,꼼데가르송 반팔티 기본와펜 남자 여자,85965771668,패션의류,100,여성의류
344,2026-05-29 05:30:38.252526,2026-05-29 05:30:38.252526,"",카테고리: 여성의류,https://shopping-phinf.pstatic.net/main_8252623/82526236837.2.jpg,1,머피,17100,17100,(1+1) 유넥 레이온 스판 무지 민소매 나시 티셔츠,82526236837,패션의류,100,여성의류
345,2026-05-29 05:30:38.254815,2026-05-29 05:30:38.254815,더엣지,브랜드: 더엣지 카테고리: 여성의류,https://shopping-phinf.pstatic.net/main_5937892/59378921613.20260325011039.jpg,1,네이버,59900,59900,더엣지 26SS 리브드 브라탑 4종세트,59378921613,패션의류,100,여성의류
346,2026-05-29 05:30:38.256936,2026-05-29 05:30:38.256936,마리끌레르,브랜드: 마리끌레르 제조사: 마리끌레르 카테고리: 여성의류,https://shopping-phinf.pstatic.net/main_5893787/58937874466.20260216005451.jpg,1,네이버,14700,14700,마리끌레르 링거 반팔 티셔츠 MAGBTS10M,58937874466,패션의류,100,여성의류
347,2026-05-29 05:30:38.259065,2026-05-29 05:30:38.259065,라코스테,브랜드: 라코스테 제조사: 라코스테 카테고리: 여성의류,https://shopping-phinf.pstatic.net/main_5984545/59845451212.20260429175851.jpg,1,네이버,92200,92200,라코스테 밀라노 반팔 티셔츠 TF163E 56G,59845451212,패션의류,100,여성의류
348,2026-05-29 05:30:38.26277,2026-05-29 05:30:38.26277,레이브,브랜드: 레이브 제조사: 이터널그룹 카테고리: 여성의류,https://shopping-phinf.pstatic.net/main_5908038/59080382788.20260227191041.jpg,1,네이버,41760,41760,레이브 Glitch Roses Graphic T-shirts VW6SE347,59080382788,패션의류,100,여성의류
349,2026-05-29 05:30:38.266978,2026-05-29 05:30:38.266978,폴햄,브랜드: 폴햄 제조사: 에이션패션 카테고리: 여성의류,https://shopping-phinf.pstatic.net/main_5384536/53845362515.20250403125257.jpg,1,네이버,10900,10900,폴햄 코튼 반팔티 PHF2TS2150,53845362515,패션의류,100,여성의류
350,2026-05-29 05:30:38.271973,2026-05-29 05:30:38.271973,"",카테고리: 여성의류,https://shopping-phinf.pstatic.net/main_8461190/84611900244.10.jpg,1,바이서영,5980,5980,이너티 면나시 여성면티셔츠 민소매 끈 탑 탱크탑 스판 속옷 모달 사계절,84611900244,패션의류,100,여성의류
351,2026-05-29 05:30:38.278065,2026-05-29 05:30:38.278065,"",제조사: 제이컴퍼니 카테고리: 여성의류,https://shopping-phinf.pstatic.net/main_1097162/10971626220.10.jpg,1,제이앤플러스,3900,3900,(후기10000) 국산 끈나시 면 스판 탑 나시 이너 민소매,10971626220,패션의류,100,여성의류
352,2026-05-29 05:30:38.281822,2026-05-29 05:30:38.281822,탑텐,브랜드: 탑텐 제조사: 신성통상 카테고리: 여성의류,https://shopping-phinf.pstatic.net/main_5520908/55209086705.20250609101204.jpg,1,네이버,15900,15900,탑텐 쿨에어 코튼 스트라이프 반팔티 MSF2TS2902,55209086705,패션의류,100,여성의류
353,2026-05-29 05:30:38.286514,2026-05-29 05:30:38.286514,프린트스타,브랜드: 프린트스타 카테고리: 여성의류,https://shopping-phinf.pstatic.net/main_8926270/89262707362.1.jpg,1,해시노멀,8700,8700,여성 반팔티 캡소매 나시 무지 이너 레이어드 여름 민소매 티셔츠,89262707362,패션의류,100,여성의류
354,2026-05-29 05:30:38.289765,2026-05-29 05:30:38.289765,"",카테고리: 여성의류,https://shopping-phinf.pstatic.net/main_8570163/85701633979.9.jpg,1,티공사서울,12900,12900,[왼가슴기본인쇄] 티셔츠 제작 기능성 카라티 쿨론 냉감 유니폼 로고 문구 인쇄 나염 자수,85701633979,패션의류,100,여성의류
355,2026-05-29 05:30:38.292139,2026-05-29 05:30:38.292139,탑텐,브랜드: 탑텐 제조사: 탑텐 카테고리: 여성의류,https://shopping-phinf.pstatic.net/main_5261612/52616125512.20250805002320.jpg,1,네이버,11590,11590,탑텐 오가닉 코튼 그래픽 반팔티 NEWYORK_MSF2TS2101,52616125512,패션의류,100,여성의류
356,2026-05-29 05:30:38.294591,2026-05-29 05:30:38.294591,마리떼프랑소와저버,브랜드: 마리떼프랑소와저버 제조사: 레이어 카테고리: 여성의류,https://shopping-phinf.pstatic.net/main_6008286/60082861655.20260518101842.jpg,1,네이버,34850,34850,마리떼프랑소와저버 클래식 로고 링거 티 MFG45CTS103,60082861655,패션의류,100,여성의류
357,2026-05-29 05:30:38.296905,2026-05-29 05:30:38.296905,마뗑킴,브랜드: 마뗑킴 카테고리: 여성의류,https://shopping-phinf.pstatic.net/main_5527214/55272149480.20250612205808.jpg,1,네이버,26100,26100,마뗑킴 PIGMENT CUT OUT LOGO CROP TOP MK2600TS742V,55272149480,패션의류,100,여성의류
358,2026-05-29 05:30:38.299467,2026-05-29 05:30:38.299467,탑텐,브랜드: 탑텐 카테고리: 여성의류,https://shopping-phinf.pstatic.net/main_5520909/55209097628.20260521091326.jpg,1,네이버,9800,9800,탑텐 코튼 립 스퀘어넥 5부티 MSF2TS2020,55209097628,패션의류,100,여성의류
359,2026-05-29 05:30:38.30192,2026-05-29 05:30:38.30192,레이브,브랜드: 레이브 제조사: 이터널그룹 카테고리: 여성의류,https://shopping-phinf.pstatic.net/main_5666894/56668947932.20250924064840.jpg,1,네이버,41760,41760,레이브 Crown Raive Graphic T-shirt,56668947932,패션의류,100,여성의류
360,2026-05-29 05:30:38.304171,2026-05-29 05:30:38.304171,마른파이브,브랜드: 마른파이브 제조사: 마른파이브 카테고리: 여성의류,https://shopping-phinf.pstatic.net/main_8213444/82134446636.25.jpg,1,마른파이브,6300,6300,모달 면 끈나시 빅사이즈 여성 크롭 여름 이너나시 민소매 슬리브리스,82134446636,패션의류,100,여성의류
361,2026-05-29 05:30:38.306377,2026-05-29 05:30:38.306377,온앤온,브랜드: 온앤온 제조사: 온엔온 카테고리: 여성의류,https://shopping-phinf.pstatic.net/main_5964796/59647968332.20260413210430.jpg,1,네이버,40470,40470,온앤온 보트넥 셔링 반팔 티셔츠 NEW6ME207,59647968332,패션의류,100,여성의류
362,2026-05-29 05:30:38.308637,2026-05-29 05:30:38.308637,라코스테,브랜드: 라코스테 제조사: 라코스테 카테고리: 여성의류,https://shopping-phinf.pstatic.net/main_6005219/60052198507.20260515151106.jpg,1,네이버,161100,161100,라코스테 뉴헤리티지 폴로 셔츠 PF1123 56G,60052198507,패션의류,100,여성의류
363,2026-05-29 05:30:38.311431,2026-05-29 05:30:38.311431,폴로랄프로렌,브랜드: 폴로랄프로렌 제조사: 폴로랄프로렌 카테고리: 여성의류,https://shopping-phinf.pstatic.net/main_8776484/87764849368.1.jpg,1,포니홀릭,99000,99000,폴로 랄프로렌 PK 카라티 반팔 티셔츠,87764849368,패션의류,100,여성의류
364,2026-05-29 05:30:38.313699,2026-05-29 05:30:38.313699,프로젝트엠,브랜드: 프로젝트엠 제조사: 에이션패션 카테고리: 여성의류,https://shopping-phinf.pstatic.net/main_5355282/53552828192.20260203111101.jpg,1,네이버,9900,9900,프로젝트엠 아이스쿨 소로나 자수 반팔 티셔츠 EPF2TR2301,53552828192,패션의류,100,여성의류
365,2026-05-29 05:30:38.31616,2026-05-29 05:30:38.31616,스튜디오톰보이,브랜드: 스튜디오톰보이 제조사: 신세계인터내셔날 카테고리: 여성의류,https://shopping-phinf.pstatic.net/main_5857542/58575428141.20260121022038.jpg,1,네이버,38530,38530,스튜디오톰보이 스트라이프 카라티셔츠 9176222999,58575428141,패션의류,100,여성의류
366,2026-05-29 05:30:38.318549,2026-05-29 05:30:38.318549,올리브데올리브,브랜드: 올리브데올리브 제조사: 올리브데올리브 카테고리: 여성의류,https://shopping-phinf.pstatic.net/main_5938856/59388568235.20260326151428.jpg,1,네이버,26400,26400,올리브데올리브 밑단 시보리 맨투맨 반팔 티셔츠,59388568235,패션의류,100,여성의류
367,2026-05-29 05:30:38.320892,2026-05-29 05:30:38.320892,스파오,브랜드: 스파오 제조사: 이랜드 카테고리: 여성의류,https://shopping-phinf.pstatic.net/main_5950789/59507899333.20260402211430.jpg,1,네이버,13410,13410,스파오 [코튼스판] 세미 크롭 슬림 반팔티,59507899333,패션의류,100,여성의류
368,2026-05-29 05:30:38.323999,2026-05-29 05:30:38.323999,프로젝트엠,브랜드: 프로젝트엠 제조사: 에이션패션 카테고리: 여성의류,https://shopping-phinf.pstatic.net/main_5494215/54942151196.20250624091809.jpg,1,네이버,9900,9900,프로젝트엠 아이스쿨 반팔티 EYF2TR2812,54942151196,패션의류,100,여성의류
369,2026-05-29 05:30:38.327289,2026-05-29 05:30:38.327289,레이브,브랜드: 레이브 제조사: 이터널그룹 카테고리: 여성의류,https://shopping-phinf.pstatic.net/main_5706912/57069121697.20251002205505.jpg,1,네이버,41760,41760,레이브 Heart Ravers Graphic T-Shirt,57069121697,패션의류,100,여성의류
370,2026-05-29 05:30:38.331921,2026-05-29 05:30:38.331921,LEE,브랜드: LEE 제조사: LEE 카테고리: 여성의류,https://shopping-phinf.pstatic.net/main_5819261/58192618463.20251220121950.jpg,1,네이버,29160,29160,LEE 빅 트위치 로고 티셔츠 9176,58192618463,패션의류,100,여성의류
371,2026-05-29 05:30:38.337182,2026-05-29 05:30:38.337182,럭키슈에뜨,브랜드: 럭키슈에뜨 제조사: 코오롱인더스트리 카테고리: 여성의류,https://shopping-phinf.pstatic.net/main_5449358/54493589493.20250814110933.jpg,1,네이버,33210,33210,럭키슈에뜨 베이직 U넥 반팔 티셔츠 LQTAM25400,54493589493,패션의류,100,여성의류
372,2026-05-29 05:30:38.340942,2026-05-29 05:30:38.340942,마리떼프랑소와저버,브랜드: 마리떼프랑소와저버 제조사: 레이어 카테고리: 여성의류,https://shopping-phinf.pstatic.net/main_5900648/59006482421.20260304035906.jpg,1,네이버,34840,34840,마리떼프랑소와저버 CLASSIC LOGO TEE,59006482421,패션의류,100,여성의류
373,2026-05-29 05:30:38.345196,2026-05-29 05:30:38.345196,탑텐,브랜드: 탑텐 제조사: 탑텐 카테고리: 여성의류,https://shopping-phinf.pstatic.net/main_5411867/54118679599.20250414164016.jpg,1,네이버,9800,9800,탑텐 쿨에어 코튼 그래픽 반팔 티 MSF2TS2012,54118679599,패션의류,100,여성의류
374,2026-05-29 05:30:38.348685,2026-05-29 05:30:38.348685,"",카테고리: 여성의류,https://shopping-phinf.pstatic.net/main_5980951/59809514285.20260426192959.jpg,1,네이버,32980,32980,모브온 면모달 반팔 티블라우스,59809514285,패션의류,100,여성의류
375,2026-05-29 05:30:38.3511,2026-05-29 05:30:38.3511,온앤온,브랜드: 온앤온 제조사: 보끄레머천다이징 카테고리: 여성의류,https://shopping-phinf.pstatic.net/main_5692433/56924339187.20250925094407.jpg,1,네이버,48400,48400,온앤온 비비드 아트웍 티셔츠 NEW5ME335,56924339187,패션의류,100,여성의류
376,2026-05-29 05:30:38.353448,2026-05-29 05:30:38.353448,폴로랄프로렌,브랜드: 폴로랄프로렌 제조사: 폴로랄프로렌 카테고리: 여성의류,https://shopping-phinf.pstatic.net/main_8788323/87883231876.1.jpg,1,포니메이트,55000,55000,폴로 랄프로렌 보이즈 반팔 티 티셔츠 여자 남자,87883231876,패션의류,100,여성의류
377,2026-05-29 05:30:38.355952,2026-05-29 05:30:38.355952,마르디메크르디,브랜드: 마르디메크르디 제조사: 마르디메크르디 카테고리: 여성의류,https://shopping-phinf.pstatic.net/main_5958823/59588235571.20260408155908.jpg,1,네이버,45000,45000,마르디메크르디 TSHIRT FLOWERMARDI,59588235571,패션의류,100,여성의류
378,2026-05-29 05:30:38.359293,2026-05-29 05:30:38.359293,프로젝트엠,브랜드: 프로젝트엠 제조사: 에이션패션 카테고리: 여성의류,https://shopping-phinf.pstatic.net/main_5663066/56630660584.20250907194727.jpg,1,네이버,12900,12900,프로젝트엠 와플조직 라운드넥 반팔티 EPF2TR2354,56630660584,패션의류,100,여성의류
379,2026-05-29 05:30:38.361523,2026-05-29 05:30:38.361523,"",카테고리: 여성의류,https://shopping-phinf.pstatic.net/main_8585611/85856117594.1.jpg,1,룰루 제이,16800,16800,루즈핏 나그랑 여름 반팔 5부 여성 맨투맨 티,85856117594,패션의류,100,여성의류
380,2026-05-29 05:30:38.364259,2026-05-29 05:30:38.364259,밀라,브랜드: 밀라 제조사: 더스타일컴퍼니 카테고리: 여성의류,https://shopping-phinf.pstatic.net/main_5937875/59378759707.20260324231933.jpg,1,네이버,36040,36040,밀라 오가닉 면100 아트웍 티셔츠,59378759707,패션의류,100,여성의류
381,2026-05-29 05:30:38.386013,2026-05-29 05:30:38.386013,JAJU,브랜드: JAJU 제조사: 신세계인터내셔날 카테고리: 여성의류,https://shopping-phinf.pstatic.net/main_5919617/59196172155.20260310011510.jpg,1,네이버,7270,7270,JAJU 슬럽 반팔 티셔츠 j11620108,59196172155,패션의류,100,여성의류
382,2026-05-29 05:30:38.394747,2026-05-29 05:30:38.394747,"",카테고리: 여성의류,https://shopping-phinf.pstatic.net/main_8483391/84833916628.40.jpg,1,오짱언니,18900,18900,여성 맨투맨 반팔 후드 봄 여름 스트라이프 면티 단가라 프린팅 무지 긴팔 귀여운 얇은 캐주얼 스웻 레터링 가을 40대 크롭 오버핏 루즈핏 브이넥 라운드 5부 7부 티 티셔츠,84833916628,패션의류,100,여성의류
383,2026-05-29 05:30:38.400422,2026-05-29 05:30:38.400422,"",카테고리: 여성의류,https://shopping-phinf.pstatic.net/main_8328852/83288522259.8.jpg,1,아마핏,8900,8900,에이블앤코 마들렌 여성 반팔 티셔츠 면 스판 모달 레이어드 스트라이프 티셔츠 able co,83288522259,패션의류,100,여성의류
384,2026-05-29 05:30:38.406542,2026-05-29 05:30:38.406542,탑텐,브랜드: 탑텐 제조사: 탑텐 카테고리: 여성의류,https://shopping-phinf.pstatic.net/main_5402699/54026998797.20250414163554.jpg,1,네이버,10440,10440,탑텐 에코쿨링 그래픽 반팔티 MSF2TS2103,54026998797,패션의류,100,여성의류
385,2026-05-29 05:30:38.414784,2026-05-29 05:30:38.414784,후아유,브랜드: 후아유 제조사: 이랜드 카테고리: 여성의류,https://shopping-phinf.pstatic.net/main_5911054/59110542503.20260302014325.jpg,1,네이버,18890,18890,후아유 Ribbed Henry Neck T-shirt WHRAG2422F,59110542503,패션의류,100,여성의류
386,2026-05-29 05:30:38.420182,2026-05-29 05:30:38.420182,나이키,브랜드: 나이키 제조사: 나이키 카테고리: 여성의류,https://shopping-phinf.pstatic.net/main_8644165/86441655164.14.jpg,1,어반스튜디오스,38900,38900,매장판 나이키 크롭 카라티 여성 티셔츠 폴로 카라 반팔티 (5컬러),86441655164,패션의류,100,여성의류
387,2026-05-29 05:30:38.426575,2026-05-29 05:30:38.426575,지오다노,브랜드: 지오다노 제조사: 지오다노 카테고리: 여성의류,https://shopping-phinf.pstatic.net/main_5642124/56421246250.20250825094621.jpg,1,네이버,20880,20880,지오다노 클래식 폴로 반팔 티셔츠 315504,56421246250,패션의류,100,여성의류
388,2026-05-29 05:30:38.429437,2026-05-29 05:30:38.429437,세인트제임스,브랜드: 세인트제임스 제조사: 세인트제임스 카테고리: 여성의류,https://shopping-phinf.pstatic.net/main_5495705/54957052885.20250528130258.jpg,1,네이버,65000,65000,세인트제임스 Galathee II ASJF2515355,54957052885,패션의류,100,여성의류
389,2026-05-29 05:30:38.432055,2026-05-29 05:30:38.432055,지오다노,브랜드: 지오다노 제조사: 지오다노 카테고리: 여성의류,https://shopping-phinf.pstatic.net/main_5928994/59289940361.20260322050355.jpg,1,네이버,9540,9540,지오다노 퍼펙트 라운드넥 반팔티 326518,59289940361,패션의류,100,여성의류
390,2026-05-29 05:30:38.434985,2026-05-29 05:30:38.434985,Calvin Klein Jeans,브랜드: Calvin Klein Jeans 제조사: 캘빈클라인진 카테고리: 여성의류,https://shopping-phinf.pstatic.net/main_5498402/54984029740.20251114151504.jpg,1,네이버,39420,39420,Calvin Klein Jeans 슬림핏 인스티튜셔널 로고 반팔 티셔츠 47AB803,54984029740,패션의류,100,여성의류
391,2026-05-29 05:30:38.437427,2026-05-29 05:30:38.437427,"",카테고리: 여성의류,https://shopping-phinf.pstatic.net/main_9080208/90802083275.jpg,1,무드멜리,16900,16900,반팔맨투맨 여름 나그랑 퍼프소매티 롱 박스티 봄 빅사이즈 엄마 가오리 중년 여성7부티셔츠,90802083275,패션의류,100,여성의류
392,2026-05-29 05:30:38.439829,2026-05-29 05:30:38.439829,헤지스,브랜드: 헤지스 제조사: LF 카테고리: 여성의류,https://shopping-phinf.pstatic.net/main_5891722/58917223438.20260213191645.jpg,1,네이버,85380,85380,헤지스 로고자수 면혼방 반소매 카라 티셔츠 WSTS5B305,58917223438,패션의류,100,여성의류
393,2026-05-29 05:30:38.442068,2026-05-29 05:30:38.442068,피그먼트,브랜드: 피그먼트 카테고리: 여성의류,https://shopping-phinf.pstatic.net/main_5950787/59507870695.20260402205555.jpg,1,네이버,21690,21690,피그먼트 스트라이프배색단티셔츠 YZTS2512409,59507870695,패션의류,100,여성의류
394,2026-05-29 05:30:38.444546,2026-05-29 05:30:38.444546,마리떼프랑소와저버,브랜드: 마리떼프랑소와저버 카테고리: 여성의류,https://shopping-phinf.pstatic.net/main_5372376/53723763420.20250328093303.jpg,1,네이버,35510,35510,마리떼프랑소와저버 클래식 로고 링거 티 MFG45UTS121,53723763420,패션의류,100,여성의류
395,2026-05-29 05:30:38.446878,2026-05-29 05:30:38.446878,"",카테고리: 여성의류,https://shopping-phinf.pstatic.net/main_8844625/88446259467.1.jpg,1,모아띵,12200,12200,노브라티 브라탑 셔츠 반팔 캡내장 브라티 면 코튼 데일리 홈웨어,88446259467,패션의류,100,여성의류
396,2026-05-29 05:30:38.449094,2026-05-29 05:30:38.449094,GANNI,브랜드: GANNI 제조사: GANNI 카테고리: 여성의류,https://shopping-phinf.pstatic.net/main_8901491/89014912545.11.jpg,1,스타일더핏,128000,128000,가니 반팔 반팔티 GANNI 위치 베어 레오파드 레몬 슬림 릴렉스,89014912545,패션의류,100,여성의류
397,2026-05-29 05:30:38.451216,2026-05-29 05:30:38.451216,헤지스,브랜드: 헤지스 제조사: LF 카테고리: 여성의류,https://shopping-phinf.pstatic.net/main_5969055/59690553300.20260416170801.jpg,1,네이버,62370,62370,헤지스 스트라이프 반소매 티셔츠 WSTS5B322,59690553300,패션의류,100,여성의류
398,2026-05-29 05:30:38.453301,2026-05-29 05:30:38.453301,"",카테고리: 여성의류,https://shopping-phinf.pstatic.net/main_8796381/87963810592.33.jpg,1,러블리원7,6900,6900,여름 여성 여자 나시 롱 슬리브리스 끈나시 린넨 이너 탑 레이어드 민소매 크롭 쿨,87963810592,패션의류,100,여성의류
399,2026-05-29 05:30:38.455276,2026-05-29 05:30:38.455276,"",카테고리: 여성의류,https://shopping-phinf.pstatic.net/main_5949163/59491634719.20260401154446.jpg,1,네이버,34920,34920,텐업 퓨어코튼 튜블러 티셔츠,59491634719,패션의류,100,여성의류
400,2026-05-29 05:30:38.457257,2026-05-29 05:30:38.457257,로라로라,브랜드: 로라로라 제조사: 바이와이제이 카테고리: 여성의류,https://shopping-phinf.pstatic.net/main_5842820/58428208352.20260108122741.jpg,1,네이버,34830,34830,로라로라 메종드 로라 자수 티셔츠 TS24311M,58428208352,패션의류,100,여성의류
401,2026-05-29 05:30:38.885563,2026-05-29 05:30:38.885563,"",카테고리: 남성의류,https://shopping-phinf.pstatic.net/main_8770023/87700231970.2.jpg,1,우모르,25800,25800,남성여름청바지 텐셀 쿨링 얇은 쿨 맥스 와이드 스판 청바지,87700231970,패션의류,100,남성의류
402,2026-05-29 05:30:38.888498,2026-05-29 05:30:38.888498,이츠미,브랜드: 이츠미 카테고리: 여성의류,https://shopping-phinf.pstatic.net/main_4852593/48525931714.20240618145716.jpg,1,네이버,24800,24800,이츠미 아이스 텐셀 세미 와이드 청바지,48525931714,패션의류,100,여성의류
403,2026-05-29 05:30:38.891322,2026-05-29 05:30:38.891322,게스,브랜드: 게스 제조사: 게스 카테고리: 남성의류,https://shopping-phinf.pstatic.net/main_8280557/82805579351.5.jpg,1,메가몰,59800,59800,게스 남성 청바지 봄여름 하이라이즈 스트레이트핏 미디엄블루 다크블루 루즈핏 스판,82805579351,패션의류,100,남성의류
404,2026-05-29 05:30:38.893921,2026-05-29 05:30:38.893921,"",카테고리: 여성의류,https://shopping-phinf.pstatic.net/main_8748817/87488170804.32.jpg,1,더샤인,29800,29800,와이드 청바지 여름 여성 세미 와이드데님 팬츠 흑청 데님 생지 연청 진청 블랙진 그레이진,87488170804,패션의류,100,여성의류
405,2026-05-29 05:30:38.896408,2026-05-29 05:30:38.896408,"",카테고리: 여성의류,https://shopping-phinf.pstatic.net/main_5465030/54650305290.20250508192224.jpg,1,네이버,24800,24800,텐셀 세미 와이드 청바지,54650305290,패션의류,100,여성의류
406,2026-05-29 05:30:38.898866,2026-05-29 05:30:38.898866,"",카테고리: 남성의류,https://shopping-phinf.pstatic.net/main_8116485/81164854575.19.jpg,1,WITHJEANS,21800,21800,남자 봄 여름 청바지 남성 일자 테이퍼드 와이드 스판 빅사이즈 블랙진 밴딩 9부 슬림핏,81164854575,패션의류,100,남성의류
407,2026-05-29 05:30:38.90122,2026-05-29 05:30:38.90122,"",카테고리: 여성의류,https://shopping-phinf.pstatic.net/main_5959092/59590921639.20260409185802.jpg,1,네이버,23500,23500,5도씨 여름 텐셀 배기 청바지,59590921639,패션의류,100,여성의류
408,2026-05-29 05:30:38.903493,2026-05-29 05:30:38.903493,이츠미,브랜드: 이츠미 카테고리: 여성의류,https://shopping-phinf.pstatic.net/main_4687871/46878710952.20240405160705.jpg,1,네이버,23500,23500,이츠미 아이스 텐셀 배기 청바지,46878710952,패션의류,100,여성의류
409,2026-05-29 05:30:38.906016,2026-05-29 05:30:38.906016,"",카테고리: 남성의류,https://shopping-phinf.pstatic.net/main_9085261/90852619448.jpg,1,빌리원 스토어,36800,36800,1+1 빌리원 스판 봄 여름 쿨 청바지 YKK 지퍼 작업복 일자 데님,90852619448,패션의류,100,남성의류
410,2026-05-29 05:30:38.90821,2026-05-29 05:30:38.90821,"",카테고리: 남성의류,https://shopping-phinf.pstatic.net/main_8291758/82917584749.104.jpg,1,션타운,19800,19800,남자 청바지 허벅돼 9부 데님 팬츠 일자핏 남성 여름 청바지,82917584749,패션의류,100,남성의류
411,2026-05-29 05:30:38.910464,2026-05-29 05:30:38.910464,"",카테고리: 남성의류,https://shopping-phinf.pstatic.net/main_8415628/84156282565.4.jpg,1,감미로운,21800,21800,남자 와이드 청바지 여름 빅사이즈 세미 연청바지 생지 데님 팬츠 밴딩 화이트진 크림진,84156282565,패션의류,100,남성의류
412,2026-05-29 05:30:38.912647,2026-05-29 05:30:38.912647,"",카테고리: 남성의류,https://shopping-phinf.pstatic.net/main_8252851/82528516043.8.jpg,1,꽃중년-,15800,15800,남자여름청바지 여름용 청바지 작업 작업복 중년 쿨 아이스 시원한 일자 편한 데님 쿨링,82528516043,패션의류,100,남성의류
413,2026-05-29 05:30:38.914959,2026-05-29 05:30:38.914959,"",카테고리: 여성의류,https://shopping-phinf.pstatic.net/main_8780242/87802420363.3.jpg,1,나나진,29900,29900,(S-3XL) 숏버전(-5CM)추가 초경량 쿨 와이드 데님팬츠 빅사이즈 아이스진 히든밴딩 키작키큰 스판 여름청바지 NA7131,87802420363,패션의류,100,여성의류
414,2026-05-29 05:30:38.917291,2026-05-29 05:30:38.917291,리바이스,브랜드: 리바이스 제조사: 리바이스 카테고리: 남성의류,https://shopping-phinf.pstatic.net/main_8939220/89392206948.13.jpg,1,엘제이피플,69700,69700,리바이스 청바지 505 스트레이트 슬림 일자 테이퍼드핏 남성,89392206948,패션의류,100,남성의류
415,2026-05-29 05:30:38.919447,2026-05-29 05:30:38.919447,코어,브랜드: 코어 제조사: 코어 카테고리: 여성의류,https://shopping-phinf.pstatic.net/main_5415197/54151973682.20250413194233.jpg,1,네이버,39900,39900,코어 어센틱 배럴 데님,54151973682,패션의류,100,여성의류
416,2026-05-29 05:30:38.921687,2026-05-29 05:30:38.921687,더엣지,브랜드: 더엣지 제조사: 에스앤더블유홀딩스 카테고리: 여성의류,https://shopping-phinf.pstatic.net/main_5970662/59706625697.20260417201016.jpg,1,네이버,72750,72750,더엣지 찰랑 데님,59706625697,패션의류,100,여성의류
417,2026-05-29 05:30:38.923603,2026-05-29 05:30:38.923603,폴햄,브랜드: 폴햄 제조사: 에이션패션 카테고리: 남성의류,https://shopping-phinf.pstatic.net/main_5346941/53469410412.20250410013310.jpg,1,네이버,19900,19900,폴햄 쿨링 밴딩 와이드핏 데님 PHF2DP1069,53469410412,패션의류,100,남성의류
418,2026-05-29 05:30:38.925458,2026-05-29 05:30:38.925458,게스,브랜드: 게스 제조사: 게스 카테고리: 여성의류,https://shopping-phinf.pstatic.net/main_8330716/83307167078.11.jpg,1,위드 실버지,56990,56990,게스 여성 청바지 와이드 데님 봄 여름 슬림 스판 세미와이드 팬츠 여자청바지,83307167078,패션의류,100,여성의류
419,2026-05-29 05:30:38.927234,2026-05-29 05:30:38.927234,"",카테고리: 남성의류,https://shopping-phinf.pstatic.net/main_8237118/82371187630.4.jpg,1,빌리언즈,12500,12500,진청바지 블랙진 작업복 중년남성 작업 스판 봄 여름 통큰 통청바지 일자 데님 편한 빅사이즈,82371187630,패션의류,100,남성의류
420,2026-05-29 05:30:38.928975,2026-05-29 05:30:38.928975,"",카테고리: 여성의류,https://shopping-phinf.pstatic.net/main_5947561/59475617306.20260331211841.jpg,1,네이버,81000,81000,블루핏 NEW 썸머 와이드 데님 3종,59475617306,패션의류,100,여성의류
421,2026-05-29 05:30:38.931418,2026-05-29 05:30:38.931418,"",카테고리: 여성의류,https://shopping-phinf.pstatic.net/main_4807915/48079155300.20240530181310.jpg,1,네이버,24800,24800,텐셀 앞포켓 세미 와이드 청바지,48079155300,패션의류,100,여성의류
422,2026-05-29 05:30:38.933307,2026-05-29 05:30:38.933307,리바이스,브랜드: 리바이스 제조사: 리바이스 카테고리: 남성의류,https://shopping-phinf.pstatic.net/main_5842800/58428000494.20260108113123.jpg,1,네이버,50150,50150,리바이스 555 96 릴렉스 스트레이트 진 A7223 001,58428000494,패션의류,100,남성의류
423,2026-05-29 05:30:38.936647,2026-05-29 05:30:38.936647,"",카테고리: 여성의류,https://shopping-phinf.pstatic.net/main_8604741/86047418483.7.jpg,1,큐즈,27900,27900,여성 여름 청바지 쿨링 얇은 하이웨스트 부츠컷 와이드 블랙진 히든밴딩 빅사이즈 데님,86047418483,패션의류,100,여성의류
424,2026-05-29 05:30:38.938916,2026-05-29 05:30:38.938916,뱅뱅,브랜드: 뱅뱅 제조사: 뱅뱅어패럴 카테고리: 남성의류,https://shopping-phinf.pstatic.net/main_6007450/60074502804.20260517173811.jpg,1,네이버,60240,60240,뱅뱅 라이크라 데님팬츠,60074502804,패션의류,100,남성의류
425,2026-05-29 05:30:38.941129,2026-05-29 05:30:38.941129,폴햄,브랜드: 폴햄 제조사: 에이션패션 카테고리: 여성의류,https://shopping-phinf.pstatic.net/main_5696307/56963079234.20250928151023.jpg,1,네이버,19900,19900,폴햄 찰랑 쿨링 와이드 데님 PHF2DP2069,56963079234,패션의류,100,여성의류
426,2026-05-29 05:30:38.943305,2026-05-29 05:30:38.943305,리바이스,브랜드: 리바이스 제조사: 리바이스 카테고리: 남성의류,https://shopping-phinf.pstatic.net/main_5982987/59829873564.20260428173028.jpg,1,네이버,67150,67150,리바이스 568 루즈 스트레이트 카펜터 팬츠 55849-0065,59829873564,패션의류,100,남성의류
427,2026-05-29 05:30:38.945562,2026-05-29 05:30:38.945562,게스,브랜드: 게스 제조사: 게스 카테고리: 여성의류,https://shopping-phinf.pstatic.net/main_5937883/59378832271.20260325001024.jpg,1,네이버,66040,66040,게스 루즈 스트레이트 데님,59378832271,패션의류,100,여성의류
428,2026-05-29 05:30:38.947817,2026-05-29 05:30:38.947817,리바이스,브랜드: 리바이스 제조사: 리바이스 카테고리: 남성의류,https://shopping-phinf.pstatic.net/main_8158104/81581048106.30.jpg,1,블루디,17900,17900,리바이스 청바지 디젤 트루 게스 ck 구제 501 502 505 511 빈티지 일자 남자,81581048106,패션의류,100,남성의류
429,2026-05-29 05:30:38.94997,2026-05-29 05:30:38.94997,"",카테고리: 여성의류,https://shopping-phinf.pstatic.net/main_8614238/86142382728.2.jpg,1,라수피아,24400,24400,쿨 텐셀 데님팬츠 여름 와이드청바지 스판 밴딩 아이스진 연청바지 진청바지 키작녀 빅사이즈,86142382728,패션의류,100,여성의류
430,2026-05-29 05:30:38.9519,2026-05-29 05:30:38.9519,셀렙샵에디션,브랜드: 셀렙샵에디션 카테고리: 여성의류,https://shopping-phinf.pstatic.net/main_5947533/59475335732.20260331204600.jpg,1,네이버,64990,64990,셀렙샵에디션 마스터핏 린넨블렌디드 스판데님,59475335732,패션의류,100,여성의류
431,2026-05-29 05:30:38.953808,2026-05-29 05:30:38.953808,폴햄,브랜드: 폴햄 제조사: 에이션패션 카테고리: 남성의류,https://shopping-phinf.pstatic.net/main_5755579/57555792296.20251104101611.jpg,1,네이버,19900,19900,폴햄 쿨링 컴포트 와이드핏 데님 PHF2DP1039,57555792296,패션의류,100,남성의류
432,2026-05-29 05:30:38.955542,2026-05-29 05:30:38.955542,게스,브랜드: 게스 제조사: 게스 카테고리: 남성의류,https://shopping-phinf.pstatic.net/main_5940291/59402918765.20260326191743.jpg,1,네이버,51990,51990,게스 루즈 스트레이트 남성용,59402918765,패션의류,100,남성의류
433,2026-05-29 05:30:38.95879,2026-05-29 05:30:38.95879,폴햄,브랜드: 폴햄 제조사: 에이션패션 카테고리: 여성의류,https://shopping-phinf.pstatic.net/main_5731345/57313458339.20251021171611.jpg,1,네이버,24540,24540,폴햄 쿨링 컴포트 세미와이드핏 데님 PHF2DP2033,57313458339,패션의류,100,여성의류
434,2026-05-29 05:30:38.961031,2026-05-29 05:30:38.961031,리바이스,브랜드: 리바이스 제조사: 리바이스 카테고리: 남성의류,https://shopping-phinf.pstatic.net/main_5875724/58757247505.20260201204147.jpg,1,네이버,118932,118932,리바이스 루즈 핏 버튼 플라이 진 0057U0005,58757247505,패션의류,100,남성의류
435,2026-05-29 05:30:38.963252,2026-05-29 05:30:38.963252,"",카테고리: 여성의류,https://shopping-phinf.pstatic.net/main_5959111/59591110097.20260409104204.jpg,1,네이버,24900,24900,2가지기장 -5도씨 여름 텐셀 앞포켓 세미 와이드 청바지 여성 밴딩 스판 데님 팬츠,59591110097,패션의류,100,여성의류
436,2026-05-29 05:30:38.965415,2026-05-29 05:30:38.965415,"",카테고리: 여성의류,https://shopping-phinf.pstatic.net/main_8580271/85802713606.18.jpg,1,더샤인,33800,33800,여름 청바지 여성 세미 와이드 데님 팬츠 하이웨스트 버뮤다 5부 화이트진 크림진 블랙진,85802713606,패션의류,100,여성의류
437,2026-05-29 05:30:38.967594,2026-05-29 05:30:38.967594,게스,브랜드: 게스 제조사: 게스 카테고리: 여성의류,https://shopping-phinf.pstatic.net/main_5928971/59289718718.20260317190006.jpg,1,네이버,55480,55480,게스 쿨터치 와이드 YQ2D9095,59289718718,패션의류,100,여성의류
438,2026-05-29 05:30:38.969765,2026-05-29 05:30:38.969765,뱅뱅,브랜드: 뱅뱅 제조사: 뱅뱅어패럴 카테고리: 여성의류,https://shopping-phinf.pstatic.net/main_5991555/59915559775.20260504185728.jpg,1,네이버,17910,17910,뱅뱅 썸머 라이크라 데님,59915559775,패션의류,100,여성의류
439,2026-05-29 05:30:38.971701,2026-05-29 05:30:38.971701,탑텐,브랜드: 탑텐 제조사: 탑텐 카테고리: 여성의류,https://shopping-phinf.pstatic.net/main_5344885/53448855853.20250819172002.jpg,1,네이버,19210,19210,탑텐 COOL 와이드 데님 MSF2DP2906,53448855853,패션의류,100,여성의류
440,2026-05-29 05:30:38.973498,2026-05-29 05:30:38.973498,리바이스,브랜드: 리바이스 제조사: 리바이스 카테고리: 남성의류,https://shopping-phinf.pstatic.net/main_4473159/44731591727.20250926115047.jpg,1,네이버,44840,44840,리바이스 550 릴렉스 스트레이트 데님 팬츠 00550,44731591727,패션의류,100,남성의류
441,2026-05-29 05:30:38.975116,2026-05-29 05:30:38.975116,미쏘,브랜드: 미쏘 제조사: 이랜드 카테고리: 여성의류,https://shopping-phinf.pstatic.net/main_5954764/59547642359.20260405201941.jpg,1,네이버,47400,47400,미쏘 쏘쿨데님 핏업데님 와이드핏 MIWTJG550J,59547642359,패션의류,100,여성의류
442,2026-05-29 05:30:38.976812,2026-05-29 05:30:38.976812,리바이스,브랜드: 리바이스 제조사: 리바이스 카테고리: 남성의류,https://shopping-phinf.pstatic.net/main_5583185/55831857231.20250719090424.jpg,1,네이버,50150,50150,리바이스 릴렉스 스트레이트 진 A72230010,55831857231,패션의류,100,남성의류
443,2026-05-29 05:30:38.978414,2026-05-29 05:30:38.978414,헤지스,브랜드: 헤지스 제조사: LF 카테고리: 여성의류,https://shopping-phinf.pstatic.net/main_5949326/59493268127.20260401180826.jpg,1,네이버,165020,165020,헤지스 썸머 부츠컷 데님 팬츠 HSPA6B382,59493268127,패션의류,100,여성의류
444,2026-05-29 05:30:38.979914,2026-05-29 05:30:38.979914,"",카테고리: 남성의류,https://shopping-phinf.pstatic.net/main_8566512/85665125738.11.jpg,1,필드웍스,35900,35900,1+1 필드웍스 남자 작업복 청바지 스판 편한 작업용 일자 데님,85665125738,패션의류,100,남성의류
445,2026-05-29 05:30:38.981486,2026-05-29 05:30:38.981486,"",카테고리: 여성의류,https://shopping-phinf.pstatic.net/main_6005602/60056021748.20260515210010.jpg,1,네이버,29880,29880,포레스트핏 GS 여름찐스판1탄 2기장 와이드 청바지 4컬러 숏L 중청,60056021748,패션의류,100,여성의류
446,2026-05-29 05:30:38.986075,2026-05-29 05:30:38.986075,"",카테고리: 남성의류,https://shopping-phinf.pstatic.net/main_8581115/85811154387.7.jpg,1,이브클로젯,49800,49800,1+1 남자 여름 청바지 와이드 스판 빅사이즈 데님팬츠,85811154387,패션의류,100,남성의류
447,2026-05-29 05:30:38.988236,2026-05-29 05:30:38.988236,게스,브랜드: 게스 제조사: 코스트코 카테고리: 남성의류,https://shopping-phinf.pstatic.net/main_8290307/82903071745.8.jpg,1,후니왕,49880,49880,2026년 SS시즌 게스 GUESS 남성 청바지 스트레이트핏 일자핏,82903071745,패션의류,100,남성의류
448,2026-05-29 05:30:38.99129,2026-05-29 05:30:38.99129,벨뷰,브랜드: 벨뷰 카테고리: 여성의류,https://shopping-phinf.pstatic.net/main_5928820/59288200390.20260317165944.jpg,1,네이버,53930,53930,벨뷰 레이스 커브드 데님,59288200390,패션의류,100,여성의류
449,2026-05-29 05:30:39.000346,2026-05-29 05:30:39.000346,"",카테고리: 남성의류,https://shopping-phinf.pstatic.net/main_5134701/51347015748.20241122020338.jpg,1,네이버,30400,30400,반밴딩 흑청바지 진청바지 블랙진 통청바지,51347015748,패션의류,100,남성의류
450,2026-05-29 05:30:39.007442,2026-05-29 05:30:39.007442,맥스튜어트,브랜드: 맥스튜어트 카테고리: 여성의류,https://shopping-phinf.pstatic.net/main_5919405/59194051453.20260309190122.jpg,1,네이버,45510,45510,맥스튜어트 배럴 커브드핏 데님 팬츠,59194051453,패션의류,100,여성의류
451,2026-05-29 05:30:39.010878,2026-05-29 05:30:39.010878,저스트원,브랜드: 저스트원 카테고리: 여성의류,https://shopping-phinf.pstatic.net/main_5937891/59378914239.20260325010539.jpg,1,네이버,28220,28220,저스트원 꿀스판 에어텐셀 쿨링 와이드진 EJ301,59378914239,패션의류,100,여성의류
452,2026-05-29 05:30:39.013576,2026-05-29 05:30:39.013576,리바이스,브랜드: 리바이스 제조사: 리바이스 카테고리: 남성의류,https://shopping-phinf.pstatic.net/main_5927849/59278491525.20260316164213.jpg,1,네이버,69000,69000,리바이스 578 배기 데님 팬츠 A4750 0024,59278491525,패션의류,100,남성의류
453,2026-05-29 05:30:39.017899,2026-05-29 05:30:39.017899,이츠미,브랜드: 이츠미 카테고리: 여성의류,https://shopping-phinf.pstatic.net/main_5331823/53318235996.20250303171041.jpg,1,네이버,22500,22500,이츠미 라이트 데님 여름 청반바지,53318235996,패션의류,100,여성의류
454,2026-05-29 05:30:39.020967,2026-05-29 05:30:39.020967,뱅뱅,브랜드: 뱅뱅 제조사: 뱅뱅어패럴 카테고리: 남성의류,https://shopping-phinf.pstatic.net/main_5889307/58893078997.20260211202201.jpg,1,네이버,26910,26910,뱅뱅 라이크라 썸머 데님,58893078997,패션의류,100,남성의류
455,2026-05-29 05:30:39.023364,2026-05-29 05:30:39.023364,리바이스,브랜드: 리바이스 제조사: 리바이스 카테고리: 남성의류,https://shopping-phinf.pstatic.net/main_5848927/58489277086.20260113171556.jpg,1,네이버,81532,81532,리바이스 568 루즈 스트레이트 데님 진 29037 006,58489277086,패션의류,100,남성의류
456,2026-05-29 05:30:39.025351,2026-05-29 05:30:39.025351,리바이스,브랜드: 리바이스 제조사: 리바이스 카테고리: 여성의류,https://shopping-phinf.pstatic.net/main_5931996/59319965996.20260319152437.jpg,1,네이버,99000,99000,리바이스 신치 배기 진 001UP,59319965996,패션의류,100,여성의류
457,2026-05-29 05:30:39.027192,2026-05-29 05:30:39.027192,"",카테고리: 남성의류,https://shopping-phinf.pstatic.net/main_5984575/59845754774.20260429181909.jpg,1,네이버,50490,50490,에콕스 라이크라 썸머 데님 3종,59845754774,패션의류,100,남성의류
458,2026-05-29 05:30:39.028968,2026-05-29 05:30:39.028968,"",카테고리: 여성의류,https://shopping-phinf.pstatic.net/main_8630316/86303163943.1.jpg,1,루나진,17900,17900,[26-38] 매직스판 썸머 청반바지 5부 4부 팬츠 빅사이즈 스판 히든밴딩 연청,86303163943,패션의류,100,여성의류
459,2026-05-29 05:30:39.030554,2026-05-29 05:30:39.030554,이츠미,브랜드: 이츠미 카테고리: 여성의류,https://shopping-phinf.pstatic.net/main_8843759/88437593408.5.jpg,1,its me,22300,22300,여성 배기 청바지 데일리 테이퍼드 밴딩 스판 데님 팬츠 키작녀 빅사이즈 기본기장,88437593408,패션의류,100,여성의류
460,2026-05-29 05:30:39.032349,2026-05-29 05:30:39.032349,리바이스,브랜드: 리바이스 제조사: 리바이스 카테고리: 여성의류,https://shopping-phinf.pstatic.net/main_5530007/55300078181.20250916174019.jpg,1,네이버,49500,49500,리바이스 94 배기 와이드 레그 데님팬츠 A5929,55300078181,패션의류,100,여성의류
461,2026-05-29 05:30:39.034224,2026-05-29 05:30:39.034224,다니엘크레뮤,브랜드: 다니엘크레뮤 카테고리: 남성의류,https://shopping-phinf.pstatic.net/main_5953768/59537681760.20260404222540.jpg,1,네이버,55740,55740,다니엘크레뮤 쿨맥스 라이크라 데님 팬츠 2종,59537681760,패션의류,100,남성의류
462,2026-05-29 05:30:39.035803,2026-05-29 05:30:39.035803,"",카테고리: 여성의류,https://shopping-phinf.pstatic.net/main_8586673/85866733552.4.jpg,1,큐즈,23900,23900,여성 청바지 하이웨스트 부츠컷 와이드 일자 스키니 블랙진 밴딩 키작녀 스판 빅사이즈,85866733552,패션의류,100,여성의류
463,2026-05-29 05:30:39.03775,2026-05-29 05:30:39.03775,"",카테고리: 남성의류,https://shopping-phinf.pstatic.net/main_8582447/85824478814.jpg,1,감미로운,18800,18800,남자 여름 청바지 밴딩 스판 테이퍼드 빅사이즈 슬림 일자 고무줄 편한 허벅돼 연청 흑청,85824478814,패션의류,100,남성의류
464,2026-05-29 05:30:39.039582,2026-05-29 05:30:39.039582,더엣지,브랜드: 더엣지 카테고리: 여성의류,https://shopping-phinf.pstatic.net/main_5816485/58164854866.20251216220858.jpg,1,네이버,76390,76390,더엣지 에어리 데님 2종,58164854866,패션의류,100,여성의류
465,2026-05-29 05:30:39.041877,2026-05-29 05:30:39.041877,"",카테고리: 여성의류,https://shopping-phinf.pstatic.net/main_5957668/59576685583.20260407215743.jpg,1,네이버,66370,66370,더엣지 루즈 데님,59576685583,패션의류,100,여성의류
466,2026-05-29 05:30:39.043511,2026-05-29 05:30:39.043511,라삐아프,브랜드: 라삐아프 카테고리: 여성의류,https://shopping-phinf.pstatic.net/main_5928859/59288591849.20260317172628.jpg,1,네이버,55600,55600,라삐아프 스티치 포인트 버뮤다 데님,59288591849,패션의류,100,여성의류
467,2026-05-29 05:30:39.046436,2026-05-29 05:30:39.046436,미쏘,브랜드: 미쏘 제조사: 이랜드 카테고리: 여성의류,https://shopping-phinf.pstatic.net/main_5856217/58562172245.20260118163308.jpg,1,네이버,46140,46140,미쏘 핏업데님 스트레이트 MIWTJG3,58562172245,패션의류,100,여성의류
468,2026-05-29 05:30:39.048435,2026-05-29 05:30:39.048435,로엠,브랜드: 로엠 제조사: 이랜드 카테고리: 여성의류,https://shopping-phinf.pstatic.net/main_5980173/59801738152.20260426020331.jpg,1,네이버,65000,65000,로엠 린넨 와이드 데님 RMTJG25G01,59801738152,패션의류,100,여성의류
469,2026-05-29 05:30:39.050408,2026-05-29 05:30:39.050408,"",카테고리: 여성의류,https://shopping-phinf.pstatic.net/main_8398539/83985390495.4.jpg,1,커믈리진,32800,32800,하프팬츠 베이직 연청 중청 5부 여자 여성 청 반바지 S-XL,83985390495,패션의류,100,여성의류
470,2026-05-29 05:30:39.052308,2026-05-29 05:30:39.052308,스파오,브랜드: 스파오 제조사: 이랜드 카테고리: 여성의류,https://shopping-phinf.pstatic.net/main_5706730/57067303344.20251002181150.jpg,1,네이버,15000,15000,스파오 플레어 진 SPTJF49C61,57067303344,패션의류,100,여성의류
471,2026-05-29 05:30:39.054291,2026-05-29 05:30:39.054291,오조이,브랜드: 오조이 카테고리: 여성의류,https://shopping-phinf.pstatic.net/main_5993188/59931885380.20260506013019.jpg,1,네이버,19800,19800,오조이 아이스 텐셀 스판 팬츠 청바지,59931885380,패션의류,100,여성의류
472,2026-05-29 05:30:39.05684,2026-05-29 05:30:39.05684,탑텐,브랜드: 탑텐 제조사: 탑텐 카테고리: 남성의류,https://shopping-phinf.pstatic.net/main_5498360/54983609138.20250615135734.jpg,1,네이버,24800,24800,탑텐 COOL 테이퍼드 크롭 데님 MSF2DP1903,54983609138,패션의류,100,남성의류
473,2026-05-29 05:30:39.059029,2026-05-29 05:30:39.059029,"",카테고리: 여성의류,https://shopping-phinf.pstatic.net/main_5966247/59662478988.20260429015002.jpg,1,네이버,53830,53830,라이크라 에어 데님팬츠 3종,59662478988,패션의류,100,여성의류
474,2026-05-29 05:30:39.061255,2026-05-29 05:30:39.061255,이츠미,브랜드: 이츠미 카테고리: 여성의류,https://shopping-phinf.pstatic.net/main_8770470/87704702891.4.jpg,1,its me,24800,24800,여성 청바지 여름 텐셀 세미 와이드 데님 팬츠 밴딩 일자 스판 연청 진청 블랙진,87704702891,패션의류,100,여성의류
475,2026-05-29 05:30:39.063446,2026-05-29 05:30:39.063446,"",카테고리: 여성의류,https://shopping-phinf.pstatic.net/main_5928916/59289160896.20260317181724.jpg,1,네이버,64900,64900,코어 어센틱 데미지 로우컷 데님,59289160896,패션의류,100,여성의류
476,2026-05-29 05:30:39.065648,2026-05-29 05:30:39.065648,게스,브랜드: 게스 제조사: 게스 카테고리: 남성의류,https://shopping-phinf.pstatic.net/main_8834699/88346996107.3.jpg,1,위드 실버지,48990,48990,게스 남자 청바지 스트레이트 슬림핏 일자 테이퍼드 데님 스판 기모 블랙 다크블루진,88346996107,패션의류,100,남성의류
477,2026-05-29 05:30:39.067809,2026-05-29 05:30:39.067809,"",카테고리: 여성의류,https://shopping-phinf.pstatic.net/main_8798364/87983647263.4.jpg,1,더마르,24800,24800,(3가지기장) -5도씨 텐셀 세미 와이드 여성 청바지 스판 일자 여름 데님 팬츠 빅사이즈,87983647263,패션의류,100,여성의류
478,2026-05-29 05:30:39.069945,2026-05-29 05:30:39.069945,리바이스,브랜드: 리바이스 제조사: 리바이스 카테고리: 남성의류,https://shopping-phinf.pstatic.net/main_5316505/53165055829.20250222202940.jpg,1,네이버,73900,73900,리바이스 517 부츠컷 청바지 risingsun,53165055829,패션의류,100,남성의류
479,2026-05-29 05:30:39.072006,2026-05-29 05:30:39.072006,지오다노,브랜드: 지오다노 제조사: 지오다노 카테고리: 여성의류,https://shopping-phinf.pstatic.net/main_5962931/59629318249.20260412005105.jpg,1,네이버,29750,29750,지오다노 스트레이트 쿨 데님 팬츠,59629318249,패션의류,100,여성의류
480,2026-05-29 05:30:39.0742,2026-05-29 05:30:39.0742,"",카테고리: 남성의류,https://shopping-phinf.pstatic.net/main_8932281/89322819104.2.jpg,1,우모르,49900,49900,1+1 쿨청바지 남성 여름 얇은 쿨링 쿨맥스 와이드 스판 텐셀 청바지,89322819104,패션의류,100,남성의류
481,2026-05-29 05:30:39.076294,2026-05-29 05:30:39.076294,스파오,브랜드: 스파오 제조사: 이랜드 카테고리: 여성의류,https://shopping-phinf.pstatic.net/main_5953768/59537687700.20260429015327.jpg,1,네이버,29420,29420,스파오 COOL 롱 와이드 진,59537687700,패션의류,100,여성의류
482,2026-05-29 05:30:39.078336,2026-05-29 05:30:39.078336,셀렙샵에디션,브랜드: 셀렙샵에디션 카테고리: 여성의류,https://shopping-phinf.pstatic.net/main_5962923/59629230447.20260411231012.jpg,1,네이버,59900,59900,셀렙샵에디션 린넨블렌디드 초경량 투턱 D 데님,59629230447,패션의류,100,여성의류
483,2026-05-29 05:30:39.080257,2026-05-29 05:30:39.080257,"",카테고리: 여성의류,https://shopping-phinf.pstatic.net/main_5881670/58816706268.20260206214648.jpg,1,네이버,16690,16690,텐셀 와이드 청바지,58816706268,패션의류,100,여성의류
484,2026-05-29 05:30:39.082227,2026-05-29 05:30:39.082227,"",카테고리: 여성의류,https://shopping-phinf.pstatic.net/main_5938896/59388969178.20260325181218.jpg,1,네이버,27500,27500,후들 썸머 텐셀 히든밴딩 하이웨스트 핀턱 와이드 청바지,59388969178,패션의류,100,여성의류
485,2026-05-29 05:30:39.084131,2026-05-29 05:30:39.084131,폴햄,브랜드: 폴햄 제조사: 에이션패션 카테고리: 여성의류,https://shopping-phinf.pstatic.net/main_5755572/57555725195.20251104100157.jpg,1,네이버,20080,20080,폴햄 쿨링 컴포트 와이드핏 데님 PHF2DP2039,57555725195,패션의류,100,여성의류
486,2026-05-29 05:30:39.086179,2026-05-29 05:30:39.086179,리바이스,브랜드: 리바이스 제조사: 리바이스 카테고리: 남성의류,https://shopping-phinf.pstatic.net/main_5928797/59287979222.20260317161957.jpg,1,네이버,69900,69900,리바이스 505 레귤러 쿨진,59287979222,패션의류,100,남성의류
487,2026-05-29 05:30:39.088211,2026-05-29 05:30:39.088211,셀렙샵에디션,브랜드: 셀렙샵에디션 카테고리: 여성의류,https://shopping-phinf.pstatic.net/main_5889230/58892300823.20260211185550.jpg,1,네이버,53840,53840,셀렙샵에디션 드레시 투턱 데님,58892300823,패션의류,100,여성의류
488,2026-05-29 05:30:39.090282,2026-05-29 05:30:39.090282,"",카테고리: 여성의류,https://shopping-phinf.pstatic.net/main_5966224/59662249208.20260414213506.jpg,1,네이버,26526,26526,포레스트핏 논페이드 생지 와이드 밴딩 청바지,59662249208,패션의류,100,여성의류
489,2026-05-29 05:30:39.092247,2026-05-29 05:30:39.092247,"",카테고리: 여성의류,https://shopping-phinf.pstatic.net/main_8952334/89523346216.2.jpg,1,더샤인,29900,29900,텐셀청바지 찰랑데님 아이스 여름 청바지 고무줄 쿨데님 쿨링 밴딩 와이드 데님 팬츠 연청,89523346216,패션의류,100,여성의류
490,2026-05-29 05:30:39.094206,2026-05-29 05:30:39.094206,리바이스,브랜드: 리바이스 제조사: 리바이스 카테고리: 남성의류,https://shopping-phinf.pstatic.net/main_5924459/59244594901.20260313150324.jpg,1,네이버,59000,59000,리바이스 502 레귤러 테이퍼드 핏 웜 29507-137,59244594901,패션의류,100,남성의류
491,2026-05-29 05:30:39.096119,2026-05-29 05:30:39.096119,게스,브랜드: 게스 제조사: 게스 카테고리: 남성의류,https://shopping-phinf.pstatic.net/main_5926977/59269779111.20260316035853.jpg,1,네이버,49750,49750,게스 쿨터치 D톤 슬림 스트레이트 청바지 mq2d9030,59269779111,패션의류,100,남성의류
492,2026-05-29 05:30:39.098022,2026-05-29 05:30:39.098022,셀렙샵에디션,브랜드: 셀렙샵에디션 카테고리: 여성의류,https://shopping-phinf.pstatic.net/main_5826131/58261313834.20251225003338.jpg,1,네이버,37910,37910,셀렙샵에디션 에어리 원턱 와이드데님,58261313834,패션의류,100,여성의류
493,2026-05-29 05:30:39.100144,2026-05-29 05:30:39.100144,"",카테고리: 여성의류,https://shopping-phinf.pstatic.net/main_8952323/89523238030.jpg,1,큐즈,29800,29800,여성 버뮤다팬츠 청반바지 여름 와이드 6부 7부 연청 흑청 진청 키작녀 빅사이즈,89523238030,패션의류,100,여성의류
494,2026-05-29 05:30:39.102295,2026-05-29 05:30:39.102295,뱅뱅,브랜드: 뱅뱅 제조사: 뱅뱅어패럴 카테고리: 여성의류,https://shopping-phinf.pstatic.net/main_5980921/59809211407.20260426182601.jpg,1,네이버,60240,60240,뱅뱅 썸머 라이크라 데님팬츠,59809211407,패션의류,100,여성의류
495,2026-05-29 05:30:39.104399,2026-05-29 05:30:39.104399,"",카테고리: 여성의류,https://shopping-phinf.pstatic.net/main_8800416/88004165308.jpg,1,사라7351,22500,22500,버뮤다팬츠 5부 데님 핀턱 밴딩 스판 a라인 와이드 청반바지 중청 흑청,88004165308,패션의류,100,여성의류
496,2026-05-29 05:30:39.106509,2026-05-29 05:30:39.106509,리바이스,브랜드: 리바이스 제조사: 리바이스 카테고리: 남성의류,https://shopping-phinf.pstatic.net/main_5937394/59373944538.20260324113234.jpg,1,네이버,35740,35740,리바이스 555 릴렉스 스트레이트 진,59373944538,패션의류,100,남성의류
497,2026-05-29 05:30:39.10861,2026-05-29 05:30:39.10861,셀렙샵에디션,브랜드: 셀렙샵에디션 카테고리: 여성의류,https://shopping-phinf.pstatic.net/main_5906903/59069036467.20260226212111.jpg,1,네이버,69900,69900,셀렙샵에디션 26SS 마스터핏 릴렉스데님,59069036467,패션의류,100,여성의류
498,2026-05-29 05:30:39.110782,2026-05-29 05:30:39.110782,리바이스,브랜드: 리바이스 제조사: 리바이스 카테고리: 남성의류,https://shopping-phinf.pstatic.net/main_5583128/55831282056.20250718153908.jpg,1,네이버,44132,44132,리바이스 96 릴렉스 스트레이트 진 A7223-0004,55831282056,패션의류,100,남성의류
499,2026-05-29 05:30:39.112844,2026-05-29 05:30:39.112844,셀렙샵에디션,브랜드: 셀렙샵에디션 카테고리: 여성의류,https://shopping-phinf.pstatic.net/main_5459361/54593617295.20260407145553.jpg,1,네이버,32320,32320,셀렙샵에디션 썸머 마스터핏 스트링데님 2종,54593617295,패션의류,100,여성의류
500,2026-05-29 05:30:39.114918,2026-05-29 05:30:39.114918,더엣지,브랜드: 더엣지 카테고리: 여성의류,https://shopping-phinf.pstatic.net/main_5880252/58802521494.20260204201345.jpg,1,네이버,39400,39400,더엣지 26SS 루즈 스트레이트 데님,58802521494,패션의류,100,여성의류
501,2026-05-29 05:30:39.389445,2026-05-29 05:30:39.389445,"",카테고리: 여성의류,https://shopping-phinf.pstatic.net/main_8245999/82459998724.24.jpg,1,코코쓰,68000,68000,여름 하객원피스 빅사이즈 돌잔치엄마 여성 정장원피스 결혼식하객룩 상견례옷차림,82459998724,패션의류,100,여성의류
502,2026-05-29 05:30:39.391845,2026-05-29 05:30:39.391845,"",카테고리: 여성의류,https://shopping-phinf.pstatic.net/main_8479953/84799534459.102.jpg,1,제이X제곱,13800,13800,롱 원피스 뷔스티에 블랙 하객룩 바스락 봄 여름 반팔 나시 휴양지 77 88 빅사이즈,84799534459,패션의류,100,여성의류
503,2026-05-29 05:30:39.394114,2026-05-29 05:30:39.394114,"",카테고리: 여성의류,https://shopping-phinf.pstatic.net/main_8204247/82042474797.6.jpg,1,바이엘르,32000,32000,여름 원피스 린넨 맥시 반팔 롱 니트 원피스 빅사이즈 자체제작,82042474797,패션의류,100,여성의류
504,2026-05-29 05:30:39.396145,2026-05-29 05:30:39.396145,타미진스,브랜드: 타미진스 제조사: HANDSOME 카테고리: 여성의류,https://shopping-phinf.pstatic.net/main_6000099/60000991577.20260511163126.jpg,1,네이버,111440,111440,타미진스 린넨 블렌드 맥시 셔츠 원피스 T32G1WOP35TWT2,60000991577,패션의류,100,여성의류
505,2026-05-29 05:30:39.399287,2026-05-29 05:30:39.399287,"",카테고리: 여성의류,https://shopping-phinf.pstatic.net/main_8769370/87693701527.7.jpg,1,스타일대박,33800,33800,여름 원피스 바스락 캉캉 롱원피스 빅사이즈 반팔 휴양지 데일리 하객룩 체형커버 블랙,87693701527,패션의류,100,여성의류
506,2026-05-29 05:30:39.401594,2026-05-29 05:30:39.401594,"",카테고리: 여성의류,https://shopping-phinf.pstatic.net/main_8384647/83846470773.4.jpg,1,애즈라이크,68000,68000,6월 결혼식 하객룩 여름 하객원피스 블랙 77 빅사이즈 돌잔치엄마 정장원피스 상견례옷차림,83846470773,패션의류,100,여성의류
507,2026-05-29 05:30:39.403675,2026-05-29 05:30:39.403675,"",카테고리: 여성의류,https://shopping-phinf.pstatic.net/main_8405619/84056196882.jpg,1,코이블리,19800,19800,루즈핏 냉장고 반팔 플리츠원피스 주름 브이넥 맥시 여름 원피스 여성 롱원피스 블랙 데일리룩,84056196882,패션의류,100,여성의류
508,2026-05-29 05:30:39.405865,2026-05-29 05:30:39.405865,"",카테고리: 여성의류,https://shopping-phinf.pstatic.net/main_8803705/88037058364.jpg,1,funny,25600,25600,뷔스티에원피스 니트나시 블랙롱 촤르르 여름니트 원피스,88037058364,패션의류,100,여성의류
509,2026-05-29 05:30:39.407823,2026-05-29 05:30:39.407823,"",카테고리: 여성의류,https://shopping-phinf.pstatic.net/main_8209474/82094742200.14.jpg,1,바이엘르,19800,19800,여름 원피스 빅사이즈 플리츠 주름 링클 반팔 롱 원피스 하객,82094742200,패션의류,100,여성의류
510,2026-05-29 05:30:39.413577,2026-05-29 05:30:39.413577,샤틴,브랜드: 샤틴 제조사: 영흥 카테고리: 여성의류,https://shopping-phinf.pstatic.net/main_5963925/59639251136.20260412195607.jpg,1,네이버,125560,125560,샤틴 셔츠카라 스트라이프 린넨원피스 S262T652,59639251136,패션의류,100,여성의류
511,2026-05-29 05:30:39.417516,2026-05-29 05:30:39.417516,"",카테고리: 여성의류,https://shopping-phinf.pstatic.net/main_8432506/84325063753.6.jpg,1,10가트,35040,35040,[자체제작] 1980 여름 시원한 고급 나시 브이넥 니트 롱 원피스 블랙,84325063753,패션의류,100,여성의류
512,2026-05-29 05:30:39.42726,2026-05-29 05:30:39.42726,"",카테고리: 여성의류,https://shopping-phinf.pstatic.net/main_8601155/86011553979.11.jpg,1,맥시엘라,36900,36900,쉬폰 롱 잔꽃 꽃무늬 키작녀 여름 휴양지 빅사이즈 플라워 원피스 살랑잔꽃 아이보리,86011553979,패션의류,100,여성의류
513,2026-05-29 05:30:39.435385,2026-05-29 05:30:39.435385,"",카테고리: 여성의류,https://shopping-phinf.pstatic.net/main_8255143/82551430375.229.jpg,1,유어클로,11900,11900,면원피스 롱 빅사이즈 끈 나시 반팔 긴팔 봄 여름 휴양지 편한 캐주얼 홈원피스 데일리룩,82551430375,패션의류,100,여성의류
514,2026-05-29 05:30:39.442537,2026-05-29 05:30:39.442537,미스틱앤코,브랜드: 미스틱앤코 카테고리: 여성의류,https://shopping-phinf.pstatic.net/main_8023400/80234001774.1.jpg,1,로맨틱히피,22500,22500,봄 여름 롱 원피스 플리츠 나시 뷔스티에 블랙,80234001774,패션의류,100,여성의류
515,2026-05-29 05:30:39.448253,2026-05-29 05:30:39.448253,"",제조사: 에스앤더블유홀딩스 카테고리: 여성의류,https://shopping-phinf.pstatic.net/main_5969311/59693118007.20260416211554.jpg,1,네이버,64640,64640,아일렛 티어드 원피스,59693118007,패션의류,100,여성의류
1024,2026-05-29 05:30:42.72663,2026-05-29 05:30:42.72663,"",제조사: 신에츠 카테고리: 공구,https://shopping-phinf.pstatic.net/main_5948254/59482540318.20260401075147.jpg,1,네이버,1570,1570,신에츠 무초산 실리콘 실란트 1개,59482540318,생활/건강,100,공구
516,2026-05-29 05:30:39.457347,2026-05-29 05:30:39.457347,"",카테고리: 여성의류,https://shopping-phinf.pstatic.net/main_8745888/87458881818.1.jpg,1,멜빈트 MELVINT,28500,28500,민소매 원피스 여름 롱 뷔스티에 원피스 레이어드 꽃무늬 시스루 휴양지 아이,87458881818,패션의류,100,여성의류
517,2026-05-29 05:30:39.462534,2026-05-29 05:30:39.462534,"",카테고리: 여성의류,https://shopping-phinf.pstatic.net/main_8357286/83572863818.21.jpg,1,SeoYeon,86800,86800,88사이즈 빅사이즈원피스 결혼식하객룩 50대 혼주 여름 정장원피스 플레어 긴팔 상견례 옷차림,83572863818,패션의류,100,여성의류
518,2026-05-29 05:30:39.465467,2026-05-29 05:30:39.465467,폴햄,브랜드: 폴햄 제조사: 에이션패션 카테고리: 여성의류,https://shopping-phinf.pstatic.net/main_5590393/55903932654.20250722171521.jpg,1,네이버,24210,24210,폴햄 쿨링 크루넥 원피스 PHF2OO2240,55903932654,패션의류,100,여성의류
519,2026-05-29 05:30:39.468171,2026-05-29 05:30:39.468171,헤링본,브랜드: 헤링본 제조사: 헤링본 카테고리: 여성의류,https://shopping-phinf.pstatic.net/main_8205280/82052809843.36.jpg,1,헤링본,29900,29900,헤링본 휴양지 여름 원피스 롱 미니 반팔 쉬폰 나시 바캉스룩 빅사이즈,82052809843,패션의류,100,여성의류
520,2026-05-29 05:30:39.470675,2026-05-29 05:30:39.470675,"",카테고리: 여성의류,https://shopping-phinf.pstatic.net/main_5970710/59707101427.20260417214915.jpg,1,네이버,59700,59700,반팔 바스락 라운드넥 H라인 랩 롱 여름 레이어드 하객원피스,59707101427,패션의류,100,여성의류
521,2026-05-29 05:30:39.473169,2026-05-29 05:30:39.473169,온앤온,브랜드: 온앤온 제조사: 온엔온 카테고리: 여성의류,https://shopping-phinf.pstatic.net/main_5321386/53213864309.20250801145015.jpg,1,네이버,117850,117850,온앤온 플라워 슬리브리스 원피스 NEW5SO212,53213864309,패션의류,100,여성의류
522,2026-05-29 05:30:39.475543,2026-05-29 05:30:39.475543,온앤온,브랜드: 온앤온 제조사: 온엔온 카테고리: 여성의류,https://shopping-phinf.pstatic.net/main_5890607/58906072505.20260212211017.jpg,1,네이버,197440,197440,온앤온 벨트포함 스카프넥 플리츠 원피스 938389,58906072505,패션의류,100,여성의류
523,2026-05-29 05:30:39.478028,2026-05-29 05:30:39.478028,JJ지고트,브랜드: JJ지고트 제조사: 바바패션 카테고리: 여성의류,https://shopping-phinf.pstatic.net/main_5954873/59548731384.20260406014719.jpg,1,네이버,53770,53770,JJ지고트 셔링 블라우스 셋업 원피스 GS5N0OP531,59548731384,패션의류,100,여성의류
524,2026-05-29 05:30:39.480328,2026-05-29 05:30:39.480328,"",카테고리: 여성의류,https://shopping-phinf.pstatic.net/main_8809659/88096593123.2.jpg,1,RENCY,32800,32800,루즈핏 나시 롱 원피스 스퀘어넥 여름 휴양지 원피스 바스락 나일론 시원한 원피스 바캉스룩,88096593123,패션의류,100,여성의류
525,2026-05-29 05:30:39.482684,2026-05-29 05:30:39.482684,제이플로우,브랜드: 제이플로우 카테고리: 여성의류,https://shopping-phinf.pstatic.net/main_8411211/84112114237.jpg,1,제이플로우,27500,27500,"도트 플리츠 주름 쉬폰 여름 롱원피스 (아이보리,블랙) 루즈핏 허리끈 스트링 봄 제이플로우",84112114237,패션의류,100,여성의류
526,2026-05-29 05:30:39.485135,2026-05-29 05:30:39.485135,"",카테고리: 여성의류,https://shopping-phinf.pstatic.net/main_8942331/89423313219.6.jpg,1,마리스 MARIS,39900,39900,6월 하객룩 바스락 원피스 아노락 냉장고 흰 롱 여름랩원피스 만삭사진옷 키작녀,89423313219,패션의류,100,여성의류
527,2026-05-29 05:30:39.487281,2026-05-29 05:30:39.487281,로엠,브랜드: 로엠 제조사: 로엠 카테고리: 여성의류,https://shopping-phinf.pstatic.net/main_5963952/59639525895.20260526100146.jpg,1,네이버,88380,88380,로엠 카라 2in1 트위드 미니 원피스 RMOWG25NT1,59639525895,패션의류,100,여성의류
528,2026-05-29 05:30:39.489397,2026-05-29 05:30:39.489397,라코스테,브랜드: 라코스테 제조사: 라코스테 카테고리: 여성의류,https://shopping-phinf.pstatic.net/main_5950382/59503825366.20260402115412.jpg,1,네이버,219600,219600,라코스테 핏앤플레어 벨티드 폴로 드레스 EF9621 55G,59503825366,패션의류,100,여성의류
529,2026-05-29 05:30:39.491783,2026-05-29 05:30:39.491783,JJ지고트,브랜드: JJ지고트 제조사: 바바패션 카테고리: 여성의류,https://shopping-phinf.pstatic.net/main_5540082/55400821679.20250715084453.jpg,1,네이버,50720,50720,JJ지고트 볼륨 슬리브 플리츠 원피스 GP5A0OP801,55400821679,패션의류,100,여성의류
530,2026-05-29 05:30:39.493993,2026-05-29 05:30:39.493993,탑텐,브랜드: 탑텐 제조사: 밸런스 카테고리: 여성의류,https://shopping-phinf.pstatic.net/main_5319560/53195609579.20250414164751.jpg,1,네이버,19900,19900,탑텐 프리미엄 수퍼 스트레치 원피스 MBF2OO2218,53195609579,패션의류,100,여성의류
531,2026-05-29 05:30:39.49624,2026-05-29 05:30:39.49624,키스해링,브랜드: 키스해링 제조사: 씨앤비인터내셔날 카테고리: 여성의류,https://shopping-phinf.pstatic.net/main_5984680/59846809838.20260429202021.jpg,1,네이버,61510,61510,키스해링 맥시 원피스,59846809838,패션의류,100,여성의류
532,2026-05-29 05:30:39.498493,2026-05-29 05:30:39.498493,써스데이아일랜드,브랜드: 써스데이아일랜드 카테고리: 여성의류,https://shopping-phinf.pstatic.net/main_5929002/59290021198.20260317194215.jpg,1,네이버,164500,164500,써스데이아일랜드 플라워 자수 풀 오픈 원피스 T254AOP235W,59290021198,패션의류,100,여성의류
533,2026-05-29 05:30:39.500834,2026-05-29 05:30:39.500834,샤틴,브랜드: 샤틴 카테고리: 여성의류,https://shopping-phinf.pstatic.net/main_5501905/55019052711.20250814133550.jpg,1,네이버,87500,87500,샤틴 플리츠 리본 원피스 O252T665,55019052711,패션의류,100,여성의류
534,2026-05-29 05:30:39.503103,2026-05-29 05:30:39.503103,제이플로우,브랜드: 제이플로우 카테고리: 여성의류,https://shopping-phinf.pstatic.net/main_8253384/82533849363.18.jpg,1,제이플로우,28500,28500,모니카 세로 핀턱 버튼 롱 원피스 3color 제이플로우 린넨 여름 루즈핏 주름 브이넥,82533849363,패션의류,100,여성의류
535,2026-05-29 05:30:39.50534,2026-05-29 05:30:39.50534,탑텐,브랜드: 탑텐 제조사: 탑텐 카테고리: 여성의류,https://shopping-phinf.pstatic.net/main_5755671/57556710477.20251104120814.jpg,1,네이버,15900,15900,탑텐 그래픽 반팔 롱 원피스 MSF2OO2202,57556710477,패션의류,100,여성의류
536,2026-05-29 05:30:39.507566,2026-05-29 05:30:39.507566,"",카테고리: 여성의류,https://shopping-phinf.pstatic.net/main_8403171/84031714318.4.jpg,1,바이엘르,18800,18800,여름 원피스 빅사이즈 플리츠 반팔 A라인 롱 원피스 봄,84031714318,패션의류,100,여성의류
537,2026-05-29 05:30:39.509783,2026-05-29 05:30:39.509783,써스데이아일랜드,브랜드: 써스데이아일랜드 제조사: 지엔코 카테고리: 여성의류,https://shopping-phinf.pstatic.net/main_5935012/59350128583.20260322041606.jpg,1,네이버,96181,96181,써스데이아일랜드 보더쉬폰 플라워 롱 원피스 T244MOP242W,59350128583,패션의류,100,여성의류
538,2026-05-29 05:30:39.512021,2026-05-29 05:30:39.512021,스튜디오톰보이,브랜드: 스튜디오톰보이 제조사: 명보사 카테고리: 여성의류,https://shopping-phinf.pstatic.net/main_5623849/56238493321.20250911120518.jpg,1,네이버,117550,117550,스튜디오톰보이 핀턱 셔츠형 셔링 원피스 9105341120,56238493321,패션의류,100,여성의류
539,2026-05-29 05:30:39.514172,2026-05-29 05:30:39.514172,폴햄,브랜드: 폴햄 제조사: 에이션패션 카테고리: 여성의류,https://shopping-phinf.pstatic.net/main_5365027/53650272881.20250507092857.jpg,1,네이버,26870,26870,폴햄 무브 아노락형 쿨 원피스 PHF2OO2770,53650272881,패션의류,100,여성의류
540,2026-05-29 05:30:39.516408,2026-05-29 05:30:39.516408,JJ지고트,브랜드: JJ지고트 제조사: 바바패션 카테고리: 여성의류,https://shopping-phinf.pstatic.net/main_5952822/59528221637.20260522124519.jpg,1,네이버,176560,176560,JJ지고트 배색 뷔스티에 플레어 원피스 GS5M0OP931,59528221637,패션의류,100,여성의류
541,2026-05-29 05:30:39.518521,2026-05-29 05:30:39.518521,미쏘,브랜드: 미쏘 제조사: 이랜드 카테고리: 여성의류,https://shopping-phinf.pstatic.net/main_5980953/59809536910.20260426193333.jpg,1,네이버,75680,75680,미쏘 벨티드 원피스 miwowg501b,59809536910,패션의류,100,여성의류
542,2026-05-29 05:30:39.520402,2026-05-29 05:30:39.520402,플리츠미,브랜드: 플리츠미 제조사: 플리츠미 카테고리: 여성의류,https://shopping-phinf.pstatic.net/main_5970639/59706390370.20260417195058.jpg,1,네이버,47880,47880,플리츠미 G54 플리츠 원피스,59706390370,패션의류,100,여성의류
543,2026-05-29 05:30:39.522163,2026-05-29 05:30:39.522163,케네스레이디,브랜드: 케네스레이디 제조사: 라인바이린 카테고리: 여성의류,https://shopping-phinf.pstatic.net/main_5574698/55746983579.20250711165805.jpg,1,네이버,107100,107100,케네스레이디 조닝 벨티드 원피스 EVOPPF9800,55746983579,패션의류,100,여성의류
544,2026-05-29 05:30:39.523797,2026-05-29 05:30:39.523797,써스데이아일랜드,브랜드: 써스데이아일랜드 제조사: 지엔코 카테고리: 여성의류,https://shopping-phinf.pstatic.net/main_5932340/59323400643.20260319233902.jpg,1,네이버,164500,164500,써스데이아일랜드 플라워 자수 풀오픈 원피스 T252AOP144W,59323400643,패션의류,100,여성의류
545,2026-05-29 05:30:39.526053,2026-05-29 05:30:39.526053,써스데이아일랜드,브랜드: 써스데이아일랜드 제조사: 지엔코 카테고리: 여성의류,https://shopping-phinf.pstatic.net/main_5934620/59346209666.20260322012320.jpg,1,네이버,94970,94970,써스데이아일랜드 패턴믹스 롱원피스 T244MOP234W,59346209666,패션의류,100,여성의류
546,2026-05-29 05:30:39.527645,2026-05-29 05:30:39.527645,써스데이아일랜드,브랜드: 써스데이아일랜드 제조사: 지엔코 카테고리: 여성의류,https://shopping-phinf.pstatic.net/main_5984775/59847750682.20260430002715.jpg,1,네이버,131860,131860,써스데이아일랜드 핀코드 디테일 체크원피스 T264MOP286,59847750682,패션의류,100,여성의류
547,2026-05-29 05:30:39.530366,2026-05-29 05:30:39.530366,LAP,브랜드: LAP 제조사: LAP 카테고리: 여성의류,https://shopping-phinf.pstatic.net/main_5573296/55732969440.20250723063653.jpg,1,네이버,26850,26850,LAP 캐리오버 허리스모킹 나일론원피스 AR2WOS83,55732969440,패션의류,100,여성의류
548,2026-05-29 05:30:39.534628,2026-05-29 05:30:39.534628,"",카테고리: 여성의류,https://shopping-phinf.pstatic.net/main_8208742/82087429056.jpg,1,코이블리,21900,21900,슬림 맥시 반팔 랩 원피스 냉장고 브이넥 루즈핏 롱원피스 여름원피스 여성 휴양지 바캉스룩,82087429056,패션의류,100,여성의류
549,2026-05-29 05:30:39.538033,2026-05-29 05:30:39.538033,슬로우롤리,브랜드: 슬로우롤리 카테고리: 여성의류,https://shopping-phinf.pstatic.net/main_5954800/59548000043.20260405215554.jpg,1,네이버,81560,81560,슬로우롤리 Back slit pleated midi dress,59548000043,패션의류,100,여성의류
550,2026-05-29 05:30:39.540693,2026-05-29 05:30:39.540693,스튜디오톰보이,브랜드: 스튜디오톰보이 제조사: 명보사 카테고리: 여성의류,https://shopping-phinf.pstatic.net/main_5618482/56184828729.20251018071826.jpg,1,네이버,84470,84470,스튜디오톰보이 볼륨 허리밴딩 원피스 9105341112,56184828729,패션의류,100,여성의류
551,2026-05-29 05:30:39.543322,2026-05-29 05:30:39.543322,써스데이아일랜드,브랜드: 써스데이아일랜드 제조사: 지엔코 카테고리: 여성의류,https://shopping-phinf.pstatic.net/main_5944787/59447879690.20260329221054.jpg,1,네이버,81608,81608,써스데이아일랜드 플라워패턴 슬리브리스 원피스 T244MOP257W,59447879690,패션의류,100,여성의류
552,2026-05-29 05:30:39.545943,2026-05-29 05:30:39.545943,"",카테고리: 여성의류,https://shopping-phinf.pstatic.net/main_5964775/59647756030.20260413202701.jpg,1,네이버,17490,17490,오픈 카라 벨티드 썸머 원피스,59647756030,패션의류,100,여성의류
553,2026-05-29 05:30:39.548528,2026-05-29 05:30:39.548528,JJ지고트,브랜드: JJ지고트 제조사: 바바패션 카테고리: 여성의류,https://shopping-phinf.pstatic.net/main_5968627/59686275500.20260522124551.jpg,1,네이버,77400,77400,JJ지고트 셔츠 배색 블라우스 +팬츠 세트 GS6P0OPW21,59686275500,패션의류,100,여성의류
554,2026-05-29 05:30:39.551099,2026-05-29 05:30:39.551099,써스데이아일랜드,브랜드: 써스데이아일랜드 제조사: 지엔코 카테고리: 여성의류,https://shopping-phinf.pstatic.net/main_5771567/57715675387.20251110171531.jpg,1,네이버,68620,68620,써스데이아일랜드 슬리브리스 데님원피스 T254MOP351W,57715675387,패션의류,100,여성의류
555,2026-05-29 05:30:39.553591,2026-05-29 05:30:39.553591,"",카테고리: 여성의류,https://shopping-phinf.pstatic.net/main_8441989/84419897329.5.jpg,1,멜빈트 MELVINT,40500,40500,국내제작 데님 원피스 롱 여름 원피스 청 스티치 셔링 아이스청,84419897329,패션의류,100,여성의류
556,2026-05-29 05:30:39.556132,2026-05-29 05:30:39.556132,럭키슈에뜨,브랜드: 럭키슈에뜨 제조사: 코오롱인더스트리 카테고리: 여성의류,https://shopping-phinf.pstatic.net/main_5865956/58659563673.20260129182637.jpg,1,네이버,256800,256800,럭키슈에뜨 프릴 배색 반팔 롱 원피스 LYDAM26480,58659563673,패션의류,100,여성의류
557,2026-05-29 05:30:39.558762,2026-05-29 05:30:39.558762,"",카테고리: 여성의류,https://shopping-phinf.pstatic.net/main_8618576/86185768404.1.jpg,1,로로희,25200,25200,로랑 롱 원피스 (반팔/긴팔옵션),86185768404,패션의류,100,여성의류
558,2026-05-29 05:30:39.561237,2026-05-29 05:30:39.561237,"",카테고리: 여성의류,https://shopping-phinf.pstatic.net/main_8312172/83121726406.jpg,1,오브드코지,27900,27900,여름 편한 시원한 슬립 뷔에스트 끈 나시 린넨 마 베이지 블랙 레이어드 뷔스티에 원피스,83121726406,패션의류,100,여성의류
559,2026-05-29 05:30:39.56366,2026-05-29 05:30:39.56366,올리브데올리브,브랜드: 올리브데올리브 제조사: 올리브데올리브 카테고리: 여성의류,https://shopping-phinf.pstatic.net/main_5969319/59693191923.20260416211906.jpg,1,네이버,46400,46400,올리브데올리브 시어서커 백밴딩 플레어 원피스,59693191923,패션의류,100,여성의류
560,2026-05-29 05:30:39.566063,2026-05-29 05:30:39.566063,"",카테고리: 여성의류,https://shopping-phinf.pstatic.net/main_8632739/86327393617.4.jpg,1,코튼홀릭,29900,29900,로지 여름 캉캉 롱 바스락원피스,86327393617,패션의류,100,여성의류
561,2026-05-29 05:30:39.568668,2026-05-29 05:30:39.568668,브리엘,브랜드: 브리엘 제조사: 브리엘 카테고리: 여성의류,https://shopping-phinf.pstatic.net/main_5663125/56631257336.20250907235221.jpg,1,네이버,18500,18500,브리엘 버튼 스트라이프 원피스,56631257336,패션의류,100,여성의류
562,2026-05-29 05:30:39.571173,2026-05-29 05:30:39.571173,쉬즈미스,브랜드: 쉬즈미스 제조사: 인동에프엔 카테고리: 여성의류,https://shopping-phinf.pstatic.net/main_5726953/57269530840.20251020071156.jpg,1,네이버,78110,78110,쉬즈미스 코튼 혼방 하프 슬리브 원피스 SWWOPP22070,57269530840,패션의류,100,여성의류
563,2026-05-29 05:30:39.573754,2026-05-29 05:30:39.573754,써스데이아일랜드,브랜드: 써스데이아일랜드 제조사: 지엔코 카테고리: 여성의류,https://shopping-phinf.pstatic.net/main_5899708/58997084802.20260222010616.jpg,1,네이버,164500,164500,써스데이아일랜드 플라워 자수 풀오픈원피스 T252AOP143W,58997084802,패션의류,100,여성의류
564,2026-05-29 05:30:39.576082,2026-05-29 05:30:39.576082,노스페이스,브랜드: 노스페이스 제조사: 영원아웃도어 카테고리: 여성의류,https://shopping-phinf.pstatic.net/main_5761636/57616369111.20251106190449.jpg,1,네이버,77570,77570,노스페이스 코브 원피스 NT7ZR30,57616369111,패션의류,100,여성의류
565,2026-05-29 05:30:39.578372,2026-05-29 05:30:39.578372,써스데이아일랜드,브랜드: 써스데이아일랜드 제조사: 수빈 카테고리: 여성의류,https://shopping-phinf.pstatic.net/main_5934599/59345998585.20260321235619.jpg,1,네이버,94970,94970,써스데이아일랜드 브이넥 티어드 원피스 T244MOP282W,59345998585,패션의류,100,여성의류
566,2026-05-29 05:30:39.580604,2026-05-29 05:30:39.580604,"",카테고리: 여성의류,https://shopping-phinf.pstatic.net/main_8843481/88434817097.2.jpg,1,애즈라이크,79400,79400,6월 결혼식 하객룩 여름 하객원피스 빅사이즈 77 정장원피스 피로연 상견례옷차림,88434817097,패션의류,100,여성의류
567,2026-05-29 05:30:39.582808,2026-05-29 05:30:39.582808,GGPX,브랜드: GGPX 제조사: 디에스패션 카테고리: 여성의류,https://shopping-phinf.pstatic.net/main_5949327/59493276022.20260401180834.jpg,1,네이버,28830,28830,GGPX 러블리 레이어드 플리츠 반팔 롱 원피스 gqbow013d,59493276022,패션의류,100,여성의류
568,2026-05-29 05:30:39.58501,2026-05-29 05:30:39.58501,"",카테고리: 여성의류,https://shopping-phinf.pstatic.net/main_8610092/86100924317.9.jpg,1,엄마옷우아모,75800,75800,우아모 깔끔한 타이 카라 롱원피스 중년여성 하객룩 봄여름 정장 엄마옷,86100924317,패션의류,100,여성의류
569,2026-05-29 05:30:39.586844,2026-05-29 05:30:39.586844,브리엘,브랜드: 브리엘 제조사: 브리엘 카테고리: 여성의류,https://shopping-phinf.pstatic.net/main_5731613/57316136653.20251021221758.jpg,1,네이버,18500,18500,브리엘 데님 슬리브리스 원피스 2종,57316136653,패션의류,100,여성의류
570,2026-05-29 05:30:39.588598,2026-05-29 05:30:39.588598,SOUP,브랜드: SOUP 제조사: 동광인터내셔날 카테고리: 여성의류,https://shopping-phinf.pstatic.net/main_5968889/59688892698.20260416143209.jpg,1,네이버,55180,55180,SOUP 스퀘어넥 롱 원피스 SC5OP90,59688892698,패션의류,100,여성의류
571,2026-05-29 05:30:39.590465,2026-05-29 05:30:39.590465,노스페이스,브랜드: 노스페이스 제조사: 영원아웃도어 카테고리: 여성의류,https://shopping-phinf.pstatic.net/main_5777504/57775041223.20251115082408.jpg,1,네이버,90700,90700,노스페이스 프리마 원피스 NT7ZR31,57775041223,패션의류,100,여성의류
572,2026-05-29 05:30:39.592186,2026-05-29 05:30:39.592186,써스데이아일랜드,브랜드: 써스데이아일랜드 제조사: 지엔코 카테고리: 여성의류,https://shopping-phinf.pstatic.net/main_5908138/59081386926.20260228084754.jpg,1,네이버,149150,149150,써스데이아일랜드 볼륨소매 반 오픈 데님 원피스 T254AOP353W,59081386926,패션의류,100,여성의류
573,2026-05-29 05:30:39.59621,2026-05-29 05:30:39.59621,GGPX,브랜드: GGPX 제조사: 디에스패션 카테고리: 여성의류,https://shopping-phinf.pstatic.net/main_5953466/59534668980.20260404165513.jpg,1,네이버,26860,26860,GGPX 러블리 백 끈 브이넥 프릴 롱 원피스 GQBOW020D,59534668980,패션의류,100,여성의류
574,2026-05-29 05:30:39.598866,2026-05-29 05:30:39.598866,타미진스,브랜드: 타미진스 제조사: HANDSOME 카테고리: 여성의류,https://shopping-phinf.pstatic.net/main_9083751/90837517340.jpg,1,Tommy Hilfiger,139300,139300,린넨 블렌드 맥시 셔츠 원피스 (T32G1WOP35TWT21AB),90837517340,패션의류,100,여성의류
575,2026-05-29 05:30:39.601075,2026-05-29 05:30:39.601075,내셔널지오그래픽,브랜드: 내셔널지오그래픽 제조사: 내셔널지오그래픽 카테고리: 여성의류,https://shopping-phinf.pstatic.net/main_5694876/56948761636.20250926231234.jpg,1,네이버,77900,77900,내셔널지오그래픽 우븐 스트레치 후드 반팔 원피스 N242WOP980,56948761636,패션의류,100,여성의류
576,2026-05-29 05:30:39.603153,2026-05-29 05:30:39.603153,"",카테고리: 여성의류,https://shopping-phinf.pstatic.net/main_4737023/47370233683.20240716085226.jpg,1,네이버,25300,25300,오브 골드 단추 셔링 오픈 카라 플레어 원피스,47370233683,패션의류,100,여성의류
577,2026-05-29 05:30:39.610079,2026-05-29 05:30:39.610079,"",카테고리: 여성의류,https://shopping-phinf.pstatic.net/main_8634835/86348353099.5.jpg,1,멜빈트 MELVINT,27500,27500,여름 원피스 바캉스룩 셔링 링클 퍼프 휴양지 원피스 하객 블랙,86348353099,패션의류,100,여성의류
578,2026-05-29 05:30:39.613011,2026-05-29 05:30:39.613011,써스데이아일랜드,브랜드: 써스데이아일랜드 제조사: 지엔코 카테고리: 여성의류,https://shopping-phinf.pstatic.net/main_5989634/59896346304.20260504061306.jpg,1,네이버,210180,210180,써스데이아일랜드 보더믹스 풀오픈 원피스 T264MOP251W,59896346304,패션의류,100,여성의류
579,2026-05-29 05:30:39.615512,2026-05-29 05:30:39.615512,타미힐피거,브랜드: 타미힐피거 제조사: 타미힐피거 카테고리: 여성의류,https://shopping-phinf.pstatic.net/main_5953748/59537485084.20260404214920.jpg,1,네이버,118400,118400,타미힐피거 타미진 캐주얼 반팔 린넨 셔츠 롱 원피스 TOMMYG1WOP035W1,59537485084,패션의류,100,여성의류
580,2026-05-29 05:30:39.617732,2026-05-29 05:30:39.617732,BCBG,브랜드: BCBG 제조사: 수인터내셔날 카테고리: 여성의류,https://shopping-phinf.pstatic.net/main_5774371/57743719465.20251115090256.jpg,1,네이버,60000,60000,BCBG 베르동 원피스 b4c7o610,57743719465,패션의류,100,여성의류
581,2026-05-29 05:30:39.620871,2026-05-29 05:30:39.620871,"",카테고리: 여성의류,https://shopping-phinf.pstatic.net/main_8247972/82479728677.1.jpg,1,10가트,32340,32340,037 여름 편한 루즈핏 반팔 옆트임 롱 니트 원피스 결혼식 하객 임부 만삭,82479728677,패션의류,100,여성의류
582,2026-05-29 05:30:39.623083,2026-05-29 05:30:39.623083,라코스테,브랜드: 라코스테 제조사: 라코스테 카테고리: 여성의류,https://shopping-phinf.pstatic.net/main_5967720/59677201026.20260415173758.jpg,1,네이버,287100,287100,라코스테 사선플라켓 폴로 드레스 EF508E 56G,59677201026,패션의류,100,여성의류
583,2026-05-29 05:30:39.625149,2026-05-29 05:30:39.625149,"",카테고리: 여성의류,https://shopping-phinf.pstatic.net/main_5706751/57067512090.20251002185033.jpg,1,네이버,73700,73700,우아한 중년여성 이중 원피스 하객룩,57067512090,패션의류,100,여성의류
584,2026-05-29 05:30:39.629786,2026-05-29 05:30:39.629786,쉬즈미스,브랜드: 쉬즈미스 제조사: 인동에프엔 카테고리: 여성의류,https://shopping-phinf.pstatic.net/main_5714081/57140814683.20251019081009.jpg,1,네이버,80100,80100,쉬즈미스 코튼 혼방 슬리브리스 원피스 SWWOPP22140,57140814683,패션의류,100,여성의류
585,2026-05-29 05:30:39.631985,2026-05-29 05:30:39.631985,JJ지고트,브랜드: JJ지고트 제조사: 바바패션 카테고리: 여성의류,https://shopping-phinf.pstatic.net/main_5514021/55140210530.20250702094222.jpg,1,네이버,58800,58800,JJ지고트 배색 스티치 플레어 원피스 GP6M0OP941,55140210530,패션의류,100,여성의류
586,2026-05-29 05:30:39.634186,2026-05-29 05:30:39.634186,플리츠미,브랜드: 플리츠미 제조사: 플리츠미 카테고리: 여성의류,https://shopping-phinf.pstatic.net/main_5919595/59195952201.20260309234142.jpg,1,네이버,49888,49888,플리츠미 카라 사선 텍스처 7부 슬리브 원피스 EPOPM026,59195952201,패션의류,100,여성의류
587,2026-05-29 05:30:39.638957,2026-05-29 05:30:39.638957,폴햄,브랜드: 폴햄 제조사: 에이션패션 카테고리: 여성의류,https://shopping-phinf.pstatic.net/main_5960780/59607801964.20260410004909.jpg,1,네이버,32900,32900,폴햄 아노락 카라 원피스 PHG2OO2601,59607801964,패션의류,100,여성의류
588,2026-05-29 05:30:39.645574,2026-05-29 05:30:39.645574,피그먼트,브랜드: 피그먼트 카테고리: 여성의류,https://shopping-phinf.pstatic.net/main_5970669/59706693154.20260417202843.jpg,1,네이버,47970,47970,피그먼트 스트라이프셔츠원피스 kyop2602010,59706693154,패션의류,100,여성의류
589,2026-05-29 05:30:39.648466,2026-05-29 05:30:39.648466,"",카테고리: 여성의류,https://shopping-phinf.pstatic.net/main_9016324/90163241077.8.jpg,1,제이X제곱,19900,19900,롱원피스 빅사이즈 면 반팔 긴팔 나시 루즈핏 휴양지 봄 여름 홈원피스 77 88 데일리룩,90163241077,패션의류,100,여성의류
590,2026-05-29 05:30:39.65111,2026-05-29 05:30:39.65111,올리브데올리브,브랜드: 올리브데올리브 제조사: 올리브데올리브 카테고리: 여성의류,https://shopping-phinf.pstatic.net/main_5978896/59788960967.20260502031002.jpg,1,네이버,53200,53200,올리브데올리브 네츄럴 드레이프 셋업 YW6MO314,59788960967,패션의류,100,여성의류
591,2026-05-29 05:30:39.653395,2026-05-29 05:30:39.653395,잇미샤,브랜드: 잇미샤 제조사: 시선인터내셔널 카테고리: 여성의류,https://shopping-phinf.pstatic.net/main_6005531/60055319580.20260517031012.jpg,1,네이버,304100,304100,잇미샤 투인원 도트 원피스 ITQ6WOP970,60055319580,패션의류,100,여성의류
592,2026-05-29 05:30:39.658299,2026-05-29 05:30:39.658299,샤틴,브랜드: 샤틴 카테고리: 여성의류,https://shopping-phinf.pstatic.net/main_5937890/59378903513.20260327075203.jpg,1,네이버,59900,59900,샤틴 리본 도트 셔링 롱원피스 O262T650,59378903513,패션의류,100,여성의류
593,2026-05-29 05:30:39.663463,2026-05-29 05:30:39.663463,써스데이아일랜드,브랜드: 써스데이아일랜드 제조사: 지엔코 카테고리: 여성의류,https://shopping-phinf.pstatic.net/main_5984660/59846607449.20260429200156.jpg,1,네이버,161150,161150,써스데이아일랜드 플로럴 무드 핀턱 디테일 원피스 t264mop262w,59846607449,패션의류,100,여성의류
594,2026-05-29 05:30:39.665842,2026-05-29 05:30:39.665842,"",제조사: 네파 카테고리: 여성의류,https://shopping-phinf.pstatic.net/main_5969344/59693449393.20260425064847.jpg,1,네이버,82240,82240,네파 시어서커 원피스,59693449393,패션의류,100,여성의류
595,2026-05-29 05:30:39.668027,2026-05-29 05:30:39.668027,마리끌레르,브랜드: 마리끌레르 제조사: 마리끌레르 카테고리: 여성의류,https://shopping-phinf.pstatic.net/main_6005216/60052163565.20260515151943.jpg,1,네이버,37910,37910,마리끌레르 바스락 퍼프 소매 반팔 원피스 MAGBOP07M,60052163565,패션의류,100,여성의류
596,2026-05-29 05:30:39.670683,2026-05-29 05:30:39.670683,"",카테고리: 여성의류,https://shopping-phinf.pstatic.net/main_6007467/60074672783.20260517180626.jpg,1,네이버,29000,29000,키작녀 슈어블 시어 원피스,60074672783,패션의류,100,여성의류
597,2026-05-29 05:30:39.673018,2026-05-29 05:30:39.673018,라코스테,브랜드: 라코스테 제조사: 라코스테 카테고리: 여성의류,https://shopping-phinf.pstatic.net/main_8684373/86843737535.3.jpg,1,헤이몬트,89800,89800,라코스테 여성 벨티드 A라인 루즈핏 폴로 원피스 휴양지 간절기 원피스,86843737535,패션의류,100,여성의류
598,2026-05-29 05:30:39.675636,2026-05-29 05:30:39.675636,라코스테,브랜드: 라코스테 제조사: 라코스테 카테고리: 여성의류,https://shopping-phinf.pstatic.net/main_5479555/54795557280.20250901165017.jpg,1,네이버,137437,137437,라코스테 슬림핏 미니 피케 폴로 드레스 EF5473 55G,54795557280,패션의류,100,여성의류
599,2026-05-29 05:30:39.67782,2026-05-29 05:30:39.67782,헤지스,브랜드: 헤지스 제조사: LF 카테고리: 여성의류,https://shopping-phinf.pstatic.net/main_5891792/58917924125.20260213210628.jpg,1,네이버,212560,212560,헤지스 셔링 장식 면 데님 원피스 WSDR5B301,58917924125,패션의류,100,여성의류
600,2026-05-29 05:30:39.68095,2026-05-29 05:30:39.68095,샤틴,브랜드: 샤틴 카테고리: 여성의류,https://shopping-phinf.pstatic.net/main_5970709/59707099897.20260418003727.jpg,1,네이버,63360,63360,샤틴 도트 시어 퍼프 소매 스모킹 원피스 O262T611,59707099897,패션의류,100,여성의류
601,2026-05-29 05:30:40.000145,2026-05-29 05:30:40.000145,LG그램,브랜드: LG그램 제조사: LG전자 카테고리: 노트북,https://shopping-phinf.pstatic.net/main_5848818/58488180590.20260416154654.jpg,1,네이버,1645890,1645890,"LG전자 LG그램 14ZD95U-GX56K RAM 16GB, 256GB",58488180590,디지털/가전,100,노트북
602,2026-05-29 05:30:40.003409,2026-05-29 05:30:40.003409,갤럭시북,브랜드: 갤럭시북 제조사: 삼성전자 카테고리: 노트북,https://shopping-phinf.pstatic.net/main_8795238/87952389253.11.jpg,1,삼성공식파트너 코인비엠에스,469000,469000,삼성 갤럭시북 인강용 사무용 윈도우11 저가 싼 노트북 기본팩,87952389253,디지털/가전,100,노트북
603,2026-05-29 05:30:40.006254,2026-05-29 05:30:40.006254,LG그램,브랜드: LG그램 제조사: LG전자 카테고리: 노트북,https://shopping-phinf.pstatic.net/main_5938784/59387849996.20260325163536.jpg,1,네이버,2028990,2028990,"LG전자 LG그램 노트북 14ZD95U-GX59K RAM 32GB, 1TB",59387849996,디지털/가전,100,노트북
604,2026-05-29 05:30:40.008727,2026-05-29 05:30:40.008727,갤럭시북4,브랜드: 갤럭시북4 제조사: 삼성전자 카테고리: 노트북,https://shopping-phinf.pstatic.net/main_5264677/52646775138.20260416122040.jpg,1,네이버,1398900,1398900,"삼성전자 갤럭시북4 NT750XGR-A71A 16GB, 512GB",52646775138,디지털/가전,100,노트북
605,2026-05-29 05:30:40.011358,2026-05-29 05:30:40.011358,베이직스,브랜드: 베이직스 제조사: 베이직스 카테고리: 노트북,https://shopping-phinf.pstatic.net/main_8869388/88693886707.14.jpg,1,베이직스 스토어,858000,858000,베이직북16 사무용 가벼운 노트북 인강용 업무용 영상편집 윈도우11 16GB/512GB,88693886707,디지털/가전,100,노트북
606,2026-05-29 05:30:40.013981,2026-05-29 05:30:40.013981,LG그램,브랜드: LG그램 제조사: LG전자 카테고리: 노트북,https://shopping-phinf.pstatic.net/main_5876781/58767810454.20260416105952.jpg,1,네이버,1760840,1760840,"LG전자 LG그램 14ZD95U-GX5WK RAM 16GB, 256GB",58767810454,디지털/가전,100,노트북
607,2026-05-29 05:30:40.016461,2026-05-29 05:30:40.016461,HP,브랜드: HP 제조사: HP 카테고리: 노트북,https://shopping-phinf.pstatic.net/main_8992036/89920367068.6.jpg,1,노트북전문파트너점,569000,569000,HP 주식용 노트북 AMD R5 8GB 256GB WIN11 저렴한 휴대용 사무용 대학생용,89920367068,디지털/가전,100,노트북
608,2026-05-29 05:30:40.018928,2026-05-29 05:30:40.018928,HP,브랜드: HP 제조사: HP 카테고리: 노트북,https://shopping-phinf.pstatic.net/main_9035778/90357788853.3.jpg,1,노트북전문파트너점,569000,569000,HP 노트북 AMD R5 8GB 256GB Win11 대학생 인강용 직장인 주식용 사무용,90357788853,디지털/가전,100,노트북
609,2026-05-29 05:30:40.021368,2026-05-29 05:30:40.021368,아이디어패드,브랜드: 아이디어패드 제조사: 레노버 카테고리: 노트북,https://shopping-phinf.pstatic.net/main_8752866/87528666743.11.jpg,1,제이 씨앤에스,649000,649000,레노버 노트북 슬림3 라이젠 R5 WUXGA win11 포토샵 사무용 인강용 대학생,87528666743,디지털/가전,100,노트북
610,2026-05-29 05:30:40.023604,2026-05-29 05:30:40.023604,베이직스,브랜드: 베이직스 제조사: 베이직스 카테고리: 노트북,https://shopping-phinf.pstatic.net/main_9049913/90499135044.jpg,1,베이직스 스토어,998000,998000,베이직북16 Pro 노트북 사무용 업무용 가벼운 영상편집 게이밍 16GB/512GB,90499135044,디지털/가전,100,노트북
611,2026-05-29 05:30:40.025958,2026-05-29 05:30:40.025958,LG전자,브랜드: LG전자 제조사: LG전자 카테고리: 노트북,https://shopping-phinf.pstatic.net/main_8371873/83718736488.18.jpg,1,제이 씨앤에스,1399000,1399000,LG전자 2026 그램북 노트북 Ai 사무용 대학생 WUXGA 16GB NVMe256GB,83718736488,디지털/가전,100,노트북
612,2026-05-29 05:30:40.028147,2026-05-29 05:30:40.028147,LG그램,브랜드: LG그램 제조사: LG전자 카테고리: 노트북,https://shopping-phinf.pstatic.net/main_8663600/86636005031.8.jpg,1,온라인총판대리점,1599000,1599000,LG그램 2026 노트북 인텔 팬서레이크 Ultra5 16GB 256GB 사무용 인강용,86636005031,디지털/가전,100,노트북
613,2026-05-29 05:30:40.030254,2026-05-29 05:30:40.030254,LG그램,브랜드: LG그램 제조사: LG전자 카테고리: 노트북,https://shopping-phinf.pstatic.net/main_5427786/54277867358.20260416152325.jpg,1,네이버,1350000,1350000,"LG전자 LG그램 15ZD90T-GX56K 16GB, 256GB",54277867358,디지털/가전,100,노트북
614,2026-05-29 05:30:40.032308,2026-05-29 05:30:40.032308,갤럭시북5 프로360,브랜드: 갤럭시북5 프로360 제조사: 삼성전자 카테고리: 노트북,https://shopping-phinf.pstatic.net/main_5427813/54278130349.20250418171440.jpg,1,네이버,2821050,2821050,"삼성전자 갤럭시북5 프로360 NT960QHA-K71A 16GB, 512GB",54278130349,디지털/가전,100,노트북
615,2026-05-29 05:30:40.034369,2026-05-29 05:30:40.034369,LG그램,브랜드: LG그램 제조사: LG전자 카테고리: 노트북,https://shopping-phinf.pstatic.net/main_8606838/86068386747.1.jpg,1,온라인총판대리점,1499000,1499000,LG그램 노트북 15 인텔 i5 16GB 256GB 가벼운 대학생 포토샵 엘지 노트북,86068386747,디지털/가전,100,노트북
616,2026-05-29 05:30:40.036467,2026-05-29 05:30:40.036467,Apple,브랜드: Apple 제조사: Apple 카테고리: 노트북,https://shopping-phinf.pstatic.net/main_5915309/59153094780.20260309091214.jpg,1,네이버,959490,959490,"Apple 맥북 네오 A18 Pro CPU 6코어/ GPU 5코어 RAM 8GB, 256GB",59153094780,디지털/가전,100,노트북
617,2026-05-29 05:30:40.038591,2026-05-29 05:30:40.038591,Apple,브랜드: Apple 제조사: Apple 카테고리: 노트북,https://shopping-phinf.pstatic.net/main_5914235/59142358555.20260305152033.jpg,1,네이버,1966480,1966480,"Apple 맥북 에어 15 2026년 M5 CPU 10코어/ GPU 10코어 RAM 16GB, 512GB",59142358555,디지털/가전,100,노트북
618,2026-05-29 05:30:40.040768,2026-05-29 05:30:40.040768,"",제조사: ASUS 카테고리: 노트북,https://shopping-phinf.pstatic.net/main_8912173/89121733275.5.jpg,1,창이로운,569000,569000,ASUS 노트북 비보북15 라이젠5 8GB 256GB 윈도우11 대학생 인강용 사무용,89121733275,디지털/가전,100,노트북
619,2026-05-29 05:30:40.042925,2026-05-29 05:30:40.042925,LG그램,브랜드: LG그램 제조사: LG전자 카테고리: 노트북,https://shopping-phinf.pstatic.net/main_5848812/58488120091.20260416104601.jpg,1,네이버,1350000,1350000,"LG전자 LG그램 15ZD95U-GX56K RAM 16GB, 256GB",58488120091,디지털/가전,100,노트북
620,2026-05-29 05:30:40.045063,2026-05-29 05:30:40.045063,갤럭시북5 프로,브랜드: 갤럭시북5 프로 제조사: 삼성전자 카테고리: 노트북,https://shopping-phinf.pstatic.net/main_5301848/53018484446.20260416105401.jpg,1,네이버,2619880,2619880,"삼성전자 갤럭시북5 프로 NT960XHA-K52A 32GB, 256GB",53018484446,디지털/가전,100,노트북
621,2026-05-29 05:30:40.047229,2026-05-29 05:30:40.047229,ASUS,브랜드: ASUS 제조사: ASUS 카테고리: 노트북,https://shopping-phinf.pstatic.net/main_9081377/90813779685.3.jpg,1,노트북전문파트너점,599000,599000,ASUS 주식용 노트북 AMD R5 150 8GB 256GB Win11 사무용 대학생 코딩,90813779685,디지털/가전,100,노트북
622,2026-05-29 05:30:40.049509,2026-05-29 05:30:40.049509,LG전자,브랜드: LG전자 제조사: LG전자 카테고리: 노트북,https://shopping-phinf.pstatic.net/main_8707421/87074218592.14.jpg,1,카인드스토어몰,1495000,1495000,LG그램 노트북 가벼운 그램 AI AMD 라이젠 16GB 256GB 인강용 대학생,87074218592,디지털/가전,100,노트북
623,2026-05-29 05:30:40.051691,2026-05-29 05:30:40.051691,LG그램,브랜드: LG그램 제조사: LG전자 카테고리: 노트북,https://shopping-phinf.pstatic.net/main_8723085/87230858065.12.jpg,1,LG전자인증점 티앤티정보,1877000,1877000,LG그램 14 노트북 팬서레이크 울트라5 16GB 256GB 사무용 대학생,87230858065,디지털/가전,100,노트북
624,2026-05-29 05:30:40.053846,2026-05-29 05:30:40.053846,ASUS,브랜드: ASUS 제조사: ASUS 카테고리: 노트북,https://shopping-phinf.pstatic.net/main_8940386/89403863031.3.jpg,1,카인드스토어몰,799000,799000,ASUS 노트북 라이젠5 AI 16GB NVMe512GB win11 업무용 영상편집 사무용 대학생 인강용,89403863031,디지털/가전,100,노트북
625,2026-05-29 05:30:40.055877,2026-05-29 05:30:40.055877,LG전자,브랜드: LG전자 제조사: LG전자 카테고리: 노트북,https://shopping-phinf.pstatic.net/main_8944551/89445510685.13.jpg,1,LG전자인증점 베스트CNF,1960000,1960000,2026 LG그램 15 AI 노트북 울트라5 팬서레이크 16GB 대학생 인강 과제용 가벼운,89445510685,디지털/가전,100,노트북
626,2026-05-29 05:30:40.058017,2026-05-29 05:30:40.058017,LG전자,브랜드: LG전자 제조사: LG전자 카테고리: 노트북,https://shopping-phinf.pstatic.net/main_8629110/86291109390.137.jpg,1,LG전자인증점 베스트CNF,1810000,1810000,[Win11탑재] LG그램북 16 AMD 라이젠 AI 5 대학생 직장인 노트북 코파일럿PC,86291109390,디지털/가전,100,노트북
627,2026-05-29 05:30:40.060139,2026-05-29 05:30:40.060139,그램 프로,브랜드: 그램 프로 제조사: LG전자 카테고리: 노트북,https://shopping-phinf.pstatic.net/main_5848927/58489271922.20260113165430.jpg,1,네이버,2830000,2830000,"LG전자 그램 프로 16ZD95U-GX79K RAM 32GB, 256GB",58489271922,디지털/가전,100,노트북
628,2026-05-29 05:30:40.062337,2026-05-29 05:30:40.062337,그램 프로,브랜드: 그램 프로 제조사: LG전자 카테고리: 노트북,https://shopping-phinf.pstatic.net/main_5876800/58768005169.20260202143800.jpg,1,네이버,2419000,2419000,"LG전자 그램 프로 16ZD90U-GX56K RAM 16GB, 256GB",58768005169,디지털/가전,100,노트북
629,2026-05-29 05:30:40.064476,2026-05-29 05:30:40.064476,그램 프로,브랜드: 그램 프로 제조사: LG전자 카테고리: 노트북,https://shopping-phinf.pstatic.net/main_5878136/58781367987.20260203141722.jpg,1,네이버,2866000,2866000,"LG전자 그램 프로 17ZD90U-GX79K RAM 32GB, 256GB",58781367987,디지털/가전,100,노트북
630,2026-05-29 05:30:40.066596,2026-05-29 05:30:40.066596,그램북,브랜드: 그램북 제조사: LG전자 카테고리: 노트북,https://shopping-phinf.pstatic.net/main_6002659/60026597670.20260514104243.jpg,1,네이버,1578980,1578980,"LG전자 그램북 16U55U-GS5CK 16GB, 256GB",60026597670,디지털/가전,100,노트북
631,2026-05-29 05:30:40.068792,2026-05-29 05:30:40.068792,갤럭시북5 프로,브랜드: 갤럭시북5 프로 제조사: 삼성전자 카테고리: 노트북,https://shopping-phinf.pstatic.net/main_5301847/53018472231.20250214164522.jpg,1,네이버,2999000,2999000,"삼성전자 갤럭시북5 프로 노트북 NT960XHA-K71AR 32GB, 1TB",53018472231,디지털/가전,100,노트북
632,2026-05-29 05:30:40.071029,2026-05-29 05:30:40.071029,갤럭시북4 프로,브랜드: 갤럭시북4 프로 제조사: 삼성전자 카테고리: 노트북,https://shopping-phinf.pstatic.net/main_5264666/52646663819.20250124101219.jpg,1,네이버,1899000,1899000,"삼성전자 갤럭시북4 프로 NT940XGQ-A51A 16GB, 256GB",52646663819,디지털/가전,100,노트북
633,2026-05-29 05:30:40.073109,2026-05-29 05:30:40.073109,LG그램,브랜드: LG그램 제조사: LG전자 카테고리: 노트북,https://shopping-phinf.pstatic.net/main_5898066/58980669363.20260220105426.jpg,1,네이버,1877000,1877000,"LG전자 LG그램 15ZD95U-GX5WK RAM 16GB, 256GB",58980669363,디지털/가전,100,노트북
634,2026-05-29 05:30:40.075127,2026-05-29 05:30:40.075127,LG그램,브랜드: LG그램 제조사: LG전자 카테고리: 노트북,https://shopping-phinf.pstatic.net/main_5848811/58488118619.20260113144320.jpg,1,네이버,2645890,2645890,"LG전자 LG그램 17ZD90TL-GX79K RAM 32GB, 256GB",58488118619,디지털/가전,100,노트북
635,2026-05-29 05:30:40.077145,2026-05-29 05:30:40.077145,그램 프로,브랜드: 그램 프로 제조사: LG전자 카테고리: 노트북,https://shopping-phinf.pstatic.net/main_5850982/58509823828.20260114181349.jpg,1,네이버,2319000,2319000,"LG전자 그램 프로 16ZD95U-GX56K 16GB, 256GB",58509823828,디지털/가전,100,노트북
636,2026-05-29 05:30:40.079095,2026-05-29 05:30:40.079095,갤럭시북6 울트라,브랜드: 갤럭시북6 울트라 제조사: 삼성전자 카테고리: 노트북,https://shopping-phinf.pstatic.net/main_5876661/58766611004.20260202110602.jpg,1,네이버,5520000,5520000,"삼성전자 갤럭시북6 울트라 노트북 NT960UJH-X72A RAM 32GB, 1TB",58766611004,디지털/가전,100,노트북
637,2026-05-29 05:30:40.081107,2026-05-29 05:30:40.081107,갤럭시북5 프로,브랜드: 갤럭시북5 프로 제조사: 삼성전자 카테고리: 노트북,https://shopping-phinf.pstatic.net/main_5817606/58176067015.20251217151242.jpg,1,네이버,2449000,2449000,"삼성전자 갤럭시북5 프로 NT960XHZ-A52A RAM 32GB, 256GB",58176067015,디지털/가전,100,노트북
638,2026-05-29 05:30:40.083145,2026-05-29 05:30:40.083145,갤럭시북6 프로,브랜드: 갤럭시북6 프로 제조사: 삼성전자 카테고리: 노트북,https://shopping-phinf.pstatic.net/main_5961628/59616281571.20260410095328.jpg,1,네이버,3897990,3897990,"삼성전자 갤럭시북6 프로 NT960XJG-K72A RAM 32GB, 1TB",59616281571,디지털/가전,100,노트북
639,2026-05-29 05:30:40.085379,2026-05-29 05:30:40.085379,갤럭시북3 Go,브랜드: 갤럭시북3 Go 제조사: 삼성전자 카테고리: 노트북,https://shopping-phinf.pstatic.net/main_5264738/52647383677.20250124121905.jpg,1,네이버,469000,469000,"삼성전자 갤럭시북3 Go NT345XPA-K14A 4GB, 128GB",52647383677,디지털/가전,100,노트북
640,2026-05-29 05:30:40.087834,2026-05-29 05:30:40.087834,베이직스,브랜드: 베이직스 제조사: 베이직스 카테고리: 노트북,https://shopping-phinf.pstatic.net/main_8888615/88886150967.6.jpg,1,베이직스 스토어,758000,758000,베이직북14 사무용 가벼운 노트북 인강용 업무용 저가 싼 윈도우11 16GB/512GB,88886150967,디지털/가전,100,노트북
641,2026-05-29 05:30:40.09039,2026-05-29 05:30:40.09039,그램 프로,브랜드: 그램 프로 제조사: LG전자 카테고리: 노트북,https://shopping-phinf.pstatic.net/main_8550967/85509678748.9.jpg,1,LG전자인증점 이좋은세상,3399000,3399000,LG 그램 프로 17 외장그래픽 RTX5050 노트북 가벼운 고사양 디자인 영상편집 32GB,85509678748,디지털/가전,100,노트북
642,2026-05-29 05:30:40.092667,2026-05-29 05:30:40.092667,LG그램,브랜드: LG그램 제조사: LG전자 카테고리: 노트북,https://shopping-phinf.pstatic.net/main_8893129/88931293492.2.jpg,1,LG전자인증점 이좋은세상,2169000,2169000,LG 그램 17 AI 노트북 인텔 울트라5 고성능 가벼운 사무용 대학생 프리도스 16G,88931293492,디지털/가전,100,노트북
643,2026-05-29 05:30:40.094907,2026-05-29 05:30:40.094907,베이직스,브랜드: 베이직스 제조사: 베이직스 카테고리: 노트북,https://shopping-phinf.pstatic.net/main_9065544/90655441804.3.jpg,1,베이직스 스토어,1128000,1128000,베이직북 MS office 16 Pro 사무용 업무용 영상편집 가벼운 노트북 16/512,90655441804,디지털/가전,100,노트북
644,2026-05-29 05:30:40.097254,2026-05-29 05:30:40.097254,베이직스,브랜드: 베이직스 제조사: 베이직스 카테고리: 노트북,https://shopping-phinf.pstatic.net/main_8861033/88610338824.15.jpg,1,베이직스 스토어,698000,698000,베이직북16 노트북 사무용 가벼운 업무용 인강용 대학생 영상편집 저가 8GB/256GB,88610338824,디지털/가전,100,노트북
645,2026-05-29 05:30:40.099483,2026-05-29 05:30:40.099483,MSI,브랜드: MSI 제조사: MSI 카테고리: 노트북,https://shopping-phinf.pstatic.net/main_8427026/84270269367.4.jpg,1,-저스트필-,9000,9000,[대여] 게이밍 노트북렌탈 임대 렌트 사무용 단기 초고사양노트북 1일,84270269367,디지털/가전,100,노트북
646,2026-05-29 05:30:40.101693,2026-05-29 05:30:40.101693,그램북,브랜드: 그램북 제조사: LG전자 카테고리: 노트북,https://shopping-phinf.pstatic.net/main_5848811/58488118409.20260220091452.jpg,1,네이버,1087550,1087550,"LG전자 그램북 15UD50U-GX5JK RAM 8GB, 256GB",58488118409,디지털/가전,100,노트북
647,2026-05-29 05:30:40.103809,2026-05-29 05:30:40.103809,갤럭시북5 프로,브랜드: 갤럭시북5 프로 제조사: 삼성전자 카테고리: 노트북,https://shopping-phinf.pstatic.net/main_5301848/53018484299.20250214170529.jpg,1,네이버,2573000,2573000,"삼성전자 갤럭시북5 프로 NT960XHA-K51A 16GB, 256GB",53018484299,디지털/가전,100,노트북
648,2026-05-29 05:30:40.105959,2026-05-29 05:30:40.105959,LG그램,브랜드: LG그램 제조사: LG전자 카테고리: 노트북,https://shopping-phinf.pstatic.net/main_8550974/85509745415.9.jpg,1,LG전자인증점 이좋은세상,1810000,1810000,LG 그램 17 울트라5 사무용 업무용 대학생 인강용 가벼운 노트북 휴대용 슬림 대화면,85509745415,디지털/가전,100,노트북
649,2026-05-29 05:30:40.108006,2026-05-29 05:30:40.108006,베이직스,브랜드: 베이직스 제조사: 베이직스 카테고리: 노트북,https://shopping-phinf.pstatic.net/main_8441797/84417974537.14.jpg,1,베이직스 스토어,598000,598000,베이직북14 사무용 가벼운 노트북 업무용 인강용 싼 저가 윈도우11 8GB/256GB,84417974537,디지털/가전,100,노트북
650,2026-05-29 05:30:40.110093,2026-05-29 05:30:40.110093,LG그램,브랜드: LG그램 제조사: LG전자 카테고리: 노트북,https://shopping-phinf.pstatic.net/main_5526734/55267346104.20250612120654.jpg,1,네이버,1559000,1559000,"LG전자 LG그램 노트북 16ZD90RU-GX54K RAM 16GB, 256GB",55267346104,디지털/가전,100,노트북
651,2026-05-29 05:30:40.112106,2026-05-29 05:30:40.112106,갤럭시북5 프로,브랜드: 갤럭시북5 프로 제조사: 삼성전자 카테고리: 노트북,https://shopping-phinf.pstatic.net/main_5793004/57930049672.20251127094616.jpg,1,네이버,3079000,3079000,"삼성전자 갤럭시북5 프로 NT960XHA-K71A 16GB, 1TB",57930049672,디지털/가전,100,노트북
652,2026-05-29 05:30:40.114392,2026-05-29 05:30:40.114392,갤럭시북6 프로,브랜드: 갤럭시북6 프로 제조사: 삼성전자 카테고리: 노트북,https://shopping-phinf.pstatic.net/main_5904476/59044766684.20260225102618.jpg,1,네이버,3405000,3405000,"삼성전자 갤럭시북6 프로  NT960XJG-K52A 32GB, 256GB",59044766684,디지털/가전,100,노트북
653,2026-05-29 05:30:40.116499,2026-05-29 05:30:40.116499,그램북,브랜드: 그램북 제조사: LG전자 카테고리: 노트북,https://shopping-phinf.pstatic.net/main_8636780/86367801147.12.jpg,1,LG전자인증점 노트북랜드,1105000,1105000,LG그램북15 AI 2026 U5 8G 256G 윈11홈 듀얼업 대화면 노트북,86367801147,디지털/가전,100,노트북
654,2026-05-29 05:30:40.118363,2026-05-29 05:30:40.118363,베이직스,브랜드: 베이직스 제조사: 베이직스 카테고리: 노트북,https://shopping-phinf.pstatic.net/main_9041818/90418187442.5.jpg,1,베이직스 스토어,988000,988000,베이직북 MS office 16 사무용 업무용 영상편집 가벼운 노트북 16GB/512GB,90418187442,디지털/가전,100,노트북
655,2026-05-29 05:30:40.119972,2026-05-29 05:30:40.119972,갤럭시북4,브랜드: 갤럭시북4 제조사: 삼성전자 카테고리: 노트북,https://shopping-phinf.pstatic.net/main_8334781/83347815956.11.jpg,1,삼성mall 한사랑씨앤씨,979000,979000,삼성 갤럭시북 업무용 인강용 교육용 사무용 대학생 노트북 i5 8GB 256GB,83347815956,디지털/가전,100,노트북
656,2026-05-29 05:30:40.121597,2026-05-29 05:30:40.121597,갤럭시북5 프로,브랜드: 갤럭시북5 프로 제조사: 삼성전자 카테고리: 노트북,https://shopping-phinf.pstatic.net/main_5973462/59734625879.20260420123051.jpg,1,네이버,2798990,2798990,"삼성전자 갤럭시북5 프로 NT960XHZ-A72A RAM 32GB, 1TB",59734625879,디지털/가전,100,노트북
657,2026-05-29 05:30:40.123221,2026-05-29 05:30:40.123221,삼성,브랜드: 삼성 제조사: 삼성전자 카테고리: 노트북,https://shopping-phinf.pstatic.net/main_8763665/87636659831.21.jpg,1,윤자씨네,309000,309000,삼성 엘지 노트북 사무용 업무용 가정용 인강용 게임용 15N365 실속형 (윈11설치),87636659831,디지털/가전,100,노트북
658,2026-05-29 05:30:40.124868,2026-05-29 05:30:40.124868,"",카테고리: 노트북,https://shopping-phinf.pstatic.net/main_8919331/89193314808.jpg,1,매일가전솔루션,819000,819000,삼성노트북 갤럭시북4 인텔 i3 8G 256G 대학생 가성비 사무용 노트북,89193314808,디지털/가전,100,노트북
659,2026-05-29 05:30:40.126388,2026-05-29 05:30:40.126388,LG전자,브랜드: LG전자 제조사: LG전자 카테고리: 노트북,https://shopping-phinf.pstatic.net/main_8544513/85445136691.4.jpg,1,킹프라이스,23000,23000,[대여]노트북렌탈 LG그램 15Z990 i5-8세대 사무용 인강용 자격증용 단기 임대 7일,85445136691,디지털/가전,100,노트북
660,2026-05-29 05:30:40.127876,2026-05-29 05:30:40.127876,LG전자,브랜드: LG전자 제조사: LG전자 카테고리: 노트북,https://shopping-phinf.pstatic.net/main_8641947/86419471611.33.jpg,1,Y렌탈,23900,23900,[대여] LG그램 게이밍 노트북렌탈 단기 렌트 7일,86419471611,디지털/가전,100,노트북
661,2026-05-29 05:30:40.132141,2026-05-29 05:30:40.132141,그램 프로,브랜드: 그램 프로 제조사: LG전자 카테고리: 노트북,https://shopping-phinf.pstatic.net/main_5850979/58509791372.20260114174350.jpg,1,네이버,2319000,2319000,"LG전자 그램 프로 16ZD95U-GX5BK 16GB, 256GB",58509791372,디지털/가전,100,노트북
662,2026-05-29 05:30:40.134205,2026-05-29 05:30:40.134205,갤럭시북4 프로360,브랜드: 갤럭시북4 프로360 제조사: 삼성전자 카테고리: 노트북,https://shopping-phinf.pstatic.net/main_5264736/52647361772.20250605094730.jpg,1,네이버,2849000,2849000,"삼성전자 갤럭시북4 프로360 NT960QGQ-A51A 16GB, 512GB",52647361772,디지털/가전,100,노트북
663,2026-05-29 05:30:40.135941,2026-05-29 05:30:40.135941,갤럭시북4,브랜드: 갤럭시북4 제조사: 삼성전자 카테고리: 노트북,https://shopping-phinf.pstatic.net/main_5263123/52631236642.20250124094900.jpg,1,네이버,1148990,1148990,"삼성전자 갤럭시북4 NT750XGR-A51A 16GB, 256GB",52631236642,디지털/가전,100,노트북
664,2026-05-29 05:30:40.137697,2026-05-29 05:30:40.137697,LG그램,브랜드: LG그램 제조사: LG전자 카테고리: 노트북,https://shopping-phinf.pstatic.net/main_9034335/90343355105.13.jpg,1,LG전자인증점 이좋은세상,1766000,1766000,2026 LG 그램 14 14ZD95U-GX56K AI 노트북 AMD 라이젠5 16GB 가성비 초경량,90343355105,디지털/가전,100,노트북
665,2026-05-29 05:30:40.139492,2026-05-29 05:30:40.139492,갤럭시북4,브랜드: 갤럭시북4 제조사: 삼성전자 카테고리: 노트북,https://shopping-phinf.pstatic.net/main_8763801/87638016995.14.jpg,1,삼성공식파트너 코인비엠에스,1399000,1399000,삼성전자 갤럭시북4 NT750XGR-A71A 대학생 사무용 업무용 i7 노트북,87638016995,디지털/가전,100,노트북
666,2026-05-29 05:30:40.143341,2026-05-29 05:30:40.143341,LG그램,브랜드: LG그램 제조사: LG전자 카테고리: 노트북,https://shopping-phinf.pstatic.net/main_9039331/90393314532.10.jpg,1,LG전자인증점 티앤티정보,1966000,1966000,2026 LG그램 15 노트북 15ZD95U-GX56K AI AMD 라이젠5 16GB 256GB 초경량 휴대용 업무 OS 미탑재,90393314532,디지털/가전,100,노트북
667,2026-05-29 05:30:40.145228,2026-05-29 05:30:40.145228,갤럭시북4,브랜드: 갤럭시북4 제조사: 삼성전자 카테고리: 노트북,https://shopping-phinf.pstatic.net/main_5741141/57411411092.20251028175216.jpg,1,네이버,798000,798000,"삼성전자 갤럭시북4 NT750XGR-A28A, 256GB",57411411092,디지털/가전,100,노트북
668,2026-05-29 05:30:40.147391,2026-05-29 05:30:40.147391,Apple,브랜드: Apple 제조사: Apple 카테고리: 노트북,https://shopping-phinf.pstatic.net/main_5914205/59142057643.20260305123534.jpg,1,네이버,1736300,1736300,"Apple 맥북 에어 13 2026년 M5 CPU 10코어/ GPU 8코어 RAM 16GB, 512GB",59142057643,디지털/가전,100,노트북
669,2026-05-29 05:30:40.150193,2026-05-29 05:30:40.150193,그램 프로,브랜드: 그램 프로 제조사: LG전자 카테고리: 노트북,https://shopping-phinf.pstatic.net/main_9051150/90511504771.14.jpg,1,LG전자인증점 노트북랜드,2419000,2419000,LG그램 Pro AI 2026 16ZD90U-GX56K 4xe 대학생 노트북,90511504771,디지털/가전,100,노트북
670,2026-05-29 05:30:40.152345,2026-05-29 05:30:40.152345,LG그램,브랜드: LG그램 제조사: LG전자 카테고리: 노트북,https://shopping-phinf.pstatic.net/main_8879663/88796636881.141.jpg,1,LG전자인증점 베스트CNF,2030000,2030000,[혜택가 165만] LG그램 15 15ZD90T-GX56K 인텔 코어 AI 2세대 애로우레이크 Ultra5 16GB 256GB 프리도스 휴대용 업무용 노트북,88796636881,디지털/가전,100,노트북
671,2026-05-29 05:30:40.154113,2026-05-29 05:30:40.154113,울트라PC,브랜드: 울트라PC 제조사: LG전자 카테고리: 노트북,https://shopping-phinf.pstatic.net/main_5362654/53626549236.20250318144826.jpg,1,네이버,829880,829880,"LG전자 울트라PC 15UD50T-GX5JK 8GB, 256GB",53626549236,디지털/가전,100,노트북
672,2026-05-29 05:30:40.155701,2026-05-29 05:30:40.155701,삼성,브랜드: 삼성 제조사: 삼성전자 카테고리: 노트북,https://shopping-phinf.pstatic.net/main_8690253/86902539841.4.jpg,1,리뉴올PC PC노리,179000,179000,삼성 사무용 중고노트북 윈10 NT370E5J (8G/128G),86902539841,디지털/가전,100,노트북
673,2026-05-29 05:30:40.157372,2026-05-29 05:30:40.157372,그램 프로,브랜드: 그램 프로 제조사: LG전자 카테고리: 노트북,https://shopping-phinf.pstatic.net/main_9039343/90393436677.18.jpg,1,LG전자인증점 노트북랜드,2319000,2319000,LG그램 Pro AI 2026 16ZD95U-GX56K R5 대학생 노트북,90393436677,디지털/가전,100,노트북
674,2026-05-29 05:30:40.158837,2026-05-29 05:30:40.158837,LG그램,브랜드: LG그램 제조사: LG전자 카테고리: 노트북,https://shopping-phinf.pstatic.net/main_5666910/56669100718.20260113135650.jpg,1,네이버,2048890,2048890,"LG전자 LG그램 노트북 16ZD90TL-GX56K RAM 16GB, 256GB",56669100718,디지털/가전,100,노트북
675,2026-05-29 05:30:40.160285,2026-05-29 05:30:40.160285,LG그램,브랜드: LG그램 제조사: LG전자 카테고리: 노트북,https://shopping-phinf.pstatic.net/main_5836387/58363872453.20260423154439.jpg,1,네이버,2648000,2648000,"LG전자 LG그램 16ZD90TL-GX79K RAM 32GB, 256GB",58363872453,디지털/가전,100,노트북
676,2026-05-29 05:30:40.161972,2026-05-29 05:30:40.161972,그램북,브랜드: 그램북 제조사: LG전자 카테고리: 노트북,https://shopping-phinf.pstatic.net/main_9041693/90416934532.16.jpg,1,LG전자인증점 노트북랜드,1099000,1099000,LG그램북 AI 2026 15UD50U-GX5JK 인강용 듀얼업 노트북,90416934532,디지털/가전,100,노트북
677,2026-05-29 05:30:40.163467,2026-05-29 05:30:40.163467,갤럭시북6 울트라,브랜드: 갤럭시북6 울트라 제조사: 삼성전자 카테고리: 노트북,https://shopping-phinf.pstatic.net/main_5938698/59386980650.20260325143714.jpg,1,네이버,3189570,3189570,삼성전자 갤럭시북6 울트라 노트북 NT960UJG-K72A 기본구성 SSD 1TB,59386980650,디지털/가전,100,노트북
678,2026-05-29 05:30:40.165015,2026-05-29 05:30:40.165015,갤럭시 북5,브랜드: 갤럭시 북5 제조사: 삼성전자 카테고리: 노트북,https://shopping-phinf.pstatic.net/main_5814677/58146776552.20251215143522.jpg,1,네이버,1698000,1698000,"삼성전자 갤럭시 북5 NT750XHW-A71A 16GB, 256GB",58146776552,디지털/가전,100,노트북
679,2026-05-29 05:30:40.166486,2026-05-29 05:30:40.166486,HP,브랜드: HP 제조사: HP 카테고리: 노트북,https://shopping-phinf.pstatic.net/main_8466799/84667994238.12.jpg,1,수인 스토어,2099000,2099000,HP 오멘 16 게이밍 노트북 인텔 i7 RTX5070 그래픽작업용 게임용 학생 인터넷 강의용 고성능 노트북,84667994238,디지털/가전,100,노트북
680,2026-05-29 05:30:40.16796,2026-05-29 05:30:40.16796,그램 프로,브랜드: 그램 프로 제조사: LG전자 카테고리: 노트북,https://shopping-phinf.pstatic.net/main_9051150/90511500697.4.jpg,1,LG전자인증점 이좋은세상,2866000,2866000,2026 LG 그램 프로 17 17ZD90U-GX79K 고성능 노트북 팬서레이크 U7 32GB,90511500697,디지털/가전,100,노트북
681,2026-05-29 05:30:40.169851,2026-05-29 05:30:40.169851,MSI,브랜드: MSI 제조사: MSI 카테고리: 노트북,https://shopping-phinf.pstatic.net/main_8499103/84991035429.1.jpg,1,킹프라이스,39000,39000,[대여]노트북렌탈 게이밍 MSI GF76 i7-13세대 16/512 RTX4060 임대 대여 7일,84991035429,디지털/가전,100,노트북
682,2026-05-29 05:30:40.171289,2026-05-29 05:30:40.171289,LG그램,브랜드: LG그램 제조사: LG전자 카테고리: 노트북,https://shopping-phinf.pstatic.net/main_5359632/53596326482.20250317111751.jpg,1,네이버,2643890,2643890,"LG전자 LG그램 16Z90TS-GU7WK 32GB, 1TB",53596326482,디지털/가전,100,노트북
683,2026-05-29 05:30:40.172787,2026-05-29 05:30:40.172787,LG그램,브랜드: LG그램 제조사: LG전자 카테고리: 노트북,https://shopping-phinf.pstatic.net/main_9034330/90343303783.5.jpg,1,LG전자인증점 이좋은세상,2766000,2766000,LG 그램 17 17ZD90TL-GX79K AI 노트북 루나레이크 울트라7 32GB,90343303783,디지털/가전,100,노트북
684,2026-05-29 05:30:40.17437,2026-05-29 05:30:40.17437,그램 프로,브랜드: 그램 프로 제조사: LG전자 카테고리: 노트북,https://shopping-phinf.pstatic.net/main_5848853/58488534694.20260113152842.jpg,1,네이버,3128000,3128000,"LG전자 그램 프로 노트북 17ZD90TR-EX79K RAM 32GB, 512GB",58488534694,디지털/가전,100,노트북
685,2026-05-29 05:30:40.175844,2026-05-29 05:30:40.175844,LG그램,브랜드: LG그램 제조사: LG전자 카테고리: 노트북,https://shopping-phinf.pstatic.net/main_5836386/58363868934.20260113135754.jpg,1,네이버,2259000,2259000,"LG전자 LG그램 16Z90TL-GS56K RAM 16GB, 256GB",58363868934,디지털/가전,100,노트북
686,2026-05-29 05:30:40.177673,2026-05-29 05:30:40.177673,갤럭시북3 Go,브랜드: 갤럭시북3 Go 제조사: 삼성전자 카테고리: 노트북,https://shopping-phinf.pstatic.net/main_8784290/87842900668.17.jpg,1,삼성공식파트너 코인비엠에스,469000,469000,삼성 갤럭시북3 Go NT345XPA-K14A LTE 5G 윈도우11 싼 노트북,87842900668,디지털/가전,100,노트북
687,2026-05-29 05:30:40.179145,2026-05-29 05:30:40.179145,LG그램,브랜드: LG그램 제조사: LG전자 카테고리: 노트북,https://shopping-phinf.pstatic.net/main_8563655/85636557960.19.jpg,1,G-스토어,2740000,2740000,LG그램 인텔 울트라9 루나레이크 32GB 1TB 터치 병행 17Z90TL 288V,85636557960,디지털/가전,100,노트북
688,2026-05-29 05:30:40.181305,2026-05-29 05:30:40.181305,LG그램,브랜드: LG그램 제조사: LG전자 카테고리: 노트북,https://shopping-phinf.pstatic.net/main_8367698/83676987663.5.jpg,1,지마운트,2690000,2690000,엘지 그램 인텔 울트라9 인공지능 AI 32GB 1TB 16Z90TL 터치 병행,83676987663,디지털/가전,100,노트북
689,2026-05-29 05:30:40.182835,2026-05-29 05:30:40.182835,LG그램,브랜드: LG그램 제조사: LG전자 카테고리: 노트북,https://shopping-phinf.pstatic.net/main_5878309/58783093358.20260203171917.jpg,1,네이버,1760000,1760000,"LG전자 LG그램 15ZD90U-GX56K RAM 16GB, 256GB",58783093358,디지털/가전,100,노트북
690,2026-05-29 05:30:40.184563,2026-05-29 05:30:40.184563,삼성,브랜드: 삼성 제조사: 삼성전자 카테고리: 노트북,https://shopping-phinf.pstatic.net/main_8806524/88065242222.1.jpg,1,홍키컴,188000,188000,중고노트북 삼성 15인치 업무용 사무용 인강용 대학생 포토샵 램8G SSD128G+500G,88065242222,디지털/가전,100,노트북
691,2026-05-29 05:30:40.186107,2026-05-29 05:30:40.186107,LG그램,브랜드: LG그램 제조사: LG전자 카테고리: 노트북,https://shopping-phinf.pstatic.net/main_8883279/88832797346.14.jpg,1,LG전자인증점 OK오아시스,2099000,2099000,LG그램 16 인텔 루나레이크 U5 일러스트 영상편집 코파일럿 가벼운 고사양 AI 노트북,88832797346,디지털/가전,100,노트북
692,2026-05-29 05:30:40.187485,2026-05-29 05:30:40.187485,그램 프로,브랜드: 그램 프로 제조사: LG전자 카테고리: 노트북,https://shopping-phinf.pstatic.net/main_5848864/58488646589.20260220090804.jpg,1,네이버,3299000,3299000,"LG전자 그램 프로 16ZD90TR-EX79K RAM 32GB, 512GB",58488646589,디지털/가전,100,노트북
693,2026-05-29 05:30:40.188899,2026-05-29 05:30:40.188899,HP,브랜드: HP 제조사: HP 카테고리: 노트북,https://shopping-phinf.pstatic.net/main_5919319/59193191177.20260309174812.jpg,1,네이버,749000,749000,"HP  NERO 15-fc1061AU 16GB , 512GB",59193191177,디지털/가전,100,노트북
694,2026-05-29 05:30:40.190282,2026-05-29 05:30:40.190282,베이직스,브랜드: 베이직스 제조사: 베이직스 카테고리: 노트북,https://shopping-phinf.pstatic.net/main_9049912/90499122521.jpg,1,베이직스 스토어,898000,898000,베이직북16 Pro 노트북 사무용 업무용 가벼운 영상편집 대학생 16GB/256GB,90499122521,디지털/가전,100,노트북
695,2026-05-29 05:30:40.19164,2026-05-29 05:30:40.19164,LG그램,브랜드: LG그램 제조사: LG전자 카테고리: 노트북,https://shopping-phinf.pstatic.net/main_8645187/86451878784.16.jpg,1,G-스토어,2290000,2290000,LG그램 인텔 15세대 울트라7 루나레이크 32GB 1TB 터치 17Z90TL 병행,86451878784,디지털/가전,100,노트북
696,2026-05-29 05:30:40.195783,2026-05-29 05:30:40.195783,갤럭시북4,브랜드: 갤럭시북4 제조사: 삼성전자 카테고리: 노트북,https://shopping-phinf.pstatic.net/main_5282037/52820371119.20250205151410.jpg,1,네이버,849960,849960,"삼성전자 갤럭시북4 삼성노트북 NT750XGR-A38A 8GB, 256GB",52820371119,디지털/가전,100,노트북
697,2026-05-29 05:30:40.197589,2026-05-29 05:30:40.197589,LG전자,브랜드: LG전자 제조사: LG전자 카테고리: 노트북,https://shopping-phinf.pstatic.net/main_8880874/88808745109.2.jpg,1,재원티엔알,309000,309000,LG 노트북 울트라북 39.6cm 15UB470 i5 i7 SSD장착 01 실속형 기본,88808745109,디지털/가전,100,노트북
698,2026-05-29 05:30:40.19923,2026-05-29 05:30:40.19923,ASUS,브랜드: ASUS 제조사: ASUS 카테고리: 노트북,https://shopping-phinf.pstatic.net/main_8992620/89926205611.1.jpg,1,라이프웍스,2199000,2199000,ASUS TUF A18 게이밍 노트북 라이젠7 RTX5070 대학생 영상편집 오버워치 배그,89926205611,디지털/가전,100,노트북
699,2026-05-29 05:30:40.201366,2026-05-29 05:30:40.201366,Apple,브랜드: Apple 제조사: Apple 카테고리: 노트북,https://shopping-phinf.pstatic.net/main_5301855/53018551875.20250214173350.jpg,1,네이버,1098000,1098000,"Apple 맥북 에어 2022년 M2 8코어 8GB, 256GB",53018551875,디지털/가전,100,노트북
700,2026-05-29 05:30:40.202946,2026-05-29 05:30:40.202946,그램 프로,브랜드: 그램 프로 제조사: LG전자 카테고리: 노트북,https://shopping-phinf.pstatic.net/main_9039331/90393319300.8.jpg,1,LG전자인증점 베스트CNF,2830000,2830000,[혜택가 231만] 2026 LG그램 프로 16 16ZD95U-GX79K AMD 라이젠 AI R7 고르곤 포인트 32GB 256GB 에어로미늄 초경량 고성능 노트북 프리도스,90393319300,디지털/가전,100,노트북
701,2026-05-29 05:30:40.628393,2026-05-29 05:30:40.628393,갤럭시,브랜드: 갤럭시 제조사: 삼성전자 카테고리: 휴대폰,https://shopping-phinf.pstatic.net/main_9053454/90534549138.2.jpg,1,삼성전자공식파트너 쇼마젠시,1249480,1249480,[브랜드위크]삼성 공식 갤럭시 S26 256GB 자급제 SM-S942N AI폰,90534549138,디지털/가전,100,휴대폰
702,2026-05-29 05:30:40.635688,2026-05-29 05:30:40.635688,갤럭시,브랜드: 갤럭시 제조사: 삼성전자 카테고리: 휴대폰,https://shopping-phinf.pstatic.net/main_9012863/90128633800.1.jpg,1,삼성전자공식파트너 쇼마젠시,319000,319000,[브랜드위크]삼성전자 갤럭시 A17 128GB 자급제 SM-A175N AI폰,90128633800,디지털/가전,100,휴대폰
703,2026-05-29 05:30:40.639615,2026-05-29 05:30:40.639615,갤럭시,브랜드: 갤럭시 제조사: 삼성전자 카테고리: 휴대폰,https://shopping-phinf.pstatic.net/main_5526644/55266448377.20250617184730.jpg,1,네이버,428000,428000,삼성전자 갤럭시 A36 5G 128GB [자급제],55266448377,디지털/가전,100,휴대폰
704,2026-05-29 05:30:40.643868,2026-05-29 05:30:40.643868,Apple,브랜드: Apple 제조사: Apple 카테고리: 휴대폰,https://shopping-phinf.pstatic.net/main_5666663/56666632837.20251117095731.jpg,1,네이버,1270000,1270000,아이폰 17 256GB [자급제],56666632837,디지털/가전,100,휴대폰
705,2026-05-29 05:30:40.650267,2026-05-29 05:30:40.650267,갤럭시,브랜드: 갤럭시 제조사: 삼성전자 카테고리: 휴대폰,https://shopping-phinf.pstatic.net/main_5904549/59045494153.20260226105839.jpg,1,네이버,1637950,1637950,삼성전자 갤럭시 S26 울트라 5G 512GB [자급제],59045494153,디지털/가전,100,휴대폰
706,2026-05-29 05:30:40.65853,2026-05-29 05:30:40.65853,Apple,브랜드: Apple 제조사: Apple 카테고리: 휴대폰,https://shopping-phinf.pstatic.net/main_5912550/59125506333.20260305105450.jpg,1,네이버,960300,960300,아이폰 17e 256GB [자급제],59125506333,디지털/가전,100,휴대폰
707,2026-05-29 05:30:40.665772,2026-05-29 05:30:40.665772,갤럭시,브랜드: 갤럭시 제조사: 삼성전자 카테고리: 휴대폰,https://shopping-phinf.pstatic.net/main_8982514/89825149636.1.jpg,1,삼성모바일파트너 코잇,946000,946000,삼성전자 갤럭시 S25 FE 256GB 자급제폰 SM-S731N,89825149636,디지털/가전,100,휴대폰
708,2026-05-29 05:30:40.673698,2026-05-29 05:30:40.673698,갤럭시,브랜드: 갤럭시 제조사: 삼성전자 카테고리: 휴대폰,https://shopping-phinf.pstatic.net/main_5904568/59045687984.20260226101311.jpg,1,네이버,1053170,1053170,삼성전자 갤럭시 S26 5G 256GB [자급제],59045687984,디지털/가전,100,휴대폰
709,2026-05-29 05:30:40.679213,2026-05-29 05:30:40.679213,갤럭시,브랜드: 갤럭시 제조사: 삼성전자 카테고리: 휴대폰,https://shopping-phinf.pstatic.net/main_8953333/89533335063.1.jpg,1,삼성모바일파트너 코잇,1464380,1464380,삼성전자 갤럭시 Z 플립7 256GB 자급제폰 SM-F766N,89533335063,디지털/가전,100,휴대폰
710,2026-05-29 05:30:40.685181,2026-05-29 05:30:40.685181,갤럭시,브랜드: 갤럭시 제조사: 삼성전자 카테고리: 휴대폰,https://shopping-phinf.pstatic.net/main_8944967/89449676751.3.jpg,1,삼성모바일파트너 코잇,499400,499400,삼성전자 갤럭시 A36 5G 자급제폰 SM-A366N,89449676751,디지털/가전,100,휴대폰
711,2026-05-29 05:30:40.688195,2026-05-29 05:30:40.688195,갤럭시,브랜드: 갤럭시 제조사: 삼성전자 카테고리: 휴대폰,https://shopping-phinf.pstatic.net/main_9053539/90535393040.2.jpg,1,삼성공식파트너 위드모바일,1769250,1769250,삼성 공식 갤럭시 S26 울트라 256GB SM-S948N 자급제,90535393040,디지털/가전,100,휴대폰
712,2026-05-29 05:30:40.690736,2026-05-29 05:30:40.690736,갤럭시,브랜드: 갤럭시 제조사: 삼성전자 카테고리: 휴대폰,https://shopping-phinf.pstatic.net/main_9032475/90324756701.jpg,1,모바일 익스프레스,1390000,1390000,삼성전자 갤럭시 Z폴드7 512G SM-F966N512 미개봉 새상품,90324756701,디지털/가전,100,휴대폰
713,2026-05-29 05:30:40.693026,2026-05-29 05:30:40.693026,삼성,브랜드: 삼성 제조사: 삼성전자 카테고리: 휴대폰,https://shopping-phinf.pstatic.net/main_5595347/55953476924.2.jpg,1,롯데ON,198990,198990,삼성전자 갤럭시S26 플러스 울트라 256GB SK 기기변경 미개봉 Galaxy S26,55953476924,디지털/가전,100,휴대폰
714,2026-05-29 05:30:40.695213,2026-05-29 05:30:40.695213,갤럭시,브랜드: 갤럭시 제조사: 삼성전자 카테고리: 휴대폰,https://shopping-phinf.pstatic.net/main_9092033/90920333554.jpg,1,휴대폰핫딜마켓,400000,400000,삼성전자 갤럭시 S25 512GB SM-S931N 미개봉 새상품,90920333554,디지털/가전,100,휴대폰
715,2026-05-29 05:30:40.697345,2026-05-29 05:30:40.697345,갤럭시,브랜드: 갤럭시 제조사: 삼성전자 카테고리: 휴대폰,https://shopping-phinf.pstatic.net/main_9053455/90534559309.2.jpg,1,삼성전자공식파트너 쇼마젠시,1769250,1769250,[브랜드위크]삼성 공식 갤럭시 S26 울트라 256GB 자급제 SM-S948N AI폰,90534559309,디지털/가전,100,휴대폰
716,2026-05-29 05:30:40.699533,2026-05-29 05:30:40.699533,갤럭시,브랜드: 갤럭시 제조사: 삼성전자 카테고리: 휴대폰,https://shopping-phinf.pstatic.net/main_9054877/90548774292.1.jpg,1,주식회사 한국스마트폰거래소,259000,259000,삼성전자 갤럭시 A17 SM-A175 약정없는 제조사 보증 새제품 공기계 키즈폰 효도폰,90548774292,디지털/가전,100,휴대폰
717,2026-05-29 05:30:40.701746,2026-05-29 05:30:40.701746,삼성,브랜드: 삼성 제조사: 삼성전자 카테고리: 휴대폰,https://shopping-phinf.pstatic.net/main_9083574/90835740128.3.jpg,1,HKPHONE,562000,562000,삼성전자 갤럭시 A57 퀀텀7 8+256기가 아이스블루 듀얼심+e심 구매자납부 자급제폰,90835740128,디지털/가전,100,휴대폰
718,2026-05-29 05:30:40.7039,2026-05-29 05:30:40.7039,갤럭시,브랜드: 갤럭시 제조사: 삼성전자 카테고리: 휴대폰,https://shopping-phinf.pstatic.net/main_8953333/89533333111.1.jpg,1,삼성모바일파트너 코잇,1146870,1146870,삼성전자 갤럭시 Z 플립7 FE 256GB 자급제폰 SM-F761N,89533333111,디지털/가전,100,휴대폰
719,2026-05-29 05:30:40.705978,2026-05-29 05:30:40.705978,삼성,브랜드: 삼성 제조사: 삼성전자 카테고리: 휴대폰,https://shopping-phinf.pstatic.net/main_9008950/90089501319.jpg,1,휴대폰면세점,1847700,1847700,삼성 갤럭시 Z폴더블7 시리즈 폴드7 512기가 미개봉 새상품,90089501319,디지털/가전,100,휴대폰
744,2026-05-29 05:30:40.750763,2026-05-29 05:30:40.750763,"",카테고리: 휴대폰,https://shopping-phinf.pstatic.net/main_9038395/90383954250.2.jpg,1,알뜰요금연구소,1000,1000,최신 어르신 스타일 폴더폰 AT-M140 자급제폰 알뜰폰 공기계,90383954250,디지털/가전,100,휴대폰
720,2026-05-29 05:30:40.707994,2026-05-29 05:30:40.707994,갤럭시,브랜드: 갤럭시 제조사: 삼성전자 카테고리: 휴대폰,https://shopping-phinf.pstatic.net/main_9037769/90377699959.jpg,1,메인 라이프,659000,659000,갤럭시 S25 FE 256GB Galaxy S25 FE SM-S731 키즈폰 효도폰,90377699959,디지털/가전,100,휴대폰
721,2026-05-29 05:30:40.710042,2026-05-29 05:30:40.710042,갤럭시,브랜드: 갤럭시 제조사: 삼성전자 카테고리: 휴대폰,https://shopping-phinf.pstatic.net/main_9037768/90377682192.jpg,1,메인 라이프,196000,196000,갤럭시 A17 128GB Galaxy A17 SM-A175N 새제품 키즈폰 효도폰,90377682192,디지털/가전,100,휴대폰
722,2026-05-29 05:30:40.711691,2026-05-29 05:30:40.711691,갤럭시,브랜드: 갤럭시 제조사: 삼성전자 카테고리: 휴대폰,https://shopping-phinf.pstatic.net/main_9092060/90920604734.jpg,1,휴대폰핫딜마켓,240000,240000,삼성전자 갤럭시 S24FE 256GB SM-S721N 미개봉 새상품,90920604734,디지털/가전,100,휴대폰
723,2026-05-29 05:30:40.713288,2026-05-29 05:30:40.713288,갤럭시,브랜드: 갤럭시 제조사: 삼성전자 카테고리: 휴대폰,https://shopping-phinf.pstatic.net/main_5660458/56604588089.20250911172022.jpg,1,네이버,797760,797760,삼성전자 갤럭시 S25 FE 256GB [자급제] ,56604588089,디지털/가전,100,휴대폰
724,2026-05-29 05:30:40.714733,2026-05-29 05:30:40.714733,"",제조사: 삼성전자 카테고리: 휴대폰,https://shopping-phinf.pstatic.net/main_8890012/88900125963.jpg,1,휴대폰면세점,395000,395000,삼성전자 갤럭시 Z플립6 256G SM-F741 256G 미개봉 새상품,88900125963,디지털/가전,100,휴대폰
725,2026-05-29 05:30:40.716134,2026-05-29 05:30:40.716134,갤럭시,브랜드: 갤럭시 제조사: 삼성전자 카테고리: 휴대폰,https://shopping-phinf.pstatic.net/main_5262874/52628743821.20260119152850.jpg,1,네이버,1068000,1068000,삼성전자 갤럭시 S25 5G 256GB [자급제],52628743821,디지털/가전,100,휴대폰
726,2026-05-29 05:30:40.718313,2026-05-29 05:30:40.718313,갤럭시,브랜드: 갤럭시 제조사: 삼성전자 카테고리: 휴대폰,https://shopping-phinf.pstatic.net/main_9091006/90910067544.1.jpg,1,스페이스마켓 인증몰,1109000,1109000,삼성 갤럭시 z플립7 256GB 단순개봉 미사용 미개통 자급제 공기계 시세,90910067544,디지털/가전,100,휴대폰
727,2026-05-29 05:30:40.720127,2026-05-29 05:30:40.720127,갤럭시,브랜드: 갤럭시 제조사: 삼성전자 카테고리: 휴대폰,https://shopping-phinf.pstatic.net/main_8982611/89826110066.1.jpg,1,삼성전자공식파트너 쇼마젠시,946000,946000,[브랜드위크]삼성전자 갤럭시 S25 FE 256GB 자급제 SM-S731N AI폰,89826110066,디지털/가전,100,휴대폰
728,2026-05-29 05:30:40.721917,2026-05-29 05:30:40.721917,갤럭시,브랜드: 갤럭시 제조사: 삼성전자 카테고리: 휴대폰,https://shopping-phinf.pstatic.net/main_9053539/90535398866.1.jpg,1,삼성공식파트너 위드모바일,1961250,1961250,삼성 공식 갤럭시 S26 울트라 512GB SM-S948N 자급제,90535398866,디지털/가전,100,휴대폰
729,2026-05-29 05:30:40.723689,2026-05-29 05:30:40.723689,"",카테고리: 휴대폰,https://shopping-phinf.pstatic.net/main_5906199/59061999809.jpg,1,SK공식온라인몰,1320400,1320400,SK 번호이동 삼성 갤럭시S26울트라 512G / 갤럭시 S 기기변경,59061999809,디지털/가전,100,휴대폰
730,2026-05-29 05:30:40.725473,2026-05-29 05:30:40.725473,Apple,브랜드: Apple 제조사: Apple 카테고리: 휴대폰,https://shopping-phinf.pstatic.net/main_9091214/90912142411.jpg,1,휴대폰핫딜마켓,550000,550000,Apple 아이폰16프로 128GB Apple 미개봉 새상품,90912142411,디지털/가전,100,휴대폰
731,2026-05-29 05:30:40.727245,2026-05-29 05:30:40.727245,갤럭시,브랜드: 갤럭시 제조사: 삼성전자 카테고리: 휴대폰,https://shopping-phinf.pstatic.net/main_9088642/90886421631.jpg,1,폰클릭1,539000,539000,[삼성전자]갤럭시 Z폴드6 256GB SM-F956N 256GB 미개통,90886421631,디지털/가전,100,휴대폰
732,2026-05-29 05:30:40.729012,2026-05-29 05:30:40.729012,Apple,브랜드: Apple 제조사: Apple 카테고리: 휴대폰,https://shopping-phinf.pstatic.net/main_9091230/90912301178.jpg,1,휴대폰핫딜마켓,790000,790000,Apple 아이폰17프로 256GB Apple 미개봉 새상품,90912301178,디지털/가전,100,휴대폰
733,2026-05-29 05:30:40.730591,2026-05-29 05:30:40.730591,갤럭시,브랜드: 갤럭시 제조사: 삼성전자 카테고리: 휴대폰,https://shopping-phinf.pstatic.net/main_8845289/88452894193.3.jpg,1,기전렌탈,5800,5800,[대여] 갤럭시 S 23 울트라 대여 단기 렌탈 1일,88452894193,디지털/가전,100,휴대폰
734,2026-05-29 05:30:40.731986,2026-05-29 05:30:40.731986,갤럭시,브랜드: 갤럭시 제조사: 삼성전자 카테고리: 휴대폰,https://shopping-phinf.pstatic.net/main_8965659/89656597877.jpg,1,모바일 익스프레스,690000,690000,삼성전자 갤럭시 Z플립7 512G SM-F766N512 미개봉 새상품,89656597877,디지털/가전,100,휴대폰
735,2026-05-29 05:30:40.734351,2026-05-29 05:30:40.734351,아이폰,브랜드: 아이폰 제조사: Apple 카테고리: 휴대폰,https://shopping-phinf.pstatic.net/main_8987762/89877627274.jpg,1,Phone Toss,440000,440000,애플 Apple 아이폰 16e 128GB 미개봉 새제품,89877627274,디지털/가전,100,휴대폰
736,2026-05-29 05:30:40.736171,2026-05-29 05:30:40.736171,삼성,브랜드: 삼성 제조사: 삼성전자 카테고리: 휴대폰,https://shopping-phinf.pstatic.net/main_9021277/90212778010.3.jpg,1,통신전문점,549000,549000,[삼성전자]갤럭시 Z폴드6 256GB SM-F956N 256GB 미개통,90212778010,디지털/가전,100,휴대폰
737,2026-05-29 05:30:40.737961,2026-05-29 05:30:40.737961,갤럭시,브랜드: 갤럭시 제조사: 삼성전자 카테고리: 휴대폰,https://shopping-phinf.pstatic.net/main_9050758/90507587975.jpg,1,모바일 익스프레스,590000,590000,삼성전자 갤럭시 S25엣지 512G SM-S937N512미개봉 새상품,90507587975,디지털/가전,100,휴대폰
738,2026-05-29 05:30:40.739737,2026-05-29 05:30:40.739737,갤럭시,브랜드: 갤럭시 제조사: 삼성전자 카테고리: 휴대폰,https://shopping-phinf.pstatic.net/main_5872425/58724254145.7.jpg,1,쿠팡,249800,249800,삼성전자 갤럭시 S 23 미개봉 새상품  256GB  크림,58724254145,디지털/가전,100,휴대폰
739,2026-05-29 05:30:40.741548,2026-05-29 05:30:40.741548,갤럭시,브랜드: 갤럭시 제조사: 삼성전자 카테고리: 휴대폰,https://shopping-phinf.pstatic.net/main_9054916/90549166395.jpg,1,주식회사 한국스마트폰거래소,388000,388000,삼성전자 갤럭시 A36 SM-A366 약정없는 제조사 보증 새제품 공기계 키즈폰 효도폰,90549166395,디지털/가전,100,휴대폰
740,2026-05-29 05:30:40.743391,2026-05-29 05:30:40.743391,"",카테고리: 휴대폰,https://shopping-phinf.pstatic.net/main_5717028/57170283301.jpg,1,SKT공식온라인몰,1440000,1440000,SK 기기변경 애플 아이폰17프로 512G / iphone17 Pro,57170283301,디지털/가전,100,휴대폰
741,2026-05-29 05:30:40.745286,2026-05-29 05:30:40.745286,갤럭시,브랜드: 갤럭시 제조사: 삼성전자 카테고리: 휴대폰,https://shopping-phinf.pstatic.net/main_9092029/90920292374.jpg,1,휴대폰핫딜마켓,790000,790000,삼성전자 갤럭시 S25울트라 256GB SM-S938N 미개봉 새상품,90920292374,디지털/가전,100,휴대폰
742,2026-05-29 05:30:40.747144,2026-05-29 05:30:40.747144,"",카테고리: 휴대폰,https://shopping-phinf.pstatic.net/main_5529167/55291676020.jpg,1,쿠팡,1150000,1150000,Apple 정품 아이폰 16 자급제,55291676020,디지털/가전,100,휴대폰
743,2026-05-29 05:30:40.748968,2026-05-29 05:30:40.748968,갤럭시,브랜드: 갤럭시 제조사: 삼성전자 카테고리: 휴대폰,https://shopping-phinf.pstatic.net/main_9091233/90912335308.jpg,1,휴대폰핫딜마켓,990000,990000,삼성전자 갤럭시 S26울트라 512GB SM-S948N 미개봉 새상품,90912335308,디지털/가전,100,휴대폰
745,2026-05-29 05:30:40.752567,2026-05-29 05:30:40.752567,갤럭시,브랜드: 갤럭시 제조사: 삼성전자 카테고리: 휴대폰,https://shopping-phinf.pstatic.net/main_9085323/90853231640.jpg,1,모바일 익스프레스,890000,890000,삼성전자 갤럭시 S26울트라 512G SM-S948N512 미개봉 새상품,90853231640,디지털/가전,100,휴대폰
746,2026-05-29 05:30:40.754582,2026-05-29 05:30:40.754582,갤럭시,브랜드: 갤럭시 제조사: 삼성전자 카테고리: 휴대폰,https://shopping-phinf.pstatic.net/main_8883315/88833152913.2.jpg,1,삼성공식파트너 위드모바일,1698400,1698400,삼성 공식 갤럭시 S25 울트라 256GB SM-S938N 자급제,88833152913,디지털/가전,100,휴대폰
747,2026-05-29 05:30:40.756421,2026-05-29 05:30:40.756421,Apple,브랜드: Apple 제조사: Apple 카테고리: 휴대폰,https://shopping-phinf.pstatic.net/main_5664221/56642218976.20251117095327.jpg,1,네이버,1526400,1526400,아이폰 17 512GB [자급제],56642218976,디지털/가전,100,휴대폰
748,2026-05-29 05:30:40.758351,2026-05-29 05:30:40.758351,Apple,브랜드: Apple 제조사: Apple 카테고리: 휴대폰,https://shopping-phinf.pstatic.net/main_5666606/56666065238.20251118091143.jpg,1,네이버,1790000,1790000,아이폰 17 프로 256GB [자급제],56666065238,디지털/가전,100,휴대폰
749,2026-05-29 05:30:40.7602,2026-05-29 05:30:40.7602,갤럭시,브랜드: 갤럭시 제조사: 삼성전자 카테고리: 휴대폰,https://shopping-phinf.pstatic.net/main_5572745/55727450230.20250715142328.jpg,1,네이버,1999000,1999000,삼성전자 갤럭시 Z 폴드7 5G 256GB [자급제],55727450230,디지털/가전,100,휴대폰
750,2026-05-29 05:30:40.762046,2026-05-29 05:30:40.762046,갤럭시,브랜드: 갤럭시 제조사: 삼성전자 카테고리: 휴대폰,https://shopping-phinf.pstatic.net/main_5904550/59045502920.20260226104413.jpg,1,네이버,1528290,1528290,삼성전자 갤럭시 S26 울트라 5G 256GB [자급제],59045502920,디지털/가전,100,휴대폰
751,2026-05-29 05:30:40.764096,2026-05-29 05:30:40.764096,갤럭시,브랜드: 갤럭시 제조사: 삼성전자 카테고리: 휴대폰,https://shopping-phinf.pstatic.net/main_9037745/90377455226.jpg,1,메인 라이프,299000,299000,갤럭시 A36 128GB / Galaxy A36 / SM-A366N / 키즈폰 효도폰,90377455226,디지털/가전,100,휴대폰
752,2026-05-29 05:30:40.766047,2026-05-29 05:30:40.766047,팬택,브랜드: 팬택 제조사: 투넘버 카테고리: 휴대폰,https://shopping-phinf.pstatic.net/main_8716079/87160794671.3.jpg,1,팬택 Pantech,140000,140000,팬택 폴더2 학생/어르신용 효도 공신폰 공기계 새제품 (박스 미세 손상),87160794671,디지털/가전,100,휴대폰
753,2026-05-29 05:30:40.768006,2026-05-29 05:30:40.768006,갤럭시,브랜드: 갤럭시 제조사: 삼성전자 카테고리: 휴대폰,https://shopping-phinf.pstatic.net/main_8896870/88968709177.9.jpg,1,멤버샵,769800,769800,삼성전자 갤럭시S24 자급제 256GB,88968709177,디지털/가전,100,휴대폰
754,2026-05-29 05:30:40.769983,2026-05-29 05:30:40.769983,갤럭시,브랜드: 갤럭시 제조사: 삼성전자 카테고리: 휴대폰,https://shopping-phinf.pstatic.net/main_9091218/90912182385.jpg,1,휴대폰핫딜마켓,1098000,1098000,삼성전자 갤럭시 Z폴드6 512GB SM-F956N 미개봉 새상품,90912182385,디지털/가전,100,휴대폰
755,2026-05-29 05:30:40.772026,2026-05-29 05:30:40.772026,갤럭시,브랜드: 갤럭시 제조사: 삼성전자 카테고리: 휴대폰,https://shopping-phinf.pstatic.net/main_9091227/90912272802.jpg,1,휴대폰핫딜마켓,643000,643000,삼성전자 갤럭시 Z플립6 512GB SM-F741N 미개봉 새상품,90912272802,디지털/가전,100,휴대폰
756,2026-05-29 05:30:40.773812,2026-05-29 05:30:40.773812,Apple,브랜드: Apple 제조사: Apple 카테고리: 휴대폰,https://shopping-phinf.pstatic.net/main_9091205/90912059021.jpg,1,휴대폰핫딜마켓,550000,550000,Apple 아이폰15 256GB Apple 미개봉 새상품,90912059021,디지털/가전,100,휴대폰
757,2026-05-29 05:30:40.775397,2026-05-29 05:30:40.775397,갤럭시,브랜드: 갤럭시 제조사: 삼성전자 카테고리: 휴대폰,https://shopping-phinf.pstatic.net/main_9088718/90887189899.jpg,1,전국온라인최저가,590000,590000,삼성전자 갤럭시 S24울트라 512GB 미개봉 새상품,90887189899,디지털/가전,100,휴대폰
758,2026-05-29 05:30:40.778131,2026-05-29 05:30:40.778131,갤럭시,브랜드: 갤럭시 제조사: 삼성전자 카테고리: 휴대폰,https://shopping-phinf.pstatic.net/main_9053538/90535388941.2.jpg,1,삼성공식파트너 위드모바일,1438870,1438870,삼성 공식 갤럭시 S26 플러스 256GB SM-S947N 자급제,90535388941,디지털/가전,100,휴대폰
759,2026-05-29 05:30:40.779904,2026-05-29 05:30:40.779904,갤럭시,브랜드: 갤럭시 제조사: 삼성전자 카테고리: 휴대폰,https://shopping-phinf.pstatic.net/main_9092021/90920214674.jpg,1,휴대폰핫딜마켓,790000,790000,삼성전자 갤럭시 S26플러스 512GB SM-S947N 미개봉 새상품,90920214674,디지털/가전,100,휴대폰
760,2026-05-29 05:30:40.782303,2026-05-29 05:30:40.782303,갤럭시,브랜드: 갤럭시 제조사: 삼성전자 카테고리: 휴대폰,https://shopping-phinf.pstatic.net/main_5904568/59045687880.20260226095716.jpg,1,네이버,1199240,1199240,삼성전자 갤럭시 S26 플러스 5G 256GB [자급제],59045687880,디지털/가전,100,휴대폰
761,2026-05-29 05:30:40.784253,2026-05-29 05:30:40.784253,갤럭시,브랜드: 갤럭시 제조사: 삼성전자 카테고리: 휴대폰,https://shopping-phinf.pstatic.net/main_8898269/88982690009.jpg,1,블링폰,179000,179000,삼성 갤럭시 S24 256GB 자급제 중고폰 공기계 리퍼폰 SM-S926 F등급,88982690009,디지털/가전,100,휴대폰
762,2026-05-29 05:30:40.786013,2026-05-29 05:30:40.786013,갤럭시,브랜드: 갤럭시 제조사: 삼성전자 카테고리: 휴대폰,https://shopping-phinf.pstatic.net/main_5572745/55727450171.20250715142056.jpg,1,네이버,1244990,1244990,삼성전자 갤럭시 Z 플립7 5G 256GB [자급제],55727450171,디지털/가전,100,휴대폰
763,2026-05-29 05:30:40.787616,2026-05-29 05:30:40.787616,갤럭시,브랜드: 갤럭시 제조사: 삼성전자 카테고리: 휴대폰,https://shopping-phinf.pstatic.net/main_5904568/59045688338.20260226102528.jpg,1,네이버,1207560,1207560,삼성전자 갤럭시 S26 5G 512GB [자급제],59045688338,디지털/가전,100,휴대폰
764,2026-05-29 05:30:40.78928,2026-05-29 05:30:40.78928,갤럭시,브랜드: 갤럭시 제조사: 삼성전자 카테고리: 휴대폰,https://shopping-phinf.pstatic.net/main_9022393/90223939487.1.jpg,1,톡톡폰,199000,199000,"삼성 갤럭시 S21 중고 중고폰 공기계 자급제 256GB, A급 화이트",90223939487,디지털/가전,100,휴대폰
765,2026-05-29 05:30:40.790866,2026-05-29 05:30:40.790866,삼성,브랜드: 삼성 제조사: 삼성전자 카테고리: 휴대폰,https://shopping-phinf.pstatic.net/main_8289595/82895956787.9.jpg,1,톡톡폰,149000,149000,삼성 갤럭시 S20 중고폰 공기계 리퍼폰 128GB,82895956787,디지털/가전,100,휴대폰
766,2026-05-29 05:30:40.792394,2026-05-29 05:30:40.792394,갤럭시,브랜드: 갤럭시 제조사: 삼성전자 카테고리: 휴대폰,https://shopping-phinf.pstatic.net/main_8218046/82180460339.15.jpg,1,톡톡폰,65000,65000,삼성 갤럭시 S10 중고폰 공기계 리퍼폰 알뜰폰 F등급,82180460339,디지털/가전,100,휴대폰
767,2026-05-29 05:30:40.795157,2026-05-29 05:30:40.795157,갤럭시,브랜드: 갤럭시 제조사: 삼성전자 카테고리: 휴대폰,https://shopping-phinf.pstatic.net/main_8830804/88308040468.5.jpg,1,스페이스Market,552000,552000,삼성 갤럭시 S24 리퍼 리퍼폰 공기계 유심기변 효도폰 알뜰폰 시세 S921 새상품급,88308040468,디지털/가전,100,휴대폰
1834,2026-05-31 14:57:45.133126,2026-05-31 14:57:45.133126,DIOR,브랜드: DIOR 카테고리: 색조메이크업,https://shopping-phinf.pstatic.net/main_5451043/54510435511.jpg,1,롯데홈쇼핑,49590,49590,디올 디올 어딕트 립스틱,54510435511,화장품/미용,100,색조메이크업
768,2026-05-29 05:30:40.798514,2026-05-29 05:30:40.798514,갤럭시,브랜드: 갤럭시 제조사: 삼성전자 카테고리: 휴대폰,https://shopping-phinf.pstatic.net/main_8732783/87327830116.3.jpg,1,블링폰,256000,256000,삼성 갤럭시 S23울트라 자급제 중고폰 공기계 리퍼폰 SM-S916 F등급,87327830116,디지털/가전,100,휴대폰
769,2026-05-29 05:30:40.80418,2026-05-29 05:30:40.80418,Apple,브랜드: Apple 제조사: Apple 카테고리: 휴대폰,https://shopping-phinf.pstatic.net/main_8992438/89924385180.2.jpg,1,애플 공식 브랜드스토어,1264200,1264200,애플 아이폰 17 자급제 256GB,89924385180,디지털/가전,100,휴대폰
770,2026-05-29 05:30:40.807243,2026-05-29 05:30:40.807243,갤럭시,브랜드: 갤럭시 제조사: 삼성전자 카테고리: 휴대폰,https://shopping-phinf.pstatic.net/main_8910394/89103940383.jpg,1,멀티폰,345000,345000,갤럭시 S24울트라 자급제 리퍼 중고폰 공기계 알뜰폰 256GB S928 색상랜덤 F급,89103940383,디지털/가전,100,휴대폰
771,2026-05-29 05:30:40.809783,2026-05-29 05:30:40.809783,갤럭시,브랜드: 갤럭시 제조사: 삼성전자 카테고리: 휴대폰,https://shopping-phinf.pstatic.net/main_9058006/90580064323.jpg,1,민트폰,559000,559000,갤럭시 S25 256GB SM-S931 자급제 중고 중고폰 공기계 유심옮기면 사용가능 F급,90580064323,디지털/가전,100,휴대폰
772,2026-05-29 05:30:40.812364,2026-05-29 05:30:40.812364,갤럭시,브랜드: 갤럭시 제조사: 삼성전자 카테고리: 휴대폰,https://shopping-phinf.pstatic.net/main_8206238/82062388758.5.jpg,1,OBMALL,109000,109000,삼성 갤럭시 Z플립5 5G 중고폰 공기계 리퍼폰 256기가 U등급,82062388758,디지털/가전,100,휴대폰
773,2026-05-29 05:30:40.814212,2026-05-29 05:30:40.814212,갤럭시,브랜드: 갤럭시 제조사: 삼성전자 카테고리: 휴대폰,https://shopping-phinf.pstatic.net/main_5638038/56380385906.45.jpg,1,쿠팡,428000,428000,삼성전자 갤럭시 A36 자급제 SM-A366N 어썸 화이트 128GB  대화면 고해상도 카메라 대용량 배터리 핸드폰 휴대폰 공기계,56380385906,디지털/가전,100,휴대폰
774,2026-05-29 05:30:40.815918,2026-05-29 05:30:40.815918,Apple,브랜드: Apple 제조사: Apple 카테고리: 휴대폰,https://shopping-phinf.pstatic.net/main_9073684/90736847601.3.jpg,1,애플 공식 브랜드스토어,990000,990000,애플 아이폰 17e 자급제 256GB,90736847601,디지털/가전,100,휴대폰
775,2026-05-29 05:30:40.817796,2026-05-29 05:30:40.817796,Apple,브랜드: Apple 제조사: Apple 카테고리: 휴대폰,https://shopping-phinf.pstatic.net/main_5666618/56666180942.20251118092729.jpg,1,네이버,2165000,2165000,아이폰 17 프로 맥스 256GB [자급제],56666180942,디지털/가전,100,휴대폰
776,2026-05-29 05:30:40.819324,2026-05-29 05:30:40.819324,갤럭시,브랜드: 갤럭시 제조사: 삼성전자 카테고리: 휴대폰,https://shopping-phinf.pstatic.net/main_9050759/90507594470.jpg,1,모바일 익스프레스,490000,490000,삼성전자 갤럭시 S25플러스 512G SM-S936N512 미개봉 새상품,90507594470,디지털/가전,100,휴대폰
777,2026-05-29 05:30:40.820827,2026-05-29 05:30:40.820827,갤럭시,브랜드: 갤럭시 제조사: 삼성전자 카테고리: 휴대폰,https://shopping-phinf.pstatic.net/main_8931652/89316525827.jpg,1,로트박스,14600,14600,[대여] 갤럭시 S23 울트라 대여 렌탈 합정 잠실 서울역,89316525827,디지털/가전,100,휴대폰
778,2026-05-29 05:30:40.822289,2026-05-29 05:30:40.822289,삼성,브랜드: 삼성 제조사: 삼성전자 카테고리: 휴대폰,https://shopping-phinf.pstatic.net/main_5418282/54182829488.1.jpg,1,옥션,116400,116400,삼성전자 갤럭시폴더 SM-G150NS 효도폰 스마트폴더폰 공기계,54182829488,디지털/가전,100,휴대폰
779,2026-05-29 05:30:40.823753,2026-05-29 05:30:40.823753,갤럭시,브랜드: 갤럭시 제조사: 삼성전자 카테고리: 휴대폰,https://shopping-phinf.pstatic.net/main_8765158/87651584460.9.jpg,1,우들폰,5800,5800,[대여] 갤럭시 S 23울트라대여 단기 렌탈 1일대여,87651584460,디지털/가전,100,휴대폰
780,2026-05-29 05:30:40.825224,2026-05-29 05:30:40.825224,"",제조사: 삼성전자 카테고리: 휴대폰,https://shopping-phinf.pstatic.net/main_5791409/57914097401.jpg,1,롯데ON,98990,98990,삼성전자 갤럭시 A17 128GB 미개봉 Galaxy 새상품 SM-A175N,57914097401,디지털/가전,100,휴대폰
781,2026-05-29 05:30:40.826638,2026-05-29 05:30:40.826638,Apple,브랜드: Apple 제조사: Apple 카테고리: 휴대폰,https://shopping-phinf.pstatic.net/main_9038395/90383954837.1.jpg,1,알뜰요금연구소,1000,1000,아이폰13 128GB 키즈폰 입학선물 가정의달 행사,90383954837,디지털/가전,100,휴대폰
782,2026-05-29 05:30:40.828087,2026-05-29 05:30:40.828087,갤럭시,브랜드: 갤럭시 제조사: 삼성전자 카테고리: 휴대폰,https://shopping-phinf.pstatic.net/main_5572745/55727458867.20250715142249.jpg,1,네이버,2158000,2158000,삼성전자 갤럭시 Z 폴드7 5G 512GB [자급제],55727458867,디지털/가전,100,휴대폰
783,2026-05-29 05:30:40.830201,2026-05-29 05:30:40.830201,삼성,브랜드: 삼성 제조사: 삼성전자 카테고리: 휴대폰,https://shopping-phinf.pstatic.net/main_5018066/50180667038.3.jpg,1,롯데ON,198990,198990,삼성전자 갤럭시 퀀텀6 A56 128GB 미개봉 SM-A566N Qunatum6,50180667038,디지털/가전,100,휴대폰
784,2026-05-29 05:30:40.83162,2026-05-29 05:30:40.83162,갤럭시,브랜드: 갤럭시 제조사: 삼성전자 카테고리: 휴대폰,https://shopping-phinf.pstatic.net/main_8845396/88453969393.3.jpg,1,기전렌탈,6000,6000,[대여] 갤럭시 S 24울트라 대여 렌탈 장기/단기 1일 팬싸인회 콘서트,88453969393,디지털/가전,100,휴대폰
785,2026-05-29 05:30:40.833083,2026-05-29 05:30:40.833083,갤럭시,브랜드: 갤럭시 제조사: 삼성전자 카테고리: 휴대폰,https://shopping-phinf.pstatic.net/main_8953336/89533367866.1.jpg,1,삼성공식파트너 위드모바일,2594250,2594250,삼성 공식 갤럭시 Z폴드7 512GB SM-F966N 자급제,89533367866,디지털/가전,100,휴대폰
786,2026-05-29 05:30:40.83451,2026-05-29 05:30:40.83451,갤럭시,브랜드: 갤럭시 제조사: 삼성전자 카테고리: 휴대폰,https://shopping-phinf.pstatic.net/main_9107763/91077639093.jpg,1,주식회사 한국스마트폰거래소,1370000,1370000,삼성 갤럭시 S26 울트라 256GB SM-S948 제조사 보증 새제품 공기계 키즈폰,91077639093,디지털/가전,100,휴대폰
787,2026-05-29 05:30:40.836064,2026-05-29 05:30:40.836064,Apple,브랜드: Apple 제조사: Apple 카테고리: 휴대폰,https://shopping-phinf.pstatic.net/main_9033268/90332681515.2.jpg,1,HKPHONE,1384000,1384000,애플 아이폰17 홍콩판 물리심+e심 무음 자급제 공기계 홍콩폰 256GB,90332681515,디지털/가전,100,휴대폰
788,2026-05-29 05:30:40.839161,2026-05-29 05:30:40.839161,"",카테고리: 휴대폰,https://shopping-phinf.pstatic.net/main_5716031/57160311861.2.jpg,1,쿠팡,1390000,1390000,Apple 아이폰 Air 자급제,57160311861,디지털/가전,100,휴대폰
789,2026-05-29 05:30:40.844868,2026-05-29 05:30:40.844868,삼성,브랜드: 삼성 카테고리: 휴대폰,https://shopping-phinf.pstatic.net/main_5977443/59774436019.jpg,1,이마트몰,1095130,1095130,삼성 갤럭시 S26 울트라 5G 512GB 통신사,59774436019,디지털/가전,100,휴대폰
790,2026-05-29 05:30:40.8468,2026-05-29 05:30:40.8468,갤럭시,브랜드: 갤럭시 제조사: 삼성전자 카테고리: 휴대폰,https://shopping-phinf.pstatic.net/main_8732779/87327790195.3.jpg,1,블링폰,196000,196000,삼성 갤럭시 S23플러스 자급제 중고폰 공기계 리퍼폰 SM-S916 F등급,87327790195,디지털/가전,100,휴대폰
1025,2026-05-29 05:30:42.733024,2026-05-29 05:30:42.733024,"",카테고리: 욕실용품,https://shopping-phinf.pstatic.net/main_8711485/87114856877.10.jpg,1,모어댄바스,28000,28000,싱크대 수전 폭포 폭포수 주방 욕실 와이드 인테리어 무광 탕비실 MB3500,87114856877,생활/건강,100,욕실용품
791,2026-05-29 05:30:40.848472,2026-05-29 05:30:40.848472,갤럭시,브랜드: 갤럭시 제조사: 삼성전자 카테고리: 휴대폰,https://shopping-phinf.pstatic.net/main_5904568/59045687909.20260226091906.jpg,1,네이버,1289800,1289800,삼성전자 갤럭시 S26 플러스 5G 512GB [자급제],59045687909,디지털/가전,100,휴대폰
792,2026-05-29 05:30:40.85417,2026-05-29 05:30:40.85417,갤럭시,브랜드: 갤럭시 제조사: 삼성전자 카테고리: 휴대폰,https://shopping-phinf.pstatic.net/main_8830604/88306045623.5.jpg,1,김씨네하우스,413250,413250,삼성전자 갤럭시 S23 공기계 알뜰폰 SM-S911 라벤더 특S급 256GB,88306045623,디지털/가전,100,휴대폰
793,2026-05-29 05:30:40.856689,2026-05-29 05:30:40.856689,Apple,브랜드: Apple 제조사: Apple 카테고리: 휴대폰,https://shopping-phinf.pstatic.net/main_9091230/90912304212.jpg,1,휴대폰핫딜마켓,1090000,1090000,Apple 아이폰17프로 512GB Apple 미개봉 새상품,90912304212,디지털/가전,100,휴대폰
794,2026-05-29 05:30:40.859144,2026-05-29 05:30:40.859144,갤럭시,브랜드: 갤럭시 제조사: 삼성전자 카테고리: 휴대폰,https://shopping-phinf.pstatic.net/main_9091217/90912176263.jpg,1,휴대폰핫딜마켓,898000,898000,삼성전자 갤럭시 Z폴드6 256GB SM-F956N 미개봉 새상품,90912176263,디지털/가전,100,휴대폰
795,2026-05-29 05:30:40.861564,2026-05-29 05:30:40.861564,갤럭시,브랜드: 갤럭시 제조사: 삼성전자 카테고리: 휴대폰,https://shopping-phinf.pstatic.net/main_8910854/89108543513.jpg,1,얼리텍,379900,379900,삼성전자 갤럭시 A36 128GB 8램 듀얼심 5G 자급제 키즈 효도폰 라임 세금선택,89108543513,디지털/가전,100,휴대폰
796,2026-05-29 05:30:40.86368,2026-05-29 05:30:40.86368,갤럭시,브랜드: 갤럭시 제조사: 삼성전자 카테고리: 휴대폰,https://shopping-phinf.pstatic.net/main_8869399/88693994265.4.jpg,1,스페이스Market,865000,865000,삼성 갤럭시 S24울트라 리퍼 리퍼폰 공기계 유심기변 효도폰 알뜰폰 시세 S928 리퍼급,88693994265,디지털/가전,100,휴대폰
797,2026-05-29 05:30:40.866786,2026-05-29 05:30:40.866786,갤럭시,브랜드: 갤럭시 제조사: 삼성전자 카테고리: 휴대폰,https://shopping-phinf.pstatic.net/main_8896708/88967088445.2.jpg,1,울트라 렌탈,7900,7900,[대여] 갤럭시 S25 울트라 대여 단기 렌탈 1일대여 1일 방문수령,88967088445,디지털/가전,100,휴대폰
798,2026-05-29 05:30:40.869204,2026-05-29 05:30:40.869204,갤럭시,브랜드: 갤럭시 제조사: 삼성전자 카테고리: 휴대폰,https://shopping-phinf.pstatic.net/main_9092041/90920414672.jpg,1,휴대폰핫딜마켓,290000,290000,삼성전자 갤럭시 S25FE 256GB SM-S731N 미개봉 새상품,90920414672,디지털/가전,100,휴대폰
799,2026-05-29 05:30:40.871092,2026-05-29 05:30:40.871092,삼성,브랜드: 삼성 카테고리: 휴대폰,https://shopping-phinf.pstatic.net/main_5837280/58372808212.16.jpg,1,11번가,100,100,SK 기기변경 삼성 갤럭시S 26 /S26+/26울트라/ 번이 기변 /공통지원 /선택약정,58372808212,디지털/가전,100,휴대폰
800,2026-05-29 05:30:40.872982,2026-05-29 05:30:40.872982,삼성,브랜드: 삼성 제조사: 삼성전자 카테고리: 휴대폰,https://shopping-phinf.pstatic.net/main_5240610/52406104527.14.jpg,1,G마켓,199000,199000,삼성전자 SK 기기변경 갤럭시S26 플러스 울트라 256GB 512GB 미개봉 Galaxy S26,52406104527,디지털/가전,100,휴대폰
801,2026-05-29 05:30:41.14653,2026-05-29 05:30:41.14653,QCY,브랜드: QCY 카테고리: 음향가전,https://shopping-phinf.pstatic.net/main_8972728/89727287237.4.jpg,1,비욘드퍼니싱,21800,21800,NEW QCY 큐씨와이 AIR 초경량 가 성비 음질좋은 블루투스 무선 이어폰 오픈형,89727287237,디지털/가전,100,음향가전
802,2026-05-29 05:30:41.149669,2026-05-29 05:30:41.149669,블라우풍트,브랜드: 블라우풍트 제조사: 블라우풍트 카테고리: 음향가전,https://shopping-phinf.pstatic.net/main_5353153/53531535646.20250918191240.jpg,1,네이버,67700,67700,블라우풍트 BLP-OE383,53531535646,디지털/가전,100,음향가전
803,2026-05-29 05:30:41.152389,2026-05-29 05:30:41.152389,베이스어스,브랜드: 베이스어스 제조사: 베이스어스 카테고리: 음향가전,https://shopping-phinf.pstatic.net/main_5747436/57474367418.20251031152824.jpg,1,네이버,28900,28900,베이스어스 BP1 PRO 노이즈캔슬링 이어폰,57474367418,디지털/가전,100,음향가전
804,2026-05-29 05:30:41.15497,2026-05-29 05:30:41.15497,갤럭시,브랜드: 갤럭시 제조사: 삼성전자 카테고리: 음향가전,https://shopping-phinf.pstatic.net/main_9064858/90648580489.18.jpg,1,삼성공식파트너 엠디텍,359000,359000,[공식] 삼성 갤럭시 버즈4 프로 무선 블루투스 이어폰 SM-R640,90648580489,디지털/가전,100,음향가전
805,2026-05-29 05:30:41.157363,2026-05-29 05:30:41.157363,브리츠,브랜드: 브리츠 제조사: 브리츠 카테고리: 음향가전,https://shopping-phinf.pstatic.net/main_8904621/89046219575.6.jpg,1,스피드썬,49900,49900,브리츠 오픈형 블루투스 이어폰 귀찌 귀걸이형 운동 러닝 무선 이어폰 노이즈 캔슬링,89046219575,디지털/가전,100,음향가전
806,2026-05-29 05:30:41.15926,2026-05-29 05:30:41.15926,로랜텍,브랜드: 로랜텍 제조사: 로랜텍 카테고리: 음향가전,https://shopping-phinf.pstatic.net/main_5353014/53530143052.20250314171036.jpg,1,네이버,19800,19800,로랜텍 커널형 버즈 무선 블루투스 이어폰 RSM-R510,53530143052,디지털/가전,100,음향가전
807,2026-05-29 05:30:41.161068,2026-05-29 05:30:41.161068,라익미,브랜드: 라익미 제조사: 라익미 카테고리: 음향가전,https://shopping-phinf.pstatic.net/main_5700027/57000278361.20251001090834.jpg,1,네이버,12300,12300,라익미 LE10 사운드미 ANC 노이즈캔슬링 무선 블루투스 이어폰,57000278361,디지털/가전,100,음향가전
808,2026-05-29 05:30:41.162795,2026-05-29 05:30:41.162795,갤럭시,브랜드: 갤럭시 제조사: 삼성전자 카테고리: 음향가전,https://shopping-phinf.pstatic.net/main_5679698/56796984706.20250919155527.jpg,1,네이버,122000,122000,삼성전자 갤럭시 버즈3 FE SM-R420N,56796984706,디지털/가전,100,음향가전
809,2026-05-29 05:30:41.164516,2026-05-29 05:30:41.164516,로랜텍,브랜드: 로랜텍 제조사: 로랜텍 카테고리: 음향가전,https://shopping-phinf.pstatic.net/main_5833086/58330865128.20251230171907.jpg,1,네이버,42660,42660,로랜텍 RSM-R540,58330865128,디지털/가전,100,음향가전
810,2026-05-29 05:30:41.166358,2026-05-29 05:30:41.166358,지노바,브랜드: 지노바 제조사: 지노바 카테고리: 음향가전,https://shopping-phinf.pstatic.net/main_8990309/89903097363.2.jpg,1,지노바,29900,29900,지노바 블루투스 무선 이어폰 커널형 런닝 운동 스포츠 노이즈캔슬링,89903097363,디지털/가전,100,음향가전
811,2026-05-29 05:30:41.168032,2026-05-29 05:30:41.168032,쏘빗,브랜드: 쏘빗 카테고리: 음향가전,https://shopping-phinf.pstatic.net/main_8801135/88011358423.1.jpg,1,쏘빗 공식몰,28900,28900,오픈형 블루투스 이어폰 귀걸이형 운동 러닝 무선 이어폰 노이즈 제거,88011358423,디지털/가전,100,음향가전
812,2026-05-29 05:30:41.169835,2026-05-29 05:30:41.169835,QCY,브랜드: QCY 제조사: QCY 카테고리: 음향가전,https://shopping-phinf.pstatic.net/main_5350904/53509045209.20260211135906.jpg,1,네이버,24300,24300,QCY T13APP,53509045209,디지털/가전,100,음향가전
813,2026-05-29 05:30:41.17142,2026-05-29 05:30:41.17142,Apple,브랜드: Apple 제조사: Apple 카테고리: 음향가전,https://shopping-phinf.pstatic.net/main_5698701/56987011355.20251014204108.jpg,1,네이버,332530,332530,Apple 에어팟 프로 3세대,56987011355,디지털/가전,100,음향가전
814,2026-05-29 05:30:41.17305,2026-05-29 05:30:41.17305,아이리버,브랜드: 아이리버 제조사: 아이리버 카테고리: 음향가전,https://shopping-phinf.pstatic.net/main_5969005/59690050559.20260416161143.jpg,1,네이버,38900,38900,아이리버 오픈형 귀걸이 LCD 무선 이어폰 IB-ZX4 ,59690050559,디지털/가전,100,음향가전
815,2026-05-29 05:30:41.174687,2026-05-29 05:30:41.174687,아이리버,브랜드: 아이리버 제조사: 아이리버 카테고리: 음향가전,https://shopping-phinf.pstatic.net/main_5390112/53901124681.20251125092423.jpg,1,네이버,34800,34800,아이리버 ITW-C1,53901124681,디지털/가전,100,음향가전
816,2026-05-29 05:30:41.176306,2026-05-29 05:30:41.176306,갤럭시,브랜드: 갤럭시 제조사: 삼성전자 카테고리: 음향가전,https://shopping-phinf.pstatic.net/main_9064917/90649172782.5.jpg,1,삼성공식파트너 제이유,359000,359000,[공식] 삼성전자 갤럭시 버즈4 프로 블루투스 이어폰 SM-R640,90649172782,디지털/가전,100,음향가전
817,2026-05-29 05:30:41.178004,2026-05-29 05:30:41.178004,볼티움,브랜드: 볼티움 카테고리: 음향가전,https://shopping-phinf.pstatic.net/main_8972178/89721786299.4.jpg,1,볼티움,139000,139000,볼티움 수영 러닝 골전도 블루투스 무선 운동용 이어폰 아쿠아본x,89721786299,디지털/가전,100,음향가전
818,2026-05-29 05:30:41.179557,2026-05-29 05:30:41.179557,QCY,브랜드: QCY 제조사: QCY 카테고리: 음향가전,https://shopping-phinf.pstatic.net/main_5393932/53939328164.20260212134540.jpg,1,네이버,21800,21800,QCY T17 APP,53939328164,디지털/가전,100,음향가전
819,2026-05-29 05:30:41.181256,2026-05-29 05:30:41.181256,QCY,브랜드: QCY 제조사: QCY 카테고리: 음향가전,https://shopping-phinf.pstatic.net/main_5876645/58766459226.20260224154030.jpg,1,네이버,42900,42900,QCY RACE ,58766459226,디지털/가전,100,음향가전
820,2026-05-29 05:30:41.18282,2026-05-29 05:30:41.18282,갤럭시,브랜드: 갤럭시 제조사: 삼성전자 카테고리: 음향가전,https://shopping-phinf.pstatic.net/main_5350845/53508451505.20250512182009.jpg,1,네이버,219060,219060,삼성전자 갤럭시 버즈3 프로 SM-R630N,53508451505,디지털/가전,100,음향가전
821,2026-05-29 05:30:41.184382,2026-05-29 05:30:41.184382,지노바,브랜드: 지노바 제조사: 지노바 카테고리: 음향가전,https://shopping-phinf.pstatic.net/main_8990612/89906125026.jpg,1,지노바,59900,59900,지노바 무선 오픈형 블루투스 귀걸이형 이어폰 런닝 운동 스포츠,89906125026,디지털/가전,100,음향가전
822,2026-05-29 05:30:41.185951,2026-05-29 05:30:41.185951,스마텍,브랜드: 스마텍 제조사: 스마텍 카테고리: 음향가전,https://shopping-phinf.pstatic.net/main_8956135/89561355743.jpg,1,스마텍 공식몰,24900,24900,스마텍 오픈형 무선 골전도 블루투스 이어폰 운동 러닝 스포츠 이어셋,89561355743,디지털/가전,100,음향가전
823,2026-05-29 05:30:41.18817,2026-05-29 05:30:41.18817,브리츠,브랜드: 브리츠 제조사: 브리츠 카테고리: 음향가전,https://shopping-phinf.pstatic.net/main_8895970/88959704488.9.jpg,1,브리츠 공식몰,39900,39900,브리츠 오픈형 블루투스 이어폰 귀찌 러닝 귀걸이형 이어커프 무선 이어폰 이어클립,88959704488,디지털/가전,100,음향가전
824,2026-05-29 05:30:41.189893,2026-05-29 05:30:41.189893,갤럭시,브랜드: 갤럭시 제조사: 삼성전자 카테고리: 음향가전,https://shopping-phinf.pstatic.net/main_9064857/90648571834.13.jpg,1,삼성공식파트너 엠디텍,259000,259000,[공식] 삼성 갤럭시 버즈4 무선 블루투스 이어폰 SM-R540,90648571834,디지털/가전,100,음향가전
825,2026-05-29 05:30:41.191442,2026-05-29 05:30:41.191442,샥즈,브랜드: 샥즈 카테고리: 음향가전,https://shopping-phinf.pstatic.net/main_8944723/89447235698.1.jpg,1,샥즈 코리아,260100,260100,샥즈 오픈핏 2+ T921 오픈형 귀걸이형 귀안아픈 블루투스 공기전도 귀걸이 이어폰,89447235698,디지털/가전,100,음향가전
826,2026-05-29 05:30:41.19301,2026-05-29 05:30:41.19301,브리츠,브랜드: 브리츠 제조사: 브리츠 카테고리: 음향가전,https://shopping-phinf.pstatic.net/main_5528453/55284534059.20250613144915.jpg,1,네이버,33900,33900,브리츠 ProPods5Plus,55284534059,디지털/가전,100,음향가전
827,2026-05-29 05:30:41.195114,2026-05-29 05:30:41.195114,브리츠,브랜드: 브리츠 제조사: 브리츠 카테고리: 음향가전,https://shopping-phinf.pstatic.net/main_5387341/53873413805.20250331114900.jpg,1,네이버,47870,47870,브리츠 Realfit5,53873413805,디지털/가전,100,음향가전
828,2026-05-29 05:30:41.197304,2026-05-29 05:30:41.197304,베이스어스,브랜드: 베이스어스 제조사: 베이스어스 카테고리: 음향가전,https://shopping-phinf.pstatic.net/main_5395752/53957526721.20250409101838.jpg,1,네이버,43900,43900,베이스어스 Bowie MC1,53957526721,디지털/가전,100,음향가전
829,2026-05-29 05:30:41.199411,2026-05-29 05:30:41.199411,아이리버,브랜드: 아이리버 제조사: 아이리버 카테고리: 음향가전,https://shopping-phinf.pstatic.net/main_5928691/59286911966.20260317141740.jpg,1,네이버,34800,34800,아이리버 IB-ZX5,59286911966,디지털/가전,100,음향가전
830,2026-05-29 05:30:41.201596,2026-05-29 05:30:41.201596,갤럭시,브랜드: 갤럭시 제조사: 삼성전자 카테고리: 음향가전,https://shopping-phinf.pstatic.net/main_5906125/59061250873.20260313175827.jpg,1,네이버,233800,233800,삼성전자 갤럭시 버즈 4 SM-R540N,59061250873,디지털/가전,100,음향가전
831,2026-05-29 05:30:41.203821,2026-05-29 05:30:41.203821,QCY,브랜드: QCY 제조사: QCY 카테고리: 음향가전,https://shopping-phinf.pstatic.net/main_5923429/59234293985.20260515101638.jpg,1,네이버,47900,47900,QCY CT06 ,59234293985,디지털/가전,100,음향가전
832,2026-05-29 05:30:41.205919,2026-05-29 05:30:41.205919,Apple,브랜드: Apple 제조사: Apple 카테고리: 음향가전,https://shopping-phinf.pstatic.net/main_5350941/53509411418.20250508153539.jpg,1,네이버,231580,231580,Apple 에어팟 4 액티브 노이즈 캔슬링 MXP93KH/A,53509411418,디지털/가전,100,음향가전
833,2026-05-29 05:30:41.208624,2026-05-29 05:30:41.208624,브리츠,브랜드: 브리츠 제조사: 브리츠 카테고리: 음향가전,https://shopping-phinf.pstatic.net/main_9041839/90418391245.3.jpg,1,스피드썬,44900,44900,2026년 브리츠 오픈형 블루투스 이어폰 귀찌 귀걸이형 스포츠 런닝 반딧불 무선이어폰,90418391245,디지털/가전,100,음향가전
834,2026-05-29 05:30:41.212432,2026-05-29 05:30:41.212432,아남,브랜드: 아남 제조사: 아남 카테고리: 음향가전,https://shopping-phinf.pstatic.net/main_9092664/90926643084.1.jpg,1,자전거총각,89000,89000,아남 수영 러닝 골전도 자전거 헬스 블루투스 무선 스포츠 방수 이어폰,90926643084,디지털/가전,100,음향가전
835,2026-05-29 05:30:41.214401,2026-05-29 05:30:41.214401,아이리버,브랜드: 아이리버 제조사: 아이리버 카테고리: 음향가전,https://shopping-phinf.pstatic.net/main_5824428/58244289248.20251223151950.jpg,1,네이버,31800,31800,아이리버 IB-IX7,58244289248,디지털/가전,100,음향가전
836,2026-05-29 05:30:41.216229,2026-05-29 05:30:41.216229,브리츠,브랜드: 브리츠 제조사: 브리츠 카테고리: 음향가전,https://shopping-phinf.pstatic.net/main_5390035/53900357898.20250401100610.jpg,1,네이버,42900,42900,브리츠 BZ-Fit3,53900357898,디지털/가전,100,음향가전
837,2026-05-29 05:30:41.218077,2026-05-29 05:30:41.218077,아이리버,브랜드: 아이리버 제조사: 아이리버 카테고리: 음향가전,https://shopping-phinf.pstatic.net/main_5914316/59143165342.20260304175939.jpg,1,네이버,32900,32900,아이리버 IB-ZX1 화이트,59143165342,디지털/가전,100,음향가전
838,2026-05-29 05:30:41.219879,2026-05-29 05:30:41.219879,원모어,브랜드: 원모어 제조사: 원모어 카테고리: 음향가전,https://shopping-phinf.pstatic.net/main_5920386/59203861943.20260310153656.jpg,1,네이버,49800,49800,원모어 S11 오픈형 무선 이어폰,59203861943,디지털/가전,100,음향가전
839,2026-05-29 05:30:41.221811,2026-05-29 05:30:41.221811,갤럭시,브랜드: 갤럭시 제조사: 삼성전자 카테고리: 음향가전,https://shopping-phinf.pstatic.net/main_5906128/59061283797.20260313180121.jpg,1,네이버,345000,345000,삼성전자 갤럭시 버즈 4 프로 SM-R640N,59061283797,디지털/가전,100,음향가전
840,2026-05-29 05:30:41.22351,2026-05-29 05:30:41.22351,아이엠듀,브랜드: 아이엠듀 제조사: 아이엠듀 카테고리: 음향가전,https://shopping-phinf.pstatic.net/main_5921859/59218591641.20260311174239.jpg,1,네이버,29900,29900,아이엠듀 무선 블루투스 이어폰 노이즈캔슬링 플로소닉,59218591641,디지털/가전,100,음향가전
841,2026-05-29 05:30:41.226897,2026-05-29 05:30:41.226897,브리츠,브랜드: 브리츠 제조사: 브리츠 카테고리: 음향가전,https://shopping-phinf.pstatic.net/main_5354704/53547046320.20250314113444.jpg,1,네이버,32900,32900,브리츠 StormTWS7,53547046320,디지털/가전,100,음향가전
842,2026-05-29 05:30:41.228865,2026-05-29 05:30:41.228865,아이리버,브랜드: 아이리버 제조사: 아이리버 카테고리: 음향가전,https://shopping-phinf.pstatic.net/main_5932063/59320631974.20260319170303.jpg,1,네이버,33400,33400,아이리버 항균 노이즈캔슬링 마카롱 블루투스 이어폰 멀티포인트 MC50,59320631974,디지털/가전,100,음향가전
843,2026-05-29 05:30:41.230575,2026-05-29 05:30:41.230575,제이논,브랜드: 제이논 카테고리: 음향가전,https://shopping-phinf.pstatic.net/main_9065276/90652764207.3.jpg,1,제이논,49900,49900,제이논 오픈형 귀걸이형 러닝 스포츠 무선 블루투스 이어폰 에어핏,90652764207,디지털/가전,100,음향가전
844,2026-05-29 05:30:41.232231,2026-05-29 05:30:41.232231,QCY,브랜드: QCY 제조사: QCY 카테고리: 음향가전,https://shopping-phinf.pstatic.net/main_5660386/56603865362.20260212105605.jpg,1,네이버,23800,23800,QCY HT16 멜로버즈,56603865362,디지털/가전,100,음향가전
845,2026-05-29 05:30:41.233874,2026-05-29 05:30:41.233874,샥즈,브랜드: 샥즈 카테고리: 음향가전,https://shopping-phinf.pstatic.net/main_5351005/53510052832.20250312170517.jpg,1,네이버,205000,205000,샥즈 오픈런 프로 2 S820,53510052832,디지털/가전,100,음향가전
846,2026-05-29 05:30:41.235407,2026-05-29 05:30:41.235407,샥즈,브랜드: 샥즈 카테고리: 음향가전,https://shopping-phinf.pstatic.net/main_5526867/55268674184.20250612152204.jpg,1,네이버,245650,245650,샥즈 오픈닷 원 E310,55268674184,디지털/가전,100,음향가전
847,2026-05-29 05:30:41.236984,2026-05-29 05:30:41.236984,소니,브랜드: 소니 제조사: 소니 카테고리: 음향가전,https://shopping-phinf.pstatic.net/main_5903066/59030661610.20260224171620.jpg,1,네이버,445000,445000,소니 WF-1000XM6,59030661610,디지털/가전,100,음향가전
848,2026-05-29 05:30:41.238463,2026-05-29 05:30:41.238463,ANKER,브랜드: ANKER 카테고리: 음향가전,https://shopping-phinf.pstatic.net/main_9040713/90407131807.1.jpg,1,앤커 공식스토어,41900,41900,앤커 사운드코어 P31i(R60i NC) 노이즈캔슬링 무선 블루투스 이어폰 D1202,90407131807,디지털/가전,100,음향가전
849,2026-05-29 05:30:41.239938,2026-05-29 05:30:41.239938,아이리버,브랜드: 아이리버 제조사: 아이리버 카테고리: 음향가전,https://shopping-phinf.pstatic.net/main_5556203/55562035224.20250630112033.jpg,1,네이버,32900,32900,아이리버 IB-N3 ,55562035224,디지털/가전,100,음향가전
850,2026-05-29 05:30:41.241473,2026-05-29 05:30:41.241473,"",제조사: 삼성전자 카테고리: 음향가전,https://shopping-phinf.pstatic.net/main_8992035/89920355051.13.jpg,1,삼성공식파트너 제이유,159000,159000,삼성전자 갤럭시 버즈3 FE 무선 블루투스 이어폰 ANC SM-R420,89920355051,디지털/가전,100,음향가전
851,2026-05-29 05:30:41.242918,2026-05-29 05:30:41.242918,"",카테고리: 음향가전,https://shopping-phinf.pstatic.net/main_9052210/90522102820.4.jpg,1,에이틴서울,138900,138900,재피렉스 골전도 이어폰 블루투스 무선 오픈형 러닝 수영 운동용 대쉬번,90522102820,디지털/가전,100,음향가전
852,2026-05-29 05:30:41.244378,2026-05-29 05:30:41.244378,갤럭시,브랜드: 갤럭시 제조사: 삼성전자 카테고리: 음향가전,https://shopping-phinf.pstatic.net/main_9064332/90643323784.8.jpg,1,삼성공식파트너사 포디아이,359000,359000,[공식] 삼성 갤럭시 버즈4 프로 블루투스 이어폰 SM-R640,90643323784,디지털/가전,100,음향가전
853,2026-05-29 05:30:41.245887,2026-05-29 05:30:41.245887,Apple,브랜드: Apple 제조사: Apple 카테고리: 음향가전,https://shopping-phinf.pstatic.net/main_5350904/53509045052.20250312151015.jpg,1,네이버,179190,179190,Apple 에어팟 4 MXP63KH/A,53509045052,디지털/가전,100,음향가전
854,2026-05-29 05:30:41.247325,2026-05-29 05:30:41.247325,아이리버,브랜드: 아이리버 제조사: 아이리버 카테고리: 음향가전,https://shopping-phinf.pstatic.net/main_5226578/52265784634.20250103095309.jpg,1,네이버,39800,39800,아이리버 IB-SE10,52265784634,디지털/가전,100,음향가전
855,2026-05-29 05:30:41.248834,2026-05-29 05:30:41.248834,블라우풍트,브랜드: 블라우풍트 제조사: 블라우풍트 카테고리: 음향가전,https://shopping-phinf.pstatic.net/main_8748795/87487957030.4.jpg,1,블라우풍트,67700,67700,블라우풍트 ENC 노이즈캔슬링 오픈형 블루투스 이어폰 오픈픽 BLP-OE383,87487957030,디지털/가전,100,음향가전
856,2026-05-29 05:30:41.250269,2026-05-29 05:30:41.250269,QCY,브랜드: QCY 제조사: QCY 카테고리: 음향가전,https://shopping-phinf.pstatic.net/main_9070024/90700245882.5.jpg,1,비욘드퍼니싱,21800,21800,QCY T17 APP 초경량 5.3 블루투스 무선 이어폰 노이즈캔슬링 커널형 저지연 블랙,90700245882,디지털/가전,100,음향가전
857,2026-05-29 05:30:41.251701,2026-05-29 05:30:41.251701,QCY,브랜드: QCY 제조사: QCY 카테고리: 음향가전,https://shopping-phinf.pstatic.net/main_9054041/90540416247.1.jpg,1,와이엘사이언스,42900,42900,QCY RACE 레이스 오픈형 무선 블루투스 이어폰 귀걸이형 귀찌 스포츠 운동 러닝용,90540416247,디지털/가전,100,음향가전
858,2026-05-29 05:30:41.253227,2026-05-29 05:30:41.253227,브리츠,브랜드: 브리츠 제조사: 브리츠 카테고리: 음향가전,https://shopping-phinf.pstatic.net/main_8946025/89460259131.1.jpg,1,브리츠공식총판,33900,33900,브리츠 Propods5 plus 블루투스 커널형 이어폰,89460259131,디지털/가전,100,음향가전
859,2026-05-29 05:30:41.254629,2026-05-29 05:30:41.254629,브리츠,브랜드: 브리츠 제조사: 브리츠 카테고리: 음향가전,https://shopping-phinf.pstatic.net/main_8880064/88800643254.5.jpg,1,브리츠공식총판,47900,47900,브리츠 Realfit5 블루투스 오픈형 이어폰,88800643254,디지털/가전,100,음향가전
860,2026-05-29 05:30:41.256079,2026-05-29 05:30:41.256079,아이리버,브랜드: 아이리버 제조사: 아이리버 카테고리: 음향가전,https://shopping-phinf.pstatic.net/main_9032064/90320649740.4.jpg,1,EU커머스,31900,31900,아이리버 오픈형 무선 블루투스 6.0 귀걸이형 이어폰 C타입 러닝 아이폰 호환 IB-IX7,90320649740,디지털/가전,100,음향가전
929,2026-05-29 05:30:41.911849,2026-05-29 05:30:41.911849,오베닉,브랜드: 오베닉 카테고리: 청소기,https://shopping-phinf.pstatic.net/main_9037761/90377610325.10.jpg,1,오베닉,49800,49800,오베닉 무선 핸디 청소기 미니 가벼운 소형 6in1 초강력 저소음 가정용 차량용 원룸,90377610325,디지털/가전,100,청소기
861,2026-05-29 05:30:41.257561,2026-05-29 05:30:41.257561,아이리버,브랜드: 아이리버 제조사: 아이리버 카테고리: 음향가전,https://shopping-phinf.pstatic.net/main_8689826/86898268019.2.jpg,1,티바이포코퍼레이션,34800,34800,아이리버 ITW-C1 오픈타입 무선 이어커프 갤럭시 아이폰 호환 귀찌형 블루투스 이어폰,86898268019,디지털/가전,100,음향가전
862,2026-05-29 05:30:41.259056,2026-05-29 05:30:41.259056,베이스어스,브랜드: 베이스어스 제조사: 베이스어스 카테고리: 음향가전,https://shopping-phinf.pstatic.net/main_9015663/90156634616.4.jpg,1,베이스어스,29900,29900,[가격파괴] 커널형 이어폰 1순위 베이스어스 무선 블루투스 이어폰 TWS 액티브 노이즈캔슬링 BP1 Pro,90156634616,디지털/가전,100,음향가전
863,2026-05-29 05:30:41.260497,2026-05-29 05:30:41.260497,아이리버,브랜드: 아이리버 제조사: 아이리버 카테고리: 음향가전,https://shopping-phinf.pstatic.net/main_9028218/90282188002.2.jpg,1,아일랜드 커머스,32900,32900,아이리버 무선 블루투스 6.0 이어폰 오픈형 LCD 터치스크린 화이트 IB-ZX1,90282188002,디지털/가전,100,음향가전
864,2026-05-29 05:30:41.261992,2026-05-29 05:30:41.261992,브리츠,브랜드: 브리츠 제조사: 브리츠 카테고리: 음향가전,https://shopping-phinf.pstatic.net/main_8865169/88651697998.5.jpg,1,브리츠공식총판,42900,42900,블루투스이어폰 브리츠 BZ-Fit3 오픈형 무선 이어폰,88651697998,디지털/가전,100,음향가전
865,2026-05-29 05:30:41.263904,2026-05-29 05:30:41.263904,갤럭시,브랜드: 갤럭시 제조사: 삼성전자 카테고리: 음향가전,https://shopping-phinf.pstatic.net/main_8992029/89920295386.17.jpg,1,삼성공식파트너 엠디텍,159000,159000,삼성전자 갤럭시 버즈3 FE 무선 블루투스 이어폰 ANC SM-R420N,89920295386,디지털/가전,100,음향가전
866,2026-05-29 05:30:41.269399,2026-05-29 05:30:41.269399,아이리버,브랜드: 아이리버 제조사: 아이리버 카테고리: 음향가전,https://shopping-phinf.pstatic.net/main_9084674/90846742640.1.jpg,1,케어럽,38900,38900,아이리버 오픈핏 귀걸이형 LCD 터치스크린 무선 6.0 이어폰 러닝 자전거 IB-ZX4,90846742640,디지털/가전,100,음향가전
867,2026-05-29 05:30:41.27152,2026-05-29 05:30:41.27152,QCY,브랜드: QCY 제조사: QCY 카테고리: 음향가전,https://shopping-phinf.pstatic.net/main_8333980/83339803534.jpg,1,와이엘사이언스,24300,24300,QCY T13 APP 블루투스 이어폰 무선 ENC 노이즈캔슬링 갤럭시 아이폰 화이트,83339803534,디지털/가전,100,음향가전
868,2026-05-29 05:30:41.273588,2026-05-29 05:30:41.273588,베이스어스,브랜드: 베이스어스 제조사: 베이스어스 카테고리: 음향가전,https://shopping-phinf.pstatic.net/main_8920865/89208657008.2.jpg,1,베이스어스,44900,44900,[오픈형이어폰 1순위] 베이스어스 무선 블루투스 이어폰 오픈형 러닝 귀안아픈 이어커프 MC1,89208657008,디지털/가전,100,음향가전
869,2026-05-29 05:30:41.275506,2026-05-29 05:30:41.275506,원모어,브랜드: 원모어 제조사: 원모어 카테고리: 음향가전,https://shopping-phinf.pstatic.net/main_9060878/90608785578.jpg,1,ALL커머스,49800,49800,원모어 S11 블루투스 6.0 오픈형 무선 이어폰 ENC 노이즈캔슬링,90608785578,디지털/가전,100,음향가전
870,2026-05-29 05:30:41.279003,2026-05-29 05:30:41.279003,갤럭시,브랜드: 갤럭시 제조사: 삼성전자 카테고리: 음향가전,https://shopping-phinf.pstatic.net/main_5350770/53507707536.20250312142240.jpg,1,네이버,145900,145900,삼성전자 갤럭시 버즈3 SM-R530N,53507707536,디지털/가전,100,음향가전
871,2026-05-29 05:30:41.280954,2026-05-29 05:30:41.280954,로랜텍,브랜드: 로랜텍 제조사: 로랜텍 카테고리: 음향가전,https://shopping-phinf.pstatic.net/main_9035086/90350867681.1.jpg,1,멀티스토어119,53300,53300,축구 스포츠 귀편한 노이즈캔슬링 오픈형 귀걸이형 무선 블루투스 이어폰 어플연동 사무실,90350867681,디지털/가전,100,음향가전
872,2026-05-29 05:30:41.282681,2026-05-29 05:30:41.282681,샥즈,브랜드: 샥즈 카테고리: 음향가전,https://shopping-phinf.pstatic.net/main_5528455/55284550540.20250613150255.jpg,1,네이버,224100,224100,샥즈 오픈런 프로 2 미니 S821,55284550540,디지털/가전,100,음향가전
873,2026-05-29 05:30:41.284436,2026-05-29 05:30:41.284436,라익미,브랜드: 라익미 제조사: 라익미 카테고리: 음향가전,https://shopping-phinf.pstatic.net/main_8981000/89810009531.jpg,1,라익미전자,12300,12300,라익미 LE10 사운드미 ANC 노이즈캔슬링 무선 블루투스 이어폰 베이지,89810009531,디지털/가전,100,음향가전
874,2026-05-29 05:30:41.286138,2026-05-29 05:30:41.286138,필립스오디오,브랜드: 필립스오디오 제조사: 필립스 카테고리: 음향가전,https://shopping-phinf.pstatic.net/main_9103094/91030940251.jpg,1,브라더커머스,19800,19800,필립스 블루투스 이어폰 급속충전 무선이어폰 TAT1000,91030940251,디지털/가전,100,음향가전
875,2026-05-29 05:30:41.287773,2026-05-29 05:30:41.287773,샥즈,브랜드: 샥즈 카테고리: 음향가전,https://shopping-phinf.pstatic.net/main_5394082/53940824897.20250403170451.jpg,1,네이버,151150,151150,샥즈 S805,53940824897,디지털/가전,100,음향가전
876,2026-05-29 05:30:41.28946,2026-05-29 05:30:41.28946,QCY,브랜드: QCY 제조사: QCY 카테고리: 음향가전,https://shopping-phinf.pstatic.net/main_5500195/55001955408.20250529144928.jpg,1,네이버,44500,44500,QCY QCY-HT08,55001955408,디지털/가전,100,음향가전
877,2026-05-29 05:30:41.294883,2026-05-29 05:30:41.294883,샥즈,브랜드: 샥즈 카테고리: 음향가전,https://shopping-phinf.pstatic.net/main_5950385/59503852441.20260402115635.jpg,1,네이버,367000,367000,샥즈 오픈핏 프로 T010,59503852441,디지털/가전,100,음향가전
878,2026-05-29 05:30:41.297189,2026-05-29 05:30:41.297189,"",카테고리: 음향가전,https://shopping-phinf.pstatic.net/main_9100278/91002785783.jpg,1,더마콜렉션,86200,86200,[베이스튠] Vox 업무용 러닝 골전도 스포츠 자전거 무선 이어폰,91002785783,디지털/가전,100,음향가전
879,2026-05-29 05:30:41.299392,2026-05-29 05:30:41.299392,JBL,브랜드: JBL 제조사: 삼성전자 카테고리: 음향가전,https://shopping-phinf.pstatic.net/main_8345936/83459366357.59.jpg,1,삼성파트너 케이원에이브이,54900,54900,삼성공식파트너 JBL WAVE BEAM 액티브 노이즈캔슬링 무선 블루투스 이어폰,83459366357,디지털/가전,100,음향가전
880,2026-05-29 05:30:41.301371,2026-05-29 05:30:41.301371,Apple,브랜드: Apple 제조사: Apple 카테고리: 음향가전,https://shopping-phinf.pstatic.net/main_8901102/89011025048.jpg,1,오렌지스펙트럼,254900,254900,애플 에어팟 4세대 ANC 노이즈캔슬링 노캔 Airpods,89011025048,디지털/가전,100,음향가전
881,2026-05-29 05:30:41.303909,2026-05-29 05:30:41.303909,갤럭시,브랜드: 갤럭시 제조사: 삼성전자 카테고리: 음향가전,https://shopping-phinf.pstatic.net/main_9064918/90649182822.7.jpg,1,삼성공식파트너 제이유,259000,259000,[공식] 삼성전자 갤럭시 버즈4 블루투스 이어폰 SM-R540,90649182822,디지털/가전,100,음향가전
882,2026-05-29 05:30:41.305693,2026-05-29 05:30:41.305693,아이리버,브랜드: 아이리버 제조사: 아이리버 카테고리: 음향가전,https://shopping-phinf.pstatic.net/main_8774153/87741536433.jpg,1,아이리버온라인몰,49000,49000,아이리버 골전도 이어폰 블루투스 대용량 가벼운 편안한 초경량 헬스 마라톤 액티비티 그레이,87741536433,디지털/가전,100,음향가전
883,2026-05-29 05:30:41.307447,2026-05-29 05:30:41.307447,DOXX,브랜드: DOXX 제조사: DOXX 카테고리: 음향가전,https://shopping-phinf.pstatic.net/main_9038846/90388464279.jpg,1,DOXX,59000,59000,DOXX 오픈형 귀찌 무선 블루투스 이어폰 언더커버형 귀안아픈 V6.0 러닝 자전거 운동용,90388464279,디지털/가전,100,음향가전
884,2026-05-29 05:30:41.309383,2026-05-29 05:30:41.309383,QCY,브랜드: QCY 제조사: QCY 카테고리: 음향가전,https://shopping-phinf.pstatic.net/main_8948746/89487469740.2.jpg,1,와이엘사이언스,23800,23800,QCY HT16 멜로버즈 무선 블루투스 이어폰 ANC 노이즈캔슬링 화이트,89487469740,디지털/가전,100,음향가전
885,2026-05-29 05:30:41.311275,2026-05-29 05:30:41.311275,샥즈,브랜드: 샥즈 카테고리: 음향가전,https://shopping-phinf.pstatic.net/main_5354920/53549202043.20250314151012.jpg,1,네이버,215000,215000,샥즈 오픈 스윔 프로 S710,53549202043,디지털/가전,100,음향가전
886,2026-05-29 05:30:41.31301,2026-05-29 05:30:41.31301,아이리버,브랜드: 아이리버 제조사: 아이리버 카테고리: 음향가전,https://shopping-phinf.pstatic.net/main_9070602/90706022681.2.jpg,1,온세상커머스,34800,34800,아이리버 무선 블루투스 6.0 커널형 이어폰 ANC ENC 노이즈캔슬링 LCD 터치스크린 C타입 러닝 아이폰 호환 IB-ZX5,90706022681,디지털/가전,100,음향가전
887,2026-05-29 05:30:41.314671,2026-05-29 05:30:41.314671,QCY,브랜드: QCY 제조사: QCY 카테고리: 음향가전,https://shopping-phinf.pstatic.net/main_9056990/90569900592.1.jpg,1,쇼핑 Pay,24300,24300,QCY T13 무선 블루투스 이어폰 커널형 이어폰,90569900592,디지털/가전,100,음향가전
888,2026-05-29 05:30:41.316339,2026-05-29 05:30:41.316339,DOXX,브랜드: DOXX 제조사: DOXX 카테고리: 음향가전,https://shopping-phinf.pstatic.net/main_8703341/87033417199.1.jpg,1,DOXX,29800,29800,DOXX 오픈형 귀찌 무선 블루투스 이어폰 귀안아픈 러닝 자전거 운동용,87033417199,디지털/가전,100,음향가전
889,2026-05-29 05:30:41.318807,2026-05-29 05:30:41.318807,베이스어스,브랜드: 베이스어스 제조사: 베이스어스 카테고리: 음향가전,https://shopping-phinf.pstatic.net/main_8920869/89208696230.jpg,1,SHALAB,59900,59900,베이스어스 블루투스 이어폰 무선 클립형 오픈형 귀걸이형 MC1,89208696230,디지털/가전,100,음향가전
890,2026-05-29 05:30:41.320868,2026-05-29 05:30:41.320868,갤럭시,브랜드: 갤럭시 제조사: 삼성전자 카테고리: 음향가전,https://shopping-phinf.pstatic.net/main_9085345/90853453264.2.jpg,1,HKPHONE,265000,265000,삼성전자 갤럭시 버즈4 프로 무선블루투스 이어폰 R640,90853453264,디지털/가전,100,음향가전
891,2026-05-29 05:30:41.322599,2026-05-29 05:30:41.322599,QCY,브랜드: QCY 제조사: QCY 카테고리: 음향가전,https://shopping-phinf.pstatic.net/main_5364498/53644982816.20250626112323.jpg,1,네이버,31400,31400,QCY HT10 AilyBuds Pro,53644982816,디지털/가전,100,음향가전
892,2026-05-29 05:30:41.324206,2026-05-29 05:30:41.324206,QCY,브랜드: QCY 제조사: QCY 카테고리: 음향가전,https://shopping-phinf.pstatic.net/main_5660386/56603867490.20250905101804.jpg,1,네이버,18900,18900,QCY T43 Buds,56603867490,디지털/가전,100,음향가전
893,2026-05-29 05:30:41.325811,2026-05-29 05:30:41.325811,BOSE,브랜드: BOSE 제조사: BOSE 카테고리: 음향가전,https://shopping-phinf.pstatic.net/main_5551879/55518792283.20250627132817.jpg,1,네이버,309000,309000,BOSE 울트라 오픈 이어버드 정품,55518792283,디지털/가전,100,음향가전
894,2026-05-29 05:30:41.327398,2026-05-29 05:30:41.327398,아이리버,브랜드: 아이리버 제조사: 아이리버 카테고리: 음향가전,https://shopping-phinf.pstatic.net/main_8926103/89261034407.1.jpg,1,N샵 스토어,32900,32900,아이리버 IB-N3 러닝 무선 블루투스 골전도 이어폰 귀걸이형,89261034407,디지털/가전,100,음향가전
895,2026-05-29 05:30:41.332138,2026-05-29 05:30:41.332138,쏘빗,브랜드: 쏘빗 카테고리: 음향가전,https://shopping-phinf.pstatic.net/main_5657209/56572095530.20250903123632.jpg,1,네이버,19800,19800,쏘빗 XXOVIT-V20,56572095530,디지털/가전,100,음향가전
896,2026-05-29 05:30:41.336589,2026-05-29 05:30:41.336589,샥즈,브랜드: 샥즈 카테고리: 음향가전,https://shopping-phinf.pstatic.net/main_5352968/53529682110.20250313142712.jpg,1,네이버,152150,152150,샥즈 오픈런 S803,53529682110,디지털/가전,100,음향가전
897,2026-05-29 05:30:41.340398,2026-05-29 05:30:41.340398,샥즈,브랜드: 샥즈 카테고리: 음향가전,https://shopping-phinf.pstatic.net/main_5352874/53528748578.20250313121055.jpg,1,네이버,140000,140000,샥즈 오픈핏 에어 T511,53528748578,디지털/가전,100,음향가전
898,2026-05-29 05:30:41.34314,2026-05-29 05:30:41.34314,아이리버,브랜드: 아이리버 제조사: 아이리버 카테고리: 음향가전,https://shopping-phinf.pstatic.net/main_8940788/89407888181.3.jpg,1,아이리버 대리점 이큐웨어,34900,34900,아이리버 항균 노이즈캔슬링 마카롱 블루투스 이어폰 멀티포인트 v5.4 MC50 화이트,89407888181,디지털/가전,100,음향가전
899,2026-05-29 05:30:41.350675,2026-05-29 05:30:41.350675,쏘빗,브랜드: 쏘빗 카테고리: 음향가전,https://shopping-phinf.pstatic.net/main_8805605/88056052032.4.jpg,1,쏘빗 공식몰,32800,32800,쏘빗 오픈형 블루투스 무선 핸즈프리 이어폰 귀걸이형 운동 런닝 이어셋 골밀도이어폰,88056052032,디지털/가전,100,음향가전
900,2026-05-29 05:30:41.353741,2026-05-29 05:30:41.353741,아이엠듀,브랜드: 아이엠듀 제조사: 아이엠듀 카테고리: 음향가전,https://shopping-phinf.pstatic.net/main_9037143/90371437818.1.jpg,1,아이엠듀 플러스,29900,29900,플로소닉 무선 블루투스 이어폰 커널형 노이즈캔슬링 ANC 스포츠 운동 러닝 이어폰,90371437818,디지털/가전,100,음향가전
901,2026-05-29 05:30:41.757512,2026-05-29 05:30:41.757512,"",카테고리: 청소기,https://shopping-phinf.pstatic.net/main_8760750/87607501842.15.jpg,1,헤이슨 주식회사,34900,34900,헤이슨 파워쎈S 초강력 무선 미니청소기 초경량 무선 핸디 청소기,87607501842,디지털/가전,100,청소기
902,2026-05-29 05:30:41.762041,2026-05-29 05:30:41.762041,디베아,브랜드: 디베아 제조사: 디베아 카테고리: 청소기,https://shopping-phinf.pstatic.net/main_5321135/53211354775.20250225152336.jpg,1,네이버,169000,169000,"디베아 차이슨 THE NEW 진공 무선 청소기 화이트, 단품",53211354775,디지털/가전,100,청소기
903,2026-05-29 05:30:41.766128,2026-05-29 05:30:41.766128,자일렉,브랜드: 자일렉 제조사: 아이엔에스엔터프라이즈 카테고리: 청소기,https://shopping-phinf.pstatic.net/main_8620572/86205723700.11.jpg,1,위시굿즈,44900,44900,[고출력] 무선 미니 청소기 핸디 소형 진공 원룸 청소기,86205723700,디지털/가전,100,청소기
904,2026-05-29 05:30:41.7712,2026-05-29 05:30:41.7712,신일전자,브랜드: 신일전자 제조사: SHINIL 카테고리: 청소기,https://shopping-phinf.pstatic.net/main_8882170/88821708297.2.jpg,1,신일 가전 판매처,174000,174000,[예약판매] 신일 350W BLDC 무선청소기 가벼운 원룸 핸디 가벼운 진공,88821708297,디지털/가전,100,청소기
905,2026-05-29 05:30:41.775524,2026-05-29 05:30:41.775524,홈리아,브랜드: 홈리아 제조사: 도어스코리아 카테고리: 청소기,https://shopping-phinf.pstatic.net/main_8960372/89603726361.2.jpg,1,홈리아,179800,179800,홈리아 무선 청소기 차이슨 원룸 가벼운 진공 BLDC 자동먼지비움 더스트제로 클린스테이션,89603726361,디지털/가전,100,청소기
906,2026-05-29 05:30:41.78005,2026-05-29 05:30:41.78005,신일전자,브랜드: 신일전자 제조사: 신일가전 카테고리: 청소기,https://shopping-phinf.pstatic.net/main_9048060/90480607125.9.jpg,1,신일 가전 판매처,209000,209000,신일 자동먼지비움 슬림 무선 청소기 BLDC 원룸 가벼운 초경량,90480607125,디지털/가전,100,청소기
907,2026-05-29 05:30:41.792598,2026-05-29 05:30:41.792598,한경희생활과학,브랜드: 한경희생활과학 카테고리: 청소기,https://shopping-phinf.pstatic.net/main_8834104/88341044485.15.jpg,1,한경희 가전 판매처,319000,319000,한경희 500W 자동 먼지비움 무선청소기 청정 스테이션 가정용 사무실,88341044485,디지털/가전,100,청소기
908,2026-05-29 05:30:41.79753,2026-05-29 05:30:41.79753,디안트,브랜드: 디안트 카테고리: 청소기,https://shopping-phinf.pstatic.net/main_9057670/90576703215.2.jpg,1,Diante,109000,109000,초경량 디안트 소형 미니 무선청소기 가벼운 BLDC 차이슨 진공 원룸 핸디청소기,90576703215,디지털/가전,100,청소기
909,2026-05-29 05:30:41.801594,2026-05-29 05:30:41.801594,신일전자,브랜드: 신일전자 제조사: SHINIL 카테고리: 청소기,https://shopping-phinf.pstatic.net/main_9074860/90748607708.jpg,1,신일온라인공식인증점,47800,47800,신일 무선 핸디형 진공 청소기 초경량 미니 소형 충전식 가정용 차량용 휴대용 사무실 원룸,90748607708,디지털/가전,100,청소기
910,2026-05-29 05:30:41.805545,2026-05-29 05:30:41.805545,다이슨,브랜드: 다이슨 제조사: 다이슨 카테고리: 청소기,https://shopping-phinf.pstatic.net/main_5359988/53599883910.20250317174522.jpg,1,네이버,282400,282400,"다이슨 디지털 슬림 니켈 니켈, 단품",53599883910,디지털/가전,100,청소기
911,2026-05-29 05:30:41.809508,2026-05-29 05:30:41.809508,생활공작소,브랜드: 생활공작소 제조사: 생활공작소 카테고리: 청소기,https://shopping-phinf.pstatic.net/main_9030817/90308172337.jpg,1,생활공작소 LAB,179800,179800,생활공작소 자동 먼지비움청소기 무선 미니 자취방청소기 핸드 원룸 머리카락,90308172337,디지털/가전,100,청소기
912,2026-05-29 05:30:41.814258,2026-05-29 05:30:41.814258,"",카테고리: 청소기,https://shopping-phinf.pstatic.net/main_8929499/89294990049.2.jpg,1,루민 스토어,44900,44900,루민 무선청소기 BLDC 핸디형 가벼운 소형 미니 저렴한 원룸 저소음 초강력 청소기,89294990049,디지털/가전,100,청소기
913,2026-05-29 05:30:41.817649,2026-05-29 05:30:41.817649,신일전자,브랜드: 신일전자 제조사: SHINIL 카테고리: 청소기,https://shopping-phinf.pstatic.net/main_8573852/85738529116.14.jpg,1,공식온라인파트너,49900,49900,신일 무선 핸디 청소기 가벼운 저렴한 소형 미니 원룸 핸드,85738529116,디지털/가전,100,청소기
914,2026-05-29 05:30:41.820612,2026-05-29 05:30:41.820612,아이니즈,브랜드: 아이니즈 제조사: 아이니즈 카테고리: 청소기,https://shopping-phinf.pstatic.net/main_5807508/58075082863.20251210105629.jpg,1,네이버,89000,89000,"아이니즈 올인원 무선청소기 화이트, 단품",58075082863,디지털/가전,100,청소기
915,2026-05-29 05:30:41.825079,2026-05-29 05:30:41.825079,신일전자,브랜드: 신일전자 제조사: SHINIL 카테고리: 청소기,https://shopping-phinf.pstatic.net/main_9095809/90958096011.jpg,1,신일 가전 판매처,199000,199000,신일 500W BLDC 프로 무선 청소기 원룸 가벼운 진공 핸디 사무실,90958096011,디지털/가전,100,청소기
916,2026-05-29 05:30:41.839845,2026-05-29 05:30:41.839845,삼성,브랜드: 삼성 제조사: 삼성전자 카테고리: 청소기,https://shopping-phinf.pstatic.net/main_8846890/88468905871.11.jpg,1,삼성공식파트너 우주,1499000,1499000,25년 삼성 비스포크 AI 제트 400W 무선청소기 고온세척물걸레,88468905871,디지털/가전,100,청소기
917,2026-05-29 05:30:41.846883,2026-05-29 05:30:41.846883,코드제로,브랜드: 코드제로 제조사: LG전자 카테고리: 청소기,https://shopping-phinf.pstatic.net/main_5382463/53824633909.20250328102429.jpg,1,네이버,358990,358990,"LG전자 코드제로 무선청소기 AS520WA 카밍 베이지, 단품",53824633909,디지털/가전,100,청소기
918,2026-05-29 05:30:41.851592,2026-05-29 05:30:41.851592,바우아토,브랜드: 바우아토 제조사: 비바넥사 카테고리: 청소기,https://shopping-phinf.pstatic.net/main_8996202/89962027376.11.jpg,1,바우아토,39800,39800,핸딕스 가벼운 차이슨 무선 청소기 자취방 원룸 미니 소형 핸디 청소기 머리카락,89962027376,디지털/가전,100,청소기
919,2026-05-29 05:30:41.856603,2026-05-29 05:30:41.856603,"",카테고리: 청소기,https://shopping-phinf.pstatic.net/main_5664662/56646627463.55.jpg,1,쿠팡,117780,117780,삼성전자 파워모션 2100 진공청소기,56646627463,디지털/가전,100,청소기
920,2026-05-29 05:30:41.864157,2026-05-29 05:30:41.864157,캐치웰,브랜드: 캐치웰 제조사: 캐치웰 카테고리: 청소기,https://shopping-phinf.pstatic.net/main_5462942/54629429762.20260116091342.jpg,1,네이버,279000,279000,"캐치웰 CX PRO 매직타워 N 화이트, 단품",54629429762,디지털/가전,100,청소기
921,2026-05-29 05:30:41.867675,2026-05-29 05:30:41.867675,에어르,브랜드: 에어르 카테고리: 청소기,https://shopping-phinf.pstatic.net/main_9012578/90125781419.6.jpg,1,에어르,44900,44900,에어르 무선 미니 청소기 핸디 소형 원룸 머리카락 가벼운 더 그램,90125781419,디지털/가전,100,청소기
922,2026-05-29 05:30:41.87204,2026-05-29 05:30:41.87204,블라우풍트,브랜드: 블라우풍트 제조사: 블라우풍트 카테고리: 청소기,https://shopping-phinf.pstatic.net/main_5643974/56439748763.20260203085707.jpg,1,네이버,299000,299000,"블라우풍트 BLP-VC411KSP 블루, 단품",56439748763,디지털/가전,100,청소기
923,2026-05-29 05:30:41.875826,2026-05-29 05:30:41.875826,라익미,브랜드: 라익미 제조사: 라익미 카테고리: 청소기,https://shopping-phinf.pstatic.net/main_5418864/54188647000.20250414142900.jpg,1,네이버,89000,89000,"라익미 THE AIR TA45 충전스테이션 무선 살균 청소기 폴라 화이트, 단품",54188647000,디지털/가전,100,청소기
924,2026-05-29 05:30:41.87865,2026-05-29 05:30:41.87865,다이슨,브랜드: 다이슨 제조사: 다이슨 카테고리: 청소기,https://shopping-phinf.pstatic.net/main_5354996/53549963106.20250314160559.jpg,1,네이버,354520,354520,"다이슨 싸이클론 V10 레드, 단품",53549963106,디지털/가전,100,청소기
925,2026-05-29 05:30:41.882693,2026-05-29 05:30:41.882693,생활공작소,브랜드: 생활공작소 제조사: 생활공작소 카테고리: 청소기,https://shopping-phinf.pstatic.net/main_9030815/90308159257.2.jpg,1,생활공작소 LAB,109400,109400,무선 미니청소기 소형 자취방 원룸청소기 머리카락,90308159257,디지털/가전,100,청소기
926,2026-05-29 05:30:41.889392,2026-05-29 05:30:41.889392,아이닉,브랜드: 아이닉 제조사: 아이닉 카테고리: 청소기,https://shopping-phinf.pstatic.net/main_5359831/53598312529.20250317150621.jpg,1,네이버,283990,283990,"아이닉 i50 itower 무선청소기 화이트, 단품",53598312529,디지털/가전,100,청소기
927,2026-05-29 05:30:41.894942,2026-05-29 05:30:41.894942,오베닉,브랜드: 오베닉 카테고리: 청소기,https://shopping-phinf.pstatic.net/main_5836138/58361388131.20260102111956.jpg,1,네이버,45820,45820,"오베닉 OJEOBV1-W 화이트, 단품",58361388131,디지털/가전,100,청소기
928,2026-05-29 05:30:41.906315,2026-05-29 05:30:41.906315,샤크,브랜드: 샤크 카테고리: 청소기,https://shopping-phinf.pstatic.net/main_8814870/88148707352.1.jpg,1,티에스shop,439900,439900,샤크 무선청소기 에보파워 시스템 청소기 코스트코 무선 CS150KRAE 자동먼지비움 가벼운 스틱클리너,88148707352,디지털/가전,100,청소기
930,2026-05-29 05:30:41.920345,2026-05-29 05:30:41.920345,다이슨,브랜드: 다이슨 제조사: 다이슨 카테고리: 청소기,https://shopping-phinf.pstatic.net/main_5507652/55076525553.20250602173009.jpg,1,네이버,557340,557340,"다이슨 펜슬백 플러피콘 청소기 블랙, 단품",55076525553,디지털/가전,100,청소기
931,2026-05-29 05:30:41.928231,2026-05-29 05:30:41.928231,에어메이드,브랜드: 에어메이드 제조사: 에어메이드 카테고리: 청소기,https://shopping-phinf.pstatic.net/main_5574439/55744399387.20250922155542.jpg,1,네이버,264990,264990,"에어메이드 스마트타워 X 무선청소기 AMC-5501A 화이트, 단품",55744399387,디지털/가전,100,청소기
932,2026-05-29 05:30:41.934687,2026-05-29 05:30:41.934687,샤크,브랜드: 샤크 제조사: 샤크 카테고리: 청소기,https://shopping-phinf.pstatic.net/main_5321087/53210875444.20260514145521.jpg,1,네이버,693690,693690,"샤크 에보파워시스템 NEO플러스 청소기 LC351KR 화이트, 단품",53210875444,디지털/가전,100,청소기
933,2026-05-29 05:30:41.942794,2026-05-29 05:30:41.942794,"",카테고리: 청소기,https://shopping-phinf.pstatic.net/main_8672446/86724461687.1.jpg,1,루민 스토어,33900,33900,[2세대] 루민 무선 미니 청소기 에어건 핸디 소형 진공 머리카락 원룸 저렴한,86724461687,디지털/가전,100,청소기
934,2026-05-29 05:30:41.948593,2026-05-29 05:30:41.948593,홈리아,브랜드: 홈리아 제조사: 도어스코리아 카테고리: 청소기,https://shopping-phinf.pstatic.net/main_8566719/85667193753.8.jpg,1,홈리아,49800,49800,유선청소기 자취 원룸 가정용 소형 가벼운 스틱 진공 청소기,85667193753,디지털/가전,100,청소기
935,2026-05-29 05:30:41.957031,2026-05-29 05:30:41.957031,싸이킹,브랜드: 싸이킹 제조사: LG전자 카테고리: 청소기,https://shopping-phinf.pstatic.net/main_5366692/53666923551.20250320162112.jpg,1,네이버,229500,229500,LG전자 싸이킹 K83WGY 카밍 베이지,53666923551,디지털/가전,100,청소기
936,2026-05-29 05:30:41.962306,2026-05-29 05:30:41.962306,디베아,브랜드: 디베아 제조사: 디베아 카테고리: 청소기,https://shopping-phinf.pstatic.net/main_5321135/53211354613.20250225151622.jpg,1,네이버,299000,299000,"디베아 차이슨 ONE STEP 클린스테이션 무선청소기 화이트, 단품",53211354613,디지털/가전,100,청소기
937,2026-05-29 05:30:41.97222,2026-05-29 05:30:41.97222,온홈,브랜드: 온홈 카테고리: 청소기,https://shopping-phinf.pstatic.net/main_9061013/90610131574.2.jpg,1,온홈 스토어,159800,159800,온홈 무선 청소기 핸디 진공 스틱 원룸 차이슨 가벼운 자취방 BLDC 저소음 자동조절,90610131574,디지털/가전,100,청소기
938,2026-05-29 05:30:41.975102,2026-05-29 05:30:41.975102,신일전자,브랜드: 신일전자 제조사: SHINIL 카테고리: 청소기,https://shopping-phinf.pstatic.net/main_8746877/87468772071.3.jpg,1,온라인 정품판매점,48900,48900,신일 무선 핸디 청소기 소형 미니 원룸 핸드 차량용 캠핑 머리카락 2in1,87468772071,디지털/가전,100,청소기
939,2026-05-29 05:30:41.979429,2026-05-29 05:30:41.979429,미니센,브랜드: 미니센 카테고리: 청소기,https://shopping-phinf.pstatic.net/main_8284471/82844712317.28.jpg,1,미니센,33900,33900,미니센 무선 미니 청소기 핸디 소형 진공 MNC-100,82844712317,디지털/가전,100,청소기
940,2026-05-29 05:30:41.987615,2026-05-29 05:30:41.987615,싸이킹,브랜드: 싸이킹 제조사: LG전자 카테고리: 청소기,https://shopping-phinf.pstatic.net/main_5364503/53645038205.20250319104605.jpg,1,네이버,210000,210000,LG전자 싸이킹 K83IGY 아이언그레이,53645038205,디지털/가전,100,청소기
941,2026-05-29 05:30:41.991466,2026-05-29 05:30:41.991466,MIDEA,브랜드: MIDEA 제조사: MIDEA 카테고리: 청소기,https://shopping-phinf.pstatic.net/main_5923353/59233532271.20260312143717.jpg,1,네이버,274000,274000,"MIDEA MP08KRGY-DS 블랙, 단품",59233532271,디지털/가전,100,청소기
942,2026-05-29 05:30:41.995517,2026-05-29 05:30:41.995517,CUCKOO,브랜드: CUCKOO 제조사: 쿠쿠홈시스 카테고리: 청소기,https://shopping-phinf.pstatic.net/main_5321092/53210925586.20250225144014.jpg,1,네이버,98970,98970,"쿠쿠홈시스 CUCKOO CVC-EH10NWM 노블 화이트, 단품",53210925586,디지털/가전,100,청소기
943,2026-05-29 05:30:42.000499,2026-05-29 05:30:42.000499,싸이킹,브랜드: 싸이킹 제조사: LG전자 카테고리: 청소기,https://shopping-phinf.pstatic.net/main_5402732/54027327354.20250407172318.jpg,1,네이버,113700,113700,LG전자 싸이킹 C33FNT 샤이닝 실버,54027327354,디지털/가전,100,청소기
944,2026-05-29 05:30:42.025116,2026-05-29 05:30:42.025116,삼성,브랜드: 삼성 제조사: 삼성전자 카테고리: 청소기,https://shopping-phinf.pstatic.net/main_8986577/89865778150.jpg,1,파라요몰,125000,125000,삼성 유선진공청소기 파워모션 흡입력좋은 가정용 유선청소기,89865778150,디지털/가전,100,청소기
945,2026-05-29 05:30:42.029915,2026-05-29 05:30:42.029915,한일,브랜드: 한일 제조사: 한일전기 카테고리: 청소기,https://shopping-phinf.pstatic.net/main_8357023/83570231566.11.jpg,1,한일공식몰,36900,36900,한일 유선청소기 핸디 미니청소기 소형 스틱 자취 청소기,83570231566,디지털/가전,100,청소기
946,2026-05-29 05:30:42.035777,2026-05-29 05:30:42.035777,신일전자,브랜드: 신일전자 제조사: SHINIL 카테고리: 청소기,https://shopping-phinf.pstatic.net/main_8880346/88803469781.3.jpg,1,신일 온라인스토어,59000,59000,신일청소기 소형 미니 무선청소기 핸디 자취방 원룸 머리카락,88803469781,디지털/가전,100,청소기
947,2026-05-29 05:30:42.039478,2026-05-29 05:30:42.039478,CUCKOO,브랜드: CUCKOO 제조사: 쿠쿠홈시스 카테고리: 청소기,https://shopping-phinf.pstatic.net/main_5321093/53210939424.20250225144223.jpg,1,네이버,169050,169050,"쿠쿠홈시스 CUCKOO CVC-G820NWM 노블 화이트, 단품",53210939424,디지털/가전,100,청소기
948,2026-05-29 05:30:42.042814,2026-05-29 05:30:42.042814,싸이킹,브랜드: 싸이킹 제조사: LG전자 카테고리: 청소기,https://shopping-phinf.pstatic.net/main_5380822/53808227192.20250327171810.jpg,1,네이버,136100,136100,LG전자 싸이킹 C40SFHT 실버,53808227192,디지털/가전,100,청소기
949,2026-05-29 05:30:42.04654,2026-05-29 05:30:42.04654,다이슨,브랜드: 다이슨 제조사: 다이슨 카테고리: 청소기,https://shopping-phinf.pstatic.net/main_5390152/53901528358.20250401123808.jpg,1,네이버,282470,282470,"다이슨 v8 실버레드, 단품",53901528358,디지털/가전,100,청소기
950,2026-05-29 05:30:42.049658,2026-05-29 05:30:42.049658,싸이킹,브랜드: 싸이킹 제조사: LG전자 카테고리: 청소기,https://shopping-phinf.pstatic.net/main_5380664/53806648081.20250327150610.jpg,1,네이버,187870,187870,LG전자 싸이킹 C40WGY 카밍 베이지,53806648081,디지털/가전,100,청소기
951,2026-05-29 05:30:42.054193,2026-05-29 05:30:42.054193,아이닉,브랜드: 아이닉 제조사: 아이닉 카테고리: 청소기,https://shopping-phinf.pstatic.net/main_5321093/53210939995.20260210093151.jpg,1,네이버,180050,180050,"아이닉 i50 AI 디텍트 화이트, 단품",53210939995,디지털/가전,100,청소기
952,2026-05-29 05:30:42.061069,2026-05-29 05:30:42.061069,샤크,브랜드: 샤크 제조사: 샤크닌자 카테고리: 청소기,https://shopping-phinf.pstatic.net/main_5392033/53920333887.20250402163848.jpg,1,네이버,113420,113420,"샤크닌자 샤크 WV250KR2 블랙, 단품",53920333887,디지털/가전,100,청소기
953,2026-05-29 05:30:42.065604,2026-05-29 05:30:42.065604,홈리아,브랜드: 홈리아 제조사: 도어스 카테고리: 청소기,https://shopping-phinf.pstatic.net/main_8900715/89007156775.2.jpg,1,홈리아,89900,89900,홈리아 무선 청소기 차이슨 원룸 진공 자취방 가벼운 저렴한 핸디 더스트제로 에어,89007156775,디지털/가전,100,청소기
954,2026-05-29 05:30:42.07357,2026-05-29 05:30:42.07357,가이타이너,브랜드: 가이타이너 제조사: 엠앤에스코리아 카테고리: 청소기,https://shopping-phinf.pstatic.net/main_5314618/53146185090.20250221164906.jpg,1,네이버,79800,79800,"엠앤에스코리아 가이타이너 GTLHVC-1000 화이트, 단품",53146185090,디지털/가전,100,청소기
955,2026-05-29 05:30:42.086006,2026-05-29 05:30:42.086006,아이룸,브랜드: 아이룸 제조사: 아이룸 카테고리: 청소기,https://shopping-phinf.pstatic.net/main_8062087/80620878824.19.jpg,1,아이룸 공식스토어,119000,119000,아이룸 차이슨 무선청소기 제트클린 BLDC 핸디 스틱 진공 청소기,80620878824,디지털/가전,100,청소기
956,2026-05-29 05:30:42.091627,2026-05-29 05:30:42.091627,다이슨,브랜드: 다이슨 제조사: 다이슨 카테고리: 청소기,https://shopping-phinf.pstatic.net/main_5390356/53903564415.20250707134817.jpg,1,네이버,408990,408990,"다이슨 디지털 슬림 옵틱 퍼플 퍼플, 단품",53903564415,디지털/가전,100,청소기
957,2026-05-29 05:30:42.098521,2026-05-29 05:30:42.098521,파워모션,브랜드: 파워모션 제조사: 삼성전자 카테고리: 청소기,https://shopping-phinf.pstatic.net/main_5507684/55076846673.20250602112506.jpg,1,네이버,159000,159000,삼성전자 파워모션 VC33M4142L4 그리너리,55076846673,디지털/가전,100,청소기
958,2026-05-29 05:30:42.102001,2026-05-29 05:30:42.102001,일렉트로룩스,브랜드: 일렉트로룩스 제조사: 일렉트로룩스 카테고리: 청소기,https://shopping-phinf.pstatic.net/main_5321094/53210940036.20250225144634.jpg,1,네이버,198890,198890,"일렉트로룩스 ZB3511DB 데님 블루, 단품",53210940036,디지털/가전,100,청소기
959,2026-05-29 05:30:42.105281,2026-05-29 05:30:42.105281,샤크,브랜드: 샤크 제조사: 샤크 카테고리: 청소기,https://shopping-phinf.pstatic.net/main_5968870/59688709548.20260416145128.jpg,1,네이버,845050,845050,"샤크 에보파워시스템 부스트+ LC751KRLV 라이트라벤더 단품, 단품",59688709548,디지털/가전,100,청소기
960,2026-05-29 05:30:42.112094,2026-05-29 05:30:42.112094,코드제로,브랜드: 코드제로 제조사: LG전자 카테고리: 청소기,https://shopping-phinf.pstatic.net/main_5624454/56244544002.20250813150505.jpg,1,네이버,541270,541270,"LG전자 코드제로 A720WA 카밍 베이지, 단품",56244544002,디지털/가전,100,청소기
961,2026-05-29 05:30:42.117618,2026-05-29 05:30:42.117618,파워모션,브랜드: 파워모션 제조사: 삼성전자 카테고리: 청소기,https://shopping-phinf.pstatic.net/main_5502437/55024378818.20250529175446.jpg,1,네이버,85900,85900,삼성전자 파워모션 VC33M2105LD 트러플 메탈,55024378818,디지털/가전,100,청소기
962,2026-05-29 05:30:42.121622,2026-05-29 05:30:42.121622,파워모션,브랜드: 파워모션 제조사: 삼성전자 카테고리: 청소기,https://shopping-phinf.pstatic.net/main_5588714/55887146213.20250721111342.jpg,1,네이버,84990,84990,삼성전자 파워모션 VC33M2100LB 바이탈리티 블루,55887146213,디지털/가전,100,청소기
963,2026-05-29 05:30:42.126325,2026-05-29 05:30:42.126325,다이슨,브랜드: 다이슨 제조사: 다이슨 카테고리: 청소기,https://shopping-phinf.pstatic.net/main_5390250/53902502581.20250401142748.jpg,1,네이버,336270,336270,"다이슨 마이크로 니켈 니켈, 단품",53902502581,디지털/가전,100,청소기
964,2026-05-29 05:30:42.130221,2026-05-29 05:30:42.130221,다이슨,브랜드: 다이슨 제조사: 다이슨 카테고리: 청소기,https://shopping-phinf.pstatic.net/main_5780907/57809079833.20251118120123.jpg,1,네이버,672310,672310,"다이슨 V12 디텍트 슬림 골드 골드, 거치대",57809079833,디지털/가전,100,청소기
965,2026-05-29 05:30:42.136439,2026-05-29 05:30:42.136439,로보락,브랜드: 로보락 제조사: 로보락 카테고리: 청소기,https://shopping-phinf.pstatic.net/main_5606002/56060022070.20250801172302.jpg,1,네이버,449000,449000,"로보락 H60 Hub Ultra 블랙, 단품",56060022070,디지털/가전,100,청소기
966,2026-05-29 05:30:42.1409,2026-05-29 05:30:42.1409,샤크,브랜드: 샤크 제조사: 샤크닌자 카테고리: 청소기,https://shopping-phinf.pstatic.net/main_5339326/53393266688.20250306150440.jpg,1,네이버,135600,135600,샤크닌자 샤크 에보파워 핸디 무선 청소기 WV210KR  미드나잇 블루,53393266688,디지털/가전,100,청소기
967,2026-05-29 05:30:42.147455,2026-05-29 05:30:42.147455,바로바로,브랜드: 바로바로 제조사: 무궁화전자 카테고리: 청소기,https://shopping-phinf.pstatic.net/main_5309968/53099688214.20250219171428.jpg,1,네이버,42310,42310,"무궁화전자 바로바로 MC-B250 화이트, 단품",53099688214,디지털/가전,100,청소기
968,2026-05-29 05:30:42.151004,2026-05-29 05:30:42.151004,캐치웰,브랜드: 캐치웰 제조사: 캐치웰 카테고리: 청소기,https://shopping-phinf.pstatic.net/main_5321175/53211758938.20250225155652.jpg,1,네이버,124000,124000,"캐치웰 에이센스 화이트, 단품",53211758938,디지털/가전,100,청소기
969,2026-05-29 05:30:42.155174,2026-05-29 05:30:42.155174,보만,브랜드: 보만 제조사: 보만 카테고리: 청소기,https://shopping-phinf.pstatic.net/main_5341277/53412774149.20250307144108.jpg,1,네이버,58900,58900,보만 VC7210PL 화이트,53412774149,디지털/가전,100,청소기
970,2026-05-29 05:30:42.166449,2026-05-29 05:30:42.166449,CUCKOO,브랜드: CUCKOO 제조사: 쿠쿠홈시스 카테고리: 청소기,https://shopping-phinf.pstatic.net/main_8804132/88041320912.10.jpg,1,쿠쿠전자,192000,192000,쿠쿠 파워클론 Slim 무선청소기 CVC-G820NWM 노블화이트,88041320912,디지털/가전,100,청소기
971,2026-05-29 05:30:42.171598,2026-05-29 05:30:42.171598,오브제컬렉션,브랜드: 오브제컬렉션 제조사: LG전자 카테고리: 청소기,https://shopping-phinf.pstatic.net/main_5391848/53918482221.20250402124900.jpg,1,네이버,670220,670220,"LG전자 오브제컬렉션 AX920BWE 카밍 베이지, 단품",53918482221,디지털/가전,100,청소기
972,2026-05-29 05:30:42.177224,2026-05-29 05:30:42.177224,블라우풍트,브랜드: 블라우풍트 제조사: 블라우풍트 카테고리: 청소기,https://shopping-phinf.pstatic.net/main_8965598/89655982663.3.jpg,1,블라우풍트,299000,299000,"블라우풍트 자동먼지비움청소기 소형 원룸 핸디 BLDC 무선 진공 청소기 화이트, 단품",89655982663,디지털/가전,100,청소기
973,2026-05-29 05:30:42.183425,2026-05-29 05:30:42.183425,CUCKOO,브랜드: CUCKOO 제조사: 쿠쿠홈시스 카테고리: 청소기,https://shopping-phinf.pstatic.net/main_5390266/53902662460.20250401144737.jpg,1,네이버,399000,399000,"쿠쿠홈시스 CUCKOO CVC-ANLEM1420W 화이트, 단품",53902662460,디지털/가전,100,청소기
974,2026-05-29 05:30:42.19028,2026-05-29 05:30:42.19028,비스포크제트,브랜드: 비스포크제트 제조사: 삼성전자 카테고리: 청소기,https://shopping-phinf.pstatic.net/main_5391909/53919096782.20250402145818.jpg,1,네이버,725180,725180,"삼성전자 비스포크제트 VS28D950AIB 산토리니 베이지, 단품",53919096782,디지털/가전,100,청소기
975,2026-05-29 05:30:42.195259,2026-05-29 05:30:42.195259,샤크,브랜드: 샤크 제조사: 샤크 카테고리: 청소기,https://shopping-phinf.pstatic.net/main_5392152/53921528534.20260514150645.jpg,1,네이버,684000,684000,"샤크 에보 파워 시스템 청소기 IQ CS851 AED 모브그레이, 단품",53921528534,디지털/가전,100,청소기
976,2026-05-29 05:30:42.199242,2026-05-29 05:30:42.199242,대웅모닝컴,브랜드: 대웅모닝컴 제조사: 대웅모닝컴 카테고리: 청소기,https://shopping-phinf.pstatic.net/main_5410668/54106689913.20250411091257.jpg,1,네이버,51000,51000,대웅모닝컴 DWM-4733C 블랙,54106689913,디지털/가전,100,청소기
977,2026-05-29 05:30:42.202589,2026-05-29 05:30:42.202589,한경희생활과학,브랜드: 한경희생활과학 제조사: 한경희생활과학 카테고리: 청소기,https://shopping-phinf.pstatic.net/main_9082414/90824144966.3.jpg,1,HAAN 원픽,169000,169000,한경희 파워 300W BLDC 무선 청소기 가벼운 원룸 핸디 가벼운 진공,90824144966,디지털/가전,100,청소기
978,2026-05-29 05:30:42.205914,2026-05-29 05:30:42.205914,ILI,브랜드: ILI 제조사: ILI 카테고리: 청소기,https://shopping-phinf.pstatic.net/main_8910756/89107563538.16.jpg,1,브랜드 샵,99000,99000,아이리 차이슨 무선청소기 BLDC 진공 가벼운 핸디 청소기 원룸 자취방,89107563538,디지털/가전,100,청소기
979,2026-05-29 05:30:42.210127,2026-05-29 05:30:42.210127,일렉트로룩스,브랜드: 일렉트로룩스 제조사: 일렉트로룩스 카테고리: 청소기,https://shopping-phinf.pstatic.net/main_5907520/59075201822.20260227112541.jpg,1,네이버,195000,195000,"일렉트로룩스 EFP52212DB 데님 블루, 단품",59075201822,디지털/가전,100,청소기
980,2026-05-29 05:30:42.216041,2026-05-29 05:30:42.216041,일렉트로룩스,브랜드: 일렉트로룩스 제조사: 일렉트로룩스 카테고리: 청소기,https://shopping-phinf.pstatic.net/main_5321094/53210940098.20250225144849.jpg,1,네이버,194500,194500,"일렉트로룩스 WQ61-1EDB 데님 블루, 단품",53210940098,디지털/가전,100,청소기
981,2026-05-29 05:30:42.222863,2026-05-29 05:30:42.222863,디베아,브랜드: 디베아 제조사: 디베아 카테고리: 청소기,https://shopping-phinf.pstatic.net/main_5390317/53903178044.20250401150955.jpg,1,네이버,249000,249000,"디베아 ALLNEW29000 화이트, 단품",53903178044,디지털/가전,100,청소기
982,2026-05-29 05:30:42.226411,2026-05-29 05:30:42.226411,다이슨,브랜드: 다이슨 제조사: 다이슨 카테고리: 청소기,https://shopping-phinf.pstatic.net/main_5659186/56591865024.20250904173253.jpg,1,네이버,420410,420410,"다이슨 V12 오리진 플러피 니켈 퍼플, 멀티 스탠드형 충전 거치대",56591865024,디지털/가전,100,청소기
983,2026-05-29 05:30:42.230339,2026-05-29 05:30:42.230339,일렉트로룩스,브랜드: 일렉트로룩스 제조사: 일렉트로룩스 카테고리: 청소기,https://shopping-phinf.pstatic.net/main_5323073/53230734506.20250226153848.jpg,1,네이버,224130,224130,일렉트로룩스 얼티밋홈 700 EFC71521 쉘 화이트 쉘 화이트,53230734506,디지털/가전,100,청소기
984,2026-05-29 05:30:42.23375,2026-05-29 05:30:42.23375,샤크,브랜드: 샤크 제조사: 샤크 카테고리: 청소기,https://shopping-phinf.pstatic.net/main_5633423/56334237910.20260514145737.jpg,1,네이버,792370,792370,"샤크 파워 클린 360 IW4271KRCP 라이트 쿠퍼, 단품",56334237910,디지털/가전,100,청소기
985,2026-05-29 05:30:42.236929,2026-05-29 05:30:42.236929,캐치웰,브랜드: 캐치웰 제조사: 캐치웰 카테고리: 청소기,https://shopping-phinf.pstatic.net/main_8925024/89250243284.2.jpg,1,캐치웰,299000,299000,캐치웰 CX PRO 매직타워 N 자동 먼지비움 무선 청소기,89250243284,디지털/가전,100,청소기
986,2026-05-29 05:30:42.239934,2026-05-29 05:30:42.239934,코드제로,브랜드: 코드제로 제조사: LG전자 카테고리: 청소기,https://shopping-phinf.pstatic.net/main_5566858/55668586297.20250707113409.jpg,1,네이버,942000,942000,"LG전자 코드제로 AI927WA 카밍 베이지, 단품",55668586297,디지털/가전,100,청소기
987,2026-05-29 05:30:42.244171,2026-05-29 05:30:42.244171,코드제로,브랜드: 코드제로 제조사: LG전자 카테고리: 청소기,https://shopping-phinf.pstatic.net/main_5390356/53903563164.20260219111325.jpg,1,네이버,920190,920190,"LG전자 코드제로 A9S AX948BWE 카밍 베이지, 단품",53903563164,디지털/가전,100,청소기
988,2026-05-29 05:30:42.247305,2026-05-29 05:30:42.247305,"",카테고리: 청소기,https://shopping-phinf.pstatic.net/main_8969441/89694417750.jpg,1,하이젠테크,21900,21900,하이젠테크 무선 미니 핸디스틱청소기 원룸 차량용 강력흡입 진공 소형 청소기,89694417750,디지털/가전,100,청소기
989,2026-05-29 05:30:42.250238,2026-05-29 05:30:42.250238,삼성,브랜드: 삼성 제조사: 삼성전자 카테고리: 청소기,https://shopping-phinf.pstatic.net/main_9014149/90141495064.jpg,1,삼성공식파트너 우주,1549000,1549000,25년 삼성 비스포크 AI 제트 400W 무선청소기 고온세척물걸레 추가배터리 새틴그레이지,90141495064,디지털/가전,100,청소기
990,2026-05-29 05:30:42.25305,2026-05-29 05:30:42.25305,아이닉,브랜드: 아이닉 제조사: 아이닉 카테고리: 청소기,https://shopping-phinf.pstatic.net/main_5965729/59657295324.20260414110426.jpg,1,네이버,399000,399000,"아이닉 i90 MAX ZERO 2.0 화이트, 단품",59657295324,디지털/가전,100,청소기
991,2026-05-29 05:30:42.256467,2026-05-29 05:30:42.256467,로롬,브랜드: 로롬 카테고리: 청소기,https://shopping-phinf.pstatic.net/main_5312288/53122888027.20250220145132.jpg,1,네이버,37900,37900,"로롬 무선 미니 청소기 화이트, 단품",53122888027,디지털/가전,100,청소기
992,2026-05-29 05:30:42.261742,2026-05-29 05:30:42.261742,삼성,브랜드: 삼성 제조사: 삼성전자 카테고리: 청소기,https://shopping-phinf.pstatic.net/main_8722203/87222034553.jpg,1,하이큐 가전마트,389000,389000,삼성 무선 청소기 제트 싸이클론 150W 가벼운 스틱형 강력한 흡입력 블랙,87222034553,디지털/가전,100,청소기
993,2026-05-29 05:30:42.267066,2026-05-29 05:30:42.267066,보아르,브랜드: 보아르 제조사: 오아 카테고리: 청소기,https://shopping-phinf.pstatic.net/main_5411092/54110926199.20250411095050.jpg,1,네이버,59800,59800,오아 보아르 포스A VCL-039WH 화이트,54110926199,디지털/가전,100,청소기
994,2026-05-29 05:30:42.271869,2026-05-29 05:30:42.271869,비스포크제트,브랜드: 비스포크제트 제조사: 삼성전자 카테고리: 청소기,https://shopping-phinf.pstatic.net/main_5419019/54190192154.20250414163253.jpg,1,네이버,700990,700990,"삼성전자 비스포크제트 VS28D950ACB 산토리니 베이지, 단품",54190192154,디지털/가전,100,청소기
995,2026-05-29 05:30:42.276274,2026-05-29 05:30:42.276274,로보락,브랜드: 로보락 제조사: 로보락 카테고리: 청소기,https://shopping-phinf.pstatic.net/main_5633331/56333319180.20250819142827.jpg,1,네이버,149000,149000,"로보락 H60 Pro 블랙, 단품",56333319180,디지털/가전,100,청소기
996,2026-05-29 05:30:42.279991,2026-05-29 05:30:42.279991,다이슨,브랜드: 다이슨 제조사: 다이슨 카테고리: 청소기,https://shopping-phinf.pstatic.net/main_5644048/56440484786.20250826163227.jpg,1,네이버,490490,490490,"다이슨 V15 오리진 플러피 니켈 레드, 단품",56440484786,디지털/가전,100,청소기
997,2026-05-29 05:30:42.283506,2026-05-29 05:30:42.283506,일렉트로룩스,브랜드: 일렉트로룩스 제조사: 일렉트로룩스 카테고리: 청소기,https://shopping-phinf.pstatic.net/main_5393845/53938450207.20250902143817.jpg,1,네이버,198140,198140,"일렉트로룩스 WQ61-1OGG 그라나이트 그레이, 단품",53938450207,디지털/가전,100,청소기
998,2026-05-29 05:30:42.287457,2026-05-29 05:30:42.287457,쿠진,브랜드: 쿠진 카테고리: 청소기,https://shopping-phinf.pstatic.net/main_8957141/89571417777.5.jpg,1,쿠진 공식스토어,159000,159000,쿠진 흡입력 좋은 가벼운 BLDC 무선청소기 마하라이트 S1 (스틱형),89571417777,디지털/가전,100,청소기
999,2026-05-29 05:30:42.291464,2026-05-29 05:30:42.291464,디베아,브랜드: 디베아 제조사: 디베아 카테고리: 청소기,https://shopping-phinf.pstatic.net/main_5632060/56320602511.20250818165726.jpg,1,네이버,249000,249000,"디베아 JET FIT 클린스테이션 화이트, 단품",56320602511,디지털/가전,100,청소기
1000,2026-05-29 05:30:42.295121,2026-05-29 05:30:42.295121,모온,브랜드: 모온 제조사: 무궁화전자 카테고리: 청소기,https://shopping-phinf.pstatic.net/main_5743082/57430828741.20251029123821.jpg,1,네이버,338000,338000,"무궁화전자 모온 오비큠 프로 스노우화이트 P00, 단품",57430828741,디지털/가전,100,청소기
1001,2026-05-29 05:30:42.582927,2026-05-29 05:30:42.582927,"",카테고리: 주방용품,https://shopping-phinf.pstatic.net/main_9041738/90417382506.3.jpg,1,주식회사 모두손,4500,4500,모두손 니트릴장갑 100매 화이트 발암물질 없는 고무장갑 주방용품 요리 종이상자형,90417382506,생활/건강,100,주방용품
1002,2026-05-29 05:30:42.589574,2026-05-29 05:30:42.589574,"",카테고리: 주방용품,https://shopping-phinf.pstatic.net/main_8854284/88542845978.7.jpg,1,휴앤미인터내셔널,6900,6900,1초만에 벗겨지는 고무장갑 습기없는 질긴 두꺼운 니트릴 고무장갑 라텍스 프리,88542845978,생활/건강,100,주방용품
1003,2026-05-29 05:30:42.598582,2026-05-29 05:30:42.598582,"",카테고리: 주방용품,https://shopping-phinf.pstatic.net/main_8043339/80433393651.7.jpg,1,착한비닐,4400,4400,재활용 비닐봉투 분리수거 비닐봉지 대형 평판 큰 대용량 휴지통 쓰레기봉투 100리터 25P,80433393651,생활/건강,100,주방용품
1004,2026-05-29 05:30:42.614047,2026-05-29 05:30:42.614047,테르헨,브랜드: 테르헨 카테고리: 주방용품,https://shopping-phinf.pstatic.net/main_5645723/56457230659.20250827164848.jpg,1,네이버,31900,31900,테르헨 316 스테인레스 도마 이지핸들,56457230659,생활/건강,100,주방용품
1006,2026-05-29 05:30:42.641037,2026-05-29 05:30:42.641037,"",카테고리: 주방용품,https://shopping-phinf.pstatic.net/main_8278231/82782318141.5.jpg,1,착한비닐,3400,3400,검정 비닐봉투 재활용 쓰레기 분리수거 손잡이 비닐봉지 배달 두꺼운 마트봉투 0호 100P,82782318141,생활/건강,100,주방용품
1007,2026-05-29 05:30:42.645318,2026-05-29 05:30:42.645318,이브리영,브랜드: 이브리영 카테고리: 주방용품,https://shopping-phinf.pstatic.net/main_5961724/59617248988.20260410121650.jpg,1,네이버,59800,59800,이브리영 올인원 퀄퀄퀄 식기건조대 2단,59617248988,생활/건강,100,주방용품
1008,2026-05-29 05:30:42.650299,2026-05-29 05:30:42.650299,새니피아,브랜드: 새니피아 카테고리: 주방용품,https://shopping-phinf.pstatic.net/main_8256482/82564823216.15.jpg,1,새니피아 공식스토어,4400,4400,재활용 비닐봉투 100L 30매 분리수거 비닐봉지 쓰레기봉투 평판 대형 큰 대용량 휴지통,82564823216,생활/건강,100,주방용품
1009,2026-05-29 05:30:42.654768,2026-05-29 05:30:42.654768,스탠리1913,브랜드: 스탠리1913 제조사: 스탠리 카테고리: 주방용품,https://shopping-phinf.pstatic.net/main_5638700/56387008628.20250822153055.jpg,1,네이버,41500,41500,"스탠리 스탠리1913 퀜처 H2.0 플로우스테이트 손잡이 텀블러 591ml, 크림",56387008628,생활/건강,100,주방용품
1010,2026-05-29 05:30:42.65876,2026-05-29 05:30:42.65876,"",카테고리: 주방용품,https://shopping-phinf.pstatic.net/main_8208099/82080995920.16.jpg,1,비닐어게인,3900,3900,재활용 비닐봉투 분리수거 비닐봉지 대형 큰 대용량 쓰레기봉투 배접 특대 20매 100리터,82080995920,생활/건강,100,주방용품
1011,2026-05-29 05:30:42.663955,2026-05-29 05:30:42.663955,"",카테고리: 주방용품,https://shopping-phinf.pstatic.net/main_8372942/83729421264.9.jpg,1,좋은비닐,3200,3200,재활용 비닐봉투 분리수거 비닐봉지 평판 대형 큰 대용량 휴지통 쓰레기봉투 20L 80p,83729421264,생활/건강,100,주방용품
1012,2026-05-29 05:30:42.667096,2026-05-29 05:30:42.667096,"",카테고리: 주방용품,https://shopping-phinf.pstatic.net/main_1195208/11952080717.15.jpg,1,스토어팩,5000,5000,재활용 비닐봉투 분리수거 비닐봉지 대형 평판 대용량 휴지통 쓰레기봉투 62 50L 50장,11952080717,생활/건강,100,주방용품
1013,2026-05-29 05:30:42.673871,2026-05-29 05:30:42.673871,"",카테고리: 주방용품,https://shopping-phinf.pstatic.net/main_5893785/58937854758.20260215235533.jpg,1,네이버,59200,59200,파르셀 무연마 통3중 304 스테인리스 프라이팬 28cm,58937854758,생활/건강,100,주방용품
1014,2026-05-29 05:30:42.681487,2026-05-29 05:30:42.681487,"",카테고리: 주방용품,https://shopping-phinf.pstatic.net/main_5337015/53370156127.20250305103333.jpg,1,네이버,8980,8980,"슬기로운 종이컵 184ml, 1000개입, 1개",53370156127,생활/건강,100,주방용품
1015,2026-05-29 05:30:42.685416,2026-05-29 05:30:42.685416,"",카테고리: 주방용품,https://shopping-phinf.pstatic.net/main_8695822/86958225824.1.jpg,1,부자비닐,2800,2800,검정비닐봉투 손잡이 봉지 마트봉투 3호 100매,86958225824,생활/건강,100,주방용품
1016,2026-05-29 05:30:42.689422,2026-05-29 05:30:42.689422,"",카테고리: 주방용품,https://shopping-phinf.pstatic.net/main_8624728/86247284559.39.jpg,1,1리터텀블러,13500,13500,대용량 텀블러 빨대텀블러 보온보냉텀블러 스텐 손잡이 운동 기념품 소,86247284559,생활/건강,100,주방용품
1017,2026-05-29 05:30:42.693402,2026-05-29 05:30:42.693402,TYESO,브랜드: TYESO 카테고리: 주방용품,https://shopping-phinf.pstatic.net/main_8601410/86014100881.16.jpg,1,1리터텀블러 마켓,13900,13900,대용량 텀블러 퀜처 보온 보냉텀블러 빨대 손잡이 대형 차량용,86014100881,생활/건강,100,주방용품
1018,2026-05-29 05:30:42.697156,2026-05-29 05:30:42.697156,부국비닐봉투,브랜드: 부국비닐봉투 카테고리: 주방용품,https://shopping-phinf.pstatic.net/main_8529748/85297481504.14.jpg,1,부국비닐봉투,4200,4200,재활용 비닐봉투 분리수거 대형 평판 50리터 쓰레기봉투 62호 50P,85297481504,생활/건강,100,주방용품
1019,2026-05-29 05:30:42.700269,2026-05-29 05:30:42.700269,"",카테고리: 주방용품,https://shopping-phinf.pstatic.net/main_8236969/82369696401.8.jpg,1,루키주방,8000,8000,스텐 밧드 업소용 바트 반찬통 식당 사각 바트 1/9 2호,82369696401,생활/건강,100,주방용품
1020,2026-05-29 05:30:42.704968,2026-05-29 05:30:42.704968,TYESO,브랜드: TYESO 카테고리: 주방용품,https://shopping-phinf.pstatic.net/main_8828487/88284877136.2.jpg,1,클릭공감,14900,14900,대용량 텀블러 손잡이 빨대덤블러 보온보냉텀블러 750ml+1리터이상 미끄럼방지캡 증정품,88284877136,생활/건강,100,주방용품
1021,2026-05-29 05:30:42.707873,2026-05-29 05:30:42.707873,"",카테고리: 주방용품,https://shopping-phinf.pstatic.net/main_8279333/82793334539.3.jpg,1,새니피아 공식스토어,3300,3300,손잡이 비닐봉투 200매 1호 무지 마트 배달 비닐 봉지 분리수거 재활용 쓰레기 봉투,82793334539,생활/건강,100,주방용품
1022,2026-05-29 05:30:42.714448,2026-05-29 05:30:42.714448,테르헨,브랜드: 테르헨 카테고리: 주방용품,https://shopping-phinf.pstatic.net/main_8912315/89123157475.2.jpg,1,테르헨,34600,34600,테르헨 국산 스텐도마 316 스테인레스 주방도마 이지핸들,89123157475,생활/건강,100,주방용품
1023,2026-05-29 05:30:42.719667,2026-05-29 05:30:42.719667,TYESO,브랜드: TYESO 카테고리: 주방용품,https://shopping-phinf.pstatic.net/main_8861477/88614770368.9.jpg,1,1리터텀블러 마켓,13900,13900,대용량 텀블러 명품 보온 보냉 빨대 손잡이 스텐 텀블러 대형 차량용 900ml,88614770368,생활/건강,100,주방용품
1026,2026-05-29 05:30:42.739071,2026-05-29 05:30:42.739071,디아르,브랜드: 디아르 제조사: 디아르 카테고리: 주방용품,https://shopping-phinf.pstatic.net/main_5323217/53232176939.20250226182019.jpg,1,네이버,13000,13000,디아르 국내산 실리콘 드라잉 매트,53232176939,생활/건강,100,주방용품
1027,2026-05-29 05:30:42.742949,2026-05-29 05:30:42.742949,"",카테고리: 주방용품,https://shopping-phinf.pstatic.net/main_5843915/58439158996.20260114103518.jpg,1,네이버,28000,28000,캠프로그스튜디오 티크 플레이팅 나무도마 원목,58439158996,생활/건강,100,주방용품
1028,2026-05-29 05:30:42.746062,2026-05-29 05:30:42.746062,"",카테고리: 주방용품,https://shopping-phinf.pstatic.net/main_6001341/60013412406.20260512150155.jpg,1,네이버,87900,87900,디앤빌 무쇠 진공 쌀통 12L,60013412406,생활/건강,100,주방용품
1029,2026-05-29 05:30:42.751238,2026-05-29 05:30:42.751238,"",카테고리: 주방용품,https://shopping-phinf.pstatic.net/main_8024194/80241947041.4.jpg,1,해피 키친,180,180,독일 행주 직수입 천연 비스코스 100% 판촉 홍보용 빨아쓰는 부직포 행주 비포장,80241947041,생활/건강,100,주방용품
1030,2026-05-29 05:30:42.75644,2026-05-29 05:30:42.75644,"",카테고리: 주방용품,https://shopping-phinf.pstatic.net/main_8395240/83952400261.2.jpg,1,미샌더,49900,49900,삼겹살불판 가정용 업소용 고기불판 중형단품 인생불판,83952400261,생활/건강,100,주방용품
1031,2026-05-29 05:30:42.769192,2026-05-29 05:30:42.769192,"",제조사: 창대산업 카테고리: 주방용품,https://shopping-phinf.pstatic.net/main_8715389/87153891092.6.jpg,1,창대장장,48900,48900,스밋 국산 POSCO VIB 304 종착역 도마,87153891092,생활/건강,100,주방용품
1032,2026-05-29 05:30:42.778082,2026-05-29 05:30:42.778082,다소다,브랜드: 다소다 카테고리: 주방용품,https://shopping-phinf.pstatic.net/main_8358464/83584640285.12.jpg,1,다소다 공식스토어,17900,17900,다소다 도시락통 직장인 스텐도시락 샐러드 전자레인지 보온용기 소풍 수능 런치박스,83584640285,생활/건강,100,주방용품
1033,2026-05-29 05:30:42.782575,2026-05-29 05:30:42.782575,다소다,브랜드: 다소다 카테고리: 주방용품,https://shopping-phinf.pstatic.net/main_8566526/85665263386.1.jpg,1,다소다 공식스토어,13800,13800,다소다 밤부 도시락통 직장인 전자레인지 런치박스 소풍도시락 1200ml,85665263386,생활/건강,100,주방용품
1034,2026-05-29 05:30:42.793588,2026-05-29 05:30:42.793588,시모무라,브랜드: 시모무라 제조사: 시모무라 카테고리: 주방용품,https://shopping-phinf.pstatic.net/main_8664910/86649102497.12.jpg,1,라미스홈,14500,14500,일본 시모무라 채칼 멀티 세트 흰색 만능 당근 양배추채칼 야채 슬라이서,86649102497,생활/건강,100,주방용품
1035,2026-05-29 05:30:42.800406,2026-05-29 05:30:42.800406,"",카테고리: 주방용품,https://shopping-phinf.pstatic.net/main_8676645/86766458431.3.jpg,1,라미스홈,17500,17500,일본 양배추 채칼 필러 야채 슬라이서 무채칼 감자칼 만능 당근 라페 채썰기,86766458431,생활/건강,100,주방용품
1036,2026-05-29 05:30:42.804097,2026-05-29 05:30:42.804097,"",제조사: 대정워터스 카테고리: 욕실용품,https://shopping-phinf.pstatic.net/main_8873660/88736600539.3.jpg,1,모어댄바스,22900,22900,싱크대 수전 주방 원홀 인테리어 욕실 싱크대 주방 셀프교체 스텐 코브라 자바라 MB1401,88736600539,생활/건강,100,욕실용품
1037,2026-05-29 05:30:42.811618,2026-05-29 05:30:42.811618,리브야,브랜드: 리브야 제조사: 리브야 카테고리: 주방용품,https://shopping-phinf.pstatic.net/main_8439930/84399304321.12.jpg,1,리브야,5100,5100,밀폐용기 냉동밥용기 밥보관 소분 실리콘 S(180ml),84399304321,생활/건강,100,주방용품
1038,2026-05-29 05:30:42.818694,2026-05-29 05:30:42.818694,"",카테고리: 주방용품,https://shopping-phinf.pstatic.net/main_8420783/84207831144.8.jpg,1,라미스홈,16500,16500,일본 KN 채칼 만능 양배추 채칼 필러 슬라이서 감자칼 당근 라페 무채칼 채썰기 3mm,84207831144,생활/건강,100,주방용품
1039,2026-05-29 05:30:42.823078,2026-05-29 05:30:42.823078,글래드,브랜드: 글래드 카테고리: 주방용품,https://shopping-phinf.pstatic.net/main_8285820/82858207783.12.jpg,1,코스트앤몰,8920,8920,글래드 매직랩 샌드위치 랩핑 붙이는 접착랩 커피포장 랲 그래드 프레스앤씰 코스트코 컴팩트,82858207783,생활/건강,100,주방용품
1040,2026-05-29 05:30:42.826078,2026-05-29 05:30:42.826078,다소다,브랜드: 다소다 카테고리: 주방용품,https://shopping-phinf.pstatic.net/main_8678194/86781941001.23.jpg,1,다소다 공식스토어,25800,25800,다소다 베어 스텐 도시락통 소풍 어린이 유치원 초등 직장인 밀프랩 용기 가방세트,86781941001,생활/건강,100,주방용품
1041,2026-05-29 05:30:42.828961,2026-05-29 05:30:42.828961,XNCMALL,브랜드: XNCMALL 제조사: 엑스엔씨코리아 카테고리: 주방용품,https://shopping-phinf.pstatic.net/main_8245404/82454045540.12.jpg,1,XNCmall,4200,4200,지퍼백 튼튼한 지퍼 투명 비닐 소형 5x6 1000장 PE,82454045540,생활/건강,100,주방용품
1042,2026-05-29 05:30:42.832346,2026-05-29 05:30:42.832346,스탠리1913,브랜드: 스탠리1913 제조사: 스탠리 카테고리: 주방용품,https://shopping-phinf.pstatic.net/main_5354651/53546513574.20250822154411.jpg,1,네이버,44200,44200,"스탠리 스탠리1913 퀜처 H2.0 플로우스테이트 손잡이 텀블러 887ml, 오키드",53546513574,생활/건강,100,주방용품
1043,2026-05-29 05:30:42.834858,2026-05-29 05:30:42.834858,알텐바흐,브랜드: 알텐바흐 제조사: 알텐바흐 카테고리: 주방용품,https://shopping-phinf.pstatic.net/main_5192928/51929282926.20241213210719.jpg,1,네이버,34900,34900,알텐바흐 엑스클립스 통5중 프라이팬 22cm,51929282926,생활/건강,100,주방용품
1044,2026-05-29 05:30:42.837482,2026-05-29 05:30:42.837482,쿠쉐프,브랜드: 쿠쉐프 카테고리: 주방용품,https://shopping-phinf.pstatic.net/main_8790680/87906807694.1.jpg,1,쿠쉐프,69000,69000,쿠쉐프 스텐 인덕션 프라이팬 인덕션용 세라믹 스텐팬 23cm,87906807694,생활/건강,100,주방용품
1045,2026-05-29 05:30:42.840185,2026-05-29 05:30:42.840185,디아르,브랜드: 디아르 카테고리: 주방용품,https://shopping-phinf.pstatic.net/main_5352968/53529683228.20250313143749.jpg,1,네이버,6900,6900,디아르 플래티넘 실리콘  얼음 트레이 얼음 틀 밀페 냉동트레이 9구,53529683228,생활/건강,100,주방용품
1046,2026-05-29 05:30:42.846269,2026-05-29 05:30:42.846269,부국비닐봉투,브랜드: 부국비닐봉투 카테고리: 주방용품,https://shopping-phinf.pstatic.net/main_1178203/11782036098.11.jpg,1,부국비닐봉투,5200,5200,재활용 비닐봉투 대형 10리터 쓰레기 일반형 마트 검정 200P,11782036098,생활/건강,100,주방용품
1047,2026-05-29 05:30:42.849999,2026-05-29 05:30:42.849999,"",카테고리: 생활용품,https://shopping-phinf.pstatic.net/main_6003894/60038942925.20260514121031.jpg,1,네이버,13050,13050,"해피키친 뽑아쓰는 무표백 키친타올 100매, 9팩",60038942925,생활/건강,100,생활용품
1048,2026-05-29 05:30:42.85284,2026-05-29 05:30:42.85284,"",카테고리: 주방용품,https://shopping-phinf.pstatic.net/main_8928197/89281979710.10.jpg,1,플로우24,6800,6800,일회용 종이컵 184ml(6.5온스) 1000개입 천연펄프 무인쇄 무지종이컵 한박스,89281979710,생활/건강,100,주방용품
1049,2026-05-29 05:30:42.855917,2026-05-29 05:30:42.855917,"",카테고리: 욕실용품,https://shopping-phinf.pstatic.net/main_8625843/86258431902.1.jpg,1,장보고하우스,26000,26000,싱크대 수전 주방 수도꼭지 무광 거위목수전 스텐 코브라 셀프교체,86258431902,생활/건강,100,욕실용품
1050,2026-05-29 05:30:42.85896,2026-05-29 05:30:42.85896,브루소,브랜드: 브루소 카테고리: 주방용품,https://shopping-phinf.pstatic.net/main_8373077/83730776820.7.jpg,1,모던피크,53900,53900,브루소 커피 저울 핸드드립 계량 카페 베이킹 바리스타 이유식 디지털 주방 가정용,83730776820,생활/건강,100,주방용품
1051,2026-05-29 05:30:42.861892,2026-05-29 05:30:42.861892,바이굿즈,브랜드: 바이굿즈 카테고리: 주방용품,https://shopping-phinf.pstatic.net/main_8100142/81001429871.13.jpg,1,바이굿즈,2000,2000,스텐 밧드 업소용 바트 반찬통 1/9 2호,81001429871,생활/건강,100,주방용품
1052,2026-05-29 05:30:42.865255,2026-05-29 05:30:42.865255,WITH YOU,브랜드: WITH YOU 카테고리: 주방용품,https://shopping-phinf.pstatic.net/main_8974847/8974847230.10.jpg,1,네고존01,4500,4500,위드유 니트릴장갑 100매 질긴 두꺼운 식품용 주방 셰프 고무장갑,8974847230,생활/건강,100,주방용품
1053,2026-05-29 05:30:42.869806,2026-05-29 05:30:42.869806,어니우니,브랜드: 어니우니 제조사: 어니우니 카테고리: 주방용품,https://shopping-phinf.pstatic.net/main_8901572/89015723707.jpg,1,LANDA,5900,5900,어니우니 니트릴장갑 고무 100매 두꺼운 튼튼한 다용도 글러브 M,89015723707,생활/건강,100,주방용품
1054,2026-05-29 05:30:42.873778,2026-05-29 05:30:42.873778,"",카테고리: 주방용품,https://shopping-phinf.pstatic.net/main_8725932/87259320621.11.jpg,1,온라인 정품 할인몰,25900,25900,소음 칼집적은 야무진 스텐도마 스테인레스304 이유식 주방 양면,87259320621,생활/건강,100,주방용품
1055,2026-05-29 05:30:42.878527,2026-05-29 05:30:42.878527,"",카테고리: 주방용품,https://shopping-phinf.pstatic.net/main_8235095/82350958855.2.jpg,1,아크산업,170,170,독일 직수입 스페셜 행주 1P 천연비스코스 85% 부직포 주방 청소 판촉물 /옵션1비포장,82350958855,생활/건강,100,주방용품
1056,2026-05-29 05:30:42.883083,2026-05-29 05:30:42.883083,TYESO,브랜드: TYESO 카테고리: 주방용품,https://shopping-phinf.pstatic.net/main_8807063/88070630459.2.jpg,1,타이소 코리아,14000,14000,대용량 텀블러 보온 보냉텀블러 빨대 손잡이 스텐 텀블러 차량용 900ml,88070630459,생활/건강,100,주방용품
1057,2026-05-29 05:30:42.887137,2026-05-29 05:30:42.887137,"",카테고리: 주방용품,https://shopping-phinf.pstatic.net/main_8944971/89449715367.1.jpg,1,Magic2580매직리필,10800,10800,"[호환]매직2580 매직캔 이지캔 250 280 리필봉투 베이비파우더향 21L, 10매, 1개",89449715367,생활/건강,100,주방용품
1058,2026-05-29 05:30:42.897001,2026-05-29 05:30:42.897001,스토조,브랜드: 스토조 제조사: STEPHEN GOULD 카테고리: 주방용품,https://shopping-phinf.pstatic.net/main_6008256/60082561904.20260518091944.jpg,1,네이버,27900,27900,"STEPHEN GOULD 스토조 비기 컬렉션 473ml, 라일락",60082561904,생활/건강,100,주방용품
1059,2026-05-29 05:30:42.907174,2026-05-29 05:30:42.907174,시라쿠스,브랜드: 시라쿠스 카테고리: 주방용품,https://shopping-phinf.pstatic.net/main_8313727/83137279335.19.jpg,1,로메이키친,7500,7500,시라쿠스 메이플 접시 15cm 홈카페 접시 그릇 집들이선물 크림화이트,83137279335,생활/건강,100,주방용품
1060,2026-05-29 05:30:42.917384,2026-05-29 05:30:42.917384,리캔,브랜드: 리캔 제조사: 리캔코리아 카테고리: 주방용품,https://shopping-phinf.pstatic.net/main_9003575/90035752972.2.jpg,1,리캔 스토어,11400,11400,[호환]리캔 매직캔 이지캔 리필봉투 280 5+5매 냄새완화 라벤더향,90035752972,생활/건강,100,주방용품
1061,2026-05-29 05:30:42.923635,2026-05-29 05:30:42.923635,"",카테고리: 주방용품,https://shopping-phinf.pstatic.net/main_8932382/89323823772.1.jpg,1,파르셀 공식몰,108900,108900,파르셀 IH 무쇠 주물 냄비 3종세트 베이비웍 솥밥 사각냄비 무연마제,89323823772,생활/건강,100,주방용품
1062,2026-05-29 05:30:42.928127,2026-05-29 05:30:42.928127,브루소,브랜드: 브루소 카테고리: 주방용품,https://shopping-phinf.pstatic.net/main_5339152/53391522410.20250306124246.jpg,1,네이버,87900,87900,브루소 핸드밀 수동 커피 그라인더 원두 분쇄기,53391522410,생활/건강,100,주방용품
1063,2026-05-29 05:30:42.933244,2026-05-29 05:30:42.933244,"",카테고리: 주방용품,https://shopping-phinf.pstatic.net/main_8865070/88650702144.1.jpg,1,로메이키친,1900,1900,롬에이 온더보드 에코 파스텔 컬러 사각 카페 디저트 트레이 쟁반 미니,88650702144,생활/건강,100,주방용품
1064,2026-05-29 05:30:42.938415,2026-05-29 05:30:42.938415,우드레라,브랜드: 우드레라 제조사: 우드레라 카테고리: 주방용품,https://shopping-phinf.pstatic.net/main_8286976/82869769353.9.jpg,1,우드레라,129000,129000,우드레라 나무 도마 엔드그레인 원목 우드 플레이팅 월넛 캄포 소,82869769353,생활/건강,100,주방용품
1065,2026-05-29 05:30:42.942086,2026-05-29 05:30:42.942086,"",카테고리: 주방용품,https://shopping-phinf.pstatic.net/main_1084339/10843396546.13.jpg,1,소문난식당,2990,2990,[오복 식가위] 잘드는 고깃집 업소용 양손 스텐 주방용 (삼겹살 고기 김치 식당),10843396546,생활/건강,100,주방용품
1066,2026-05-29 05:30:42.945357,2026-05-29 05:30:42.945357,로티캠프,브랜드: 로티캠프 제조사: 로티 카테고리: 주방용품,https://shopping-phinf.pstatic.net/main_5293877/52938776362.20250711103229.jpg,1,네이버,14900,14900,"로티 로티캠프 대용량 손잡이 빨대 텀블러 750ml, 그린",52938776362,생활/건강,100,주방용품
1067,2026-05-29 05:30:42.951463,2026-05-29 05:30:42.951463,"",카테고리: 주방용품,https://shopping-phinf.pstatic.net/main_8133956/81339560940.3.jpg,1,이지그린몰,5000,5000,비닐봉투 재활용 쓰레기봉투 분리수거 대형 평판 배접 40L 100매 검정,81339560940,생활/건강,100,주방용품
1068,2026-05-29 05:30:42.955345,2026-05-29 05:30:42.955345,브루소,브랜드: 브루소 카테고리: 주방용품,https://shopping-phinf.pstatic.net/main_5373332/53733320432.20250324192404.jpg,1,네이버,39900,39900,브루소 에쏘 커피 스케일 1kg,53733320432,생활/건강,100,주방용품
1069,2026-05-29 05:30:42.95876,2026-05-29 05:30:42.95876,쿠쉐프,브랜드: 쿠쉐프 카테고리: 주방용품,https://shopping-phinf.pstatic.net/main_8462713/84627138111.13.jpg,1,쿠쉐프,113000,113000,쿠쉐프 인덕션냄비 인덕션용 통5중 스텐 냄비세트 신혼 스탠 전용 2종세트,84627138111,생활/건강,100,주방용품
1070,2026-05-29 05:30:42.961567,2026-05-29 05:30:42.961567,에이스,브랜드: 에이스 카테고리: 주방용품,https://shopping-phinf.pstatic.net/main_8468288/84682882012.2.jpg,1,동남물산,5300,5300,뽀솜이 엠보싱 크린 업소용 대용량 일회용 비닐장갑 위생장갑 500매,84682882012,생활/건강,100,주방용품
1071,2026-05-29 05:30:42.964191,2026-05-29 05:30:42.964191,"",카테고리: 주방용품,https://shopping-phinf.pstatic.net/main_8331542/83315426025.6.jpg,1,미강,41000,41000,미강 다짜고짜 짤순이 야채 탈수기 오이지 나물 만두속 물기제거 거름포 2매 포함,83315426025,생활/건강,100,주방용품
1072,2026-05-29 05:30:42.966966,2026-05-29 05:30:42.966966,선망,브랜드: 선망 카테고리: 주방용품,https://shopping-phinf.pstatic.net/main_5265014/52650141192.20260520170745.jpg,1,네이버,18900,18900,"선망 투웨이 텀블러 610ml, 1개",52650141192,생활/건강,100,주방용품
1073,2026-05-29 05:30:42.974836,2026-05-29 05:30:42.974836,"",제조사: 에스와이피 카테고리: 주방용품,https://shopping-phinf.pstatic.net/main_5889040/58890401998.20260211144112.jpg,1,네이버,14700,14700,"에스와이피 헤이수 텀블러, 아이보리",58890401998,생활/건강,100,주방용품
1074,2026-05-29 05:30:42.980527,2026-05-29 05:30:42.980527,시라쿠스,브랜드: 시라쿠스 카테고리: 주방용품,https://shopping-phinf.pstatic.net/main_8421261/84212613223.3.jpg,1,로메이키친,201900,201900,[N단독구성]시라쿠스 메이플 6인 세트 신혼 그릇 혼수 접시 집들이선물 24P 크림화이트,84212613223,생활/건강,100,주방용품
1075,2026-05-29 05:30:42.986671,2026-05-29 05:30:42.986671,디센느,브랜드: 디센느 카테고리: 주방용품,https://shopping-phinf.pstatic.net/main_6014049/60140492699.20260522105628.jpg,1,네이버,9900,9900,"디센느 리버스 다용도 극세사 타월 10매, 3개",60140492699,생활/건강,100,주방용품
1076,2026-05-29 05:30:42.99745,2026-05-29 05:30:42.99745,"",카테고리: 주방용품,https://shopping-phinf.pstatic.net/main_5921766/59217662184.20260311155701.jpg,1,네이버,59900,59900,르엘 올스텐 304 주방 싱크대 그릇 물빠짐 설거지 식기건조대 2단 1개,59217662184,생활/건강,100,주방용품
1077,2026-05-29 05:30:43.000795,2026-05-29 05:30:43.000795,명진,브랜드: 명진 제조사: MYUNGJIN 카테고리: 주방용품,https://shopping-phinf.pstatic.net/main_8592778/85927784345.5.jpg,1,천지공구,5700,5700,명진 니트릴 장갑 고무 다용도 일회용 100매,85927784345,생활/건강,100,주방용품
1078,2026-05-29 05:30:43.004284,2026-05-29 05:30:43.004284,스탠리1913,브랜드: 스탠리1913 제조사: 스탠리 카테고리: 주방용품,https://shopping-phinf.pstatic.net/main_8936436/89364369022.1.jpg,1,스탠리 코리아,49000,49000,"스탠리 퀜처 H2.0 플로우 스테이트 텀블러 887ml, 로즈쿼츠 2.0",89364369022,생활/건강,100,주방용품
1079,2026-05-29 05:30:43.007671,2026-05-29 05:30:43.007671,"",카테고리: 생활용품,https://shopping-phinf.pstatic.net/main_8277358/82773588387.7.jpg,1,모원화장지,27600,27600,100% 천연펄프 2겹 핸드타올 5000매 업소용 페이퍼타올 키친타올겹용 티슈,82773588387,생활/건강,100,생활용품
1080,2026-05-29 05:30:43.010975,2026-05-29 05:30:43.010975,르메이드,브랜드: 르메이드 카테고리: 주방용품,https://shopping-phinf.pstatic.net/main_5824843/58248430113.20251225010137.jpg,1,네이버,31120,31120,르메이드 실리콘 조리도구 홀더,58248430113,생활/건강,100,주방용품
1081,2026-05-29 05:30:43.013779,2026-05-29 05:30:43.013779,"",카테고리: 주방용품,https://shopping-phinf.pstatic.net/main_8243757/82437579678.19.jpg,1,온라인 바른상점,6500,6500,실리가든 실리콘 얼음트레이 얼음틀 하이볼 왕 원형 1구 (2P),82437579678,생활/건강,100,주방용품
1082,2026-05-29 05:30:43.016476,2026-05-29 05:30:43.016476,락앤락,브랜드: 락앤락 제조사: 락앤락 카테고리: 주방용품,https://shopping-phinf.pstatic.net/main_8612932/86129328365.2.jpg,1,라베노,16900,16900,락앤락 유리용기 냉동밥보관용기 355ml 3 내열 유리반찬통 전자렌지,86129328365,생활/건강,100,주방용품
1083,2026-05-29 05:30:43.024604,2026-05-29 05:30:43.024604,"",카테고리: 주방용품,https://shopping-phinf.pstatic.net/main_8297338/82973384111.5.jpg,1,비닐어게인,5900,5900,배달봉투 인쇄 제작 배민 포장 치킨 탕 찜 돈까스 도시락 비닐봉지 백색 소 100매,82973384111,생활/건강,100,주방용품
1084,2026-05-29 05:30:43.028071,2026-05-29 05:30:43.028071,스탠리1913,브랜드: 스탠리1913 제조사: 스탠리 카테고리: 주방용품,https://shopping-phinf.pstatic.net/main_8938453/89384532188.jpg,1,스탠리 코리아,46000,46000,"스탠리 퀜처 H2.0 플로우 스테이트 텀블러 591ml, 로즈쿼츠 2.0(손잡이)",89384532188,생활/건강,100,주방용품
1085,2026-05-29 05:30:43.034512,2026-05-29 05:30:43.034512,"",카테고리: 주방용품,https://shopping-phinf.pstatic.net/main_8316797/83167972581.2.jpg,1,자몽베이킹,49000,49000,[국산] 자몽베이킹 스테인리스 도마 포스코 304 316 업소용 싱크대상판 ㄱ자형,83167972581,생활/건강,100,주방용품
1086,2026-05-29 05:30:43.047434,2026-05-29 05:30:43.047434,"",카테고리: 주방용품,https://shopping-phinf.pstatic.net/main_8775485/87754853113.3.jpg,1,루키주방,560,560,스텐 업소용 수저 세트 민짜 숟가락 진공 젓가락,87754853113,생활/건강,100,주방용품
1087,2026-05-29 05:30:43.052961,2026-05-29 05:30:43.052961,이브리영,브랜드: 이브리영 카테고리: 주방용품,https://shopping-phinf.pstatic.net/main_8833660/88336604207.jpg,1,이브리영 공식몰,59800,59800,이브리영 연마제없는 304 올스텐 2단 식기건조대 물빠짐 설거지 싱크대 선반 그릇 정리대,88336604207,생활/건강,100,주방용품
1088,2026-05-29 05:30:43.058133,2026-05-29 05:30:43.058133,키친아트,브랜드: 키친아트 제조사: 키친아트 카테고리: 주방용품,https://shopping-phinf.pstatic.net/main_5192917/51929171112.20241213204238.jpg,1,네이버,36890,36890,키친아트 일품 통3중 찜냄비 20cm,51929171112,생활/건강,100,주방용품
1089,2026-05-29 05:30:43.061096,2026-05-29 05:30:43.061096,다소다,브랜드: 다소다 카테고리: 주방용품,https://shopping-phinf.pstatic.net/main_9071038/90710389136.2.jpg,1,다소다 공식스토어,27900,27900,[N단독구성]다소다 스텐온 도시락통 직장인 소풍 도시락 전자레인지 도시락통+가방+키링 세트,90710389136,생활/건강,100,주방용품
1090,2026-05-29 05:30:43.06385,2026-05-29 05:30:43.06385,스탠리1913,브랜드: 스탠리1913 제조사: 스탠리 카테고리: 주방용품,https://shopping-phinf.pstatic.net/main_5985397/59853975215.20260430102245.jpg,1,네이버,46000,46000,"스탠리 스탠리1913 플로우스테이트 스프링 보틀 591ml, 로즈쿼츠, 1개",59853975215,생활/건강,100,주방용품
1091,2026-05-29 05:30:43.070871,2026-05-29 05:30:43.070871,시모무라,브랜드: 시모무라 제조사: 시모무라 카테고리: 주방용품,https://shopping-phinf.pstatic.net/main_5961631/59616314307.20260410100259.jpg,1,네이버,19900,19900,시모무라 양배추 슬라이서 조절형 SFS-102 1개,59616314307,생활/건강,100,주방용품
1092,2026-05-29 05:30:43.075101,2026-05-29 05:30:43.075101,팩토리닷컴,브랜드: 팩토리닷컴 제조사: 우진비닐쇼핑백 카테고리: 주방용품,https://shopping-phinf.pstatic.net/main_8705833/87058334760.2.jpg,1,팩토리닷컴,4800,4800,지퍼백 지퍼 비닐 팩 투명 5x6 1000장,87058334760,생활/건강,100,주방용품
1093,2026-05-29 05:30:43.089179,2026-05-29 05:30:43.089179,도루코,브랜드: 도루코 제조사: 도루코리빙 카테고리: 주방용품,https://shopping-phinf.pstatic.net/main_5192951/51929510903.20241213220809.jpg,1,네이버,14650,14650,도루코리빙 도루코 마이셰프 퓨어 라이트 애쉬블루 인덕션 프라이팬 28cm,51929510903,생활/건강,100,주방용품
1094,2026-05-29 05:30:43.095185,2026-05-29 05:30:43.095185,스탠리1913,브랜드: 스탠리1913 제조사: 스탠리 카테고리: 주방용품,https://shopping-phinf.pstatic.net/main_5581423/55814233454.20250716110406.jpg,1,네이버,47070,47070,"스탠리 스탠리1913 아이스플로우 플립스트로 2.0 텀블러 887ml, 1개",55814233454,생활/건강,100,주방용품
1095,2026-05-29 05:30:43.099644,2026-05-29 05:30:43.099644,에버홀릭,브랜드: 에버홀릭 카테고리: 주방용품,https://shopping-phinf.pstatic.net/main_8701223/87012231824.5.jpg,1,에버홀릭,8980,8980,에버홀릭 채칼 양배추채칼 필러 만능 당근 채썰기 파채칼 감자 슬라이스 슬라이서 무채 다용도,87012231824,생활/건강,100,주방용품
1096,2026-05-29 05:30:43.104972,2026-05-29 05:30:43.104972,파블로,브랜드: 파블로 카테고리: 주방용품,https://shopping-phinf.pstatic.net/main_8459403/84594034634.50.jpg,1,파블로도마,43800,43800,파블로 나무도마 원목 느티나무 우드 플레이팅 소형,84594034634,생활/건강,100,주방용품
1097,2026-05-29 05:30:43.108779,2026-05-29 05:30:43.108779,더블류바움,브랜드: 더블류바움 제조사: 더블류바움 카테고리: 주방용품,https://shopping-phinf.pstatic.net/main_5368633/53686337590.20250321142516.jpg,1,네이버,179000,179000,더블류바움 하이엔드 블랙우드 엔드그레인 도마 ,53686337590,생활/건강,100,주방용품
1098,2026-05-29 05:30:43.112578,2026-05-29 05:30:43.112578,"",카테고리: 주방용품,https://shopping-phinf.pstatic.net/main_8182112/81821126775.9.jpg,1,큰손상회,36000,36000,기름안튀는 업소용 고기불판 가정용 소고기 삼겹살 불판 43cm,81821126775,생활/건강,100,주방용품
1099,2026-05-29 05:30:43.11633,2026-05-29 05:30:43.11633,"",카테고리: 주방용품,https://shopping-phinf.pstatic.net/main_8632718/86327185379.12.jpg,1,거북목교정기 교정,3800,3800,길이조절선반 주방선반 싱크대 정리 그릇 접시 정리대 하부장 선반 슬라이딩 확장형,86327185379,생활/건강,100,주방용품
1100,2026-05-29 05:30:43.120887,2026-05-29 05:30:43.120887,"",카테고리: 주방용품,https://shopping-phinf.pstatic.net/main_8912537/89125377691.6.jpg,1,제이에스 팩,6800,6800,일회용 종이컵 184ml 1000개 무지 무인쇄 국산 천연펄프 자판기 탕비실 대용량,89125377691,생활/건강,100,주방용품
1101,2026-05-29 05:30:43.392328,2026-05-29 05:30:43.392328,피피랙,브랜드: 피피랙 제조사: 수나비 카테고리: 수납가구,https://shopping-phinf.pstatic.net/main_8230811/82308116319.56.jpg,1,조립식앵글 스튜디오,59900,59900,선반 수납선반 다용도 시스템 조립 팬트리 랙 다용도실 선반장 300300900 6단,82308116319,가구/인테리어,100,수납가구
1102,2026-05-29 05:30:43.395326,2026-05-29 05:30:43.395326,스피드랙,브랜드: 스피드랙 제조사: 스피드랙 카테고리: 수납가구,https://shopping-phinf.pstatic.net/main_8525934/85259348134.24.jpg,1,비욘드앳홈,57500,57500,수납선반 다용도 랙 다용도실 조립 모듈 시스템 선반장 팬트리 홈던트하우스 403090 5단,85259348134,가구/인테리어,100,수납가구
1103,2026-05-29 05:30:43.405443,2026-05-29 05:30:43.405443,피피랙,브랜드: 피피랙 제조사: 수나비 카테고리: 수납가구,https://shopping-phinf.pstatic.net/main_8228786/82287860124.17.jpg,1,페피랙,59000,59000,다용도 조립 수납 선반 무볼트앵글 랙 경량렉 철제 카페 선반장 제작 40x30x90x5s,82287860124,가구/인테리어,100,수납가구
1104,2026-05-29 05:30:43.418502,2026-05-29 05:30:43.418502,폴던스,브랜드: 폴던스 제조사: 한국앵글 카테고리: 수납가구,https://shopping-phinf.pstatic.net/main_8206343/82063432217.26.jpg,1,폴던스앵글수납선반,51000,51000,선반 수납선반 다용도실 팬트리 모듈 사무실 다용도 랙 맞춤식 선반장 303090 4단,82063432217,가구/인테리어,100,수납가구
1105,2026-05-29 05:30:43.425107,2026-05-29 05:30:43.425107,스피드랙,브랜드: 스피드랙 제조사: 스피드랙 카테고리: 수납가구,https://shopping-phinf.pstatic.net/main_8887040/88870405084.11.jpg,1,프리미엄 선반,51500,51500,수납선반 다용도실 팬트리 다용도 랙 거실 모듈 맞춤 선반장 홈던트하우스 303075 5단,88870405084,가구/인테리어,100,수납가구
1106,2026-05-29 05:30:43.431369,2026-05-29 05:30:43.431369,스피드랙,브랜드: 스피드랙 제조사: 스피드랙 카테고리: 수납가구,https://shopping-phinf.pstatic.net/main_8623833/86238331027.23.jpg,1,스피드랙 스토어,58600,58600,스피드랙 수납선반 조립 다용도실 다용도 랙 선반장 팬트리 500300600 5단 홈던트하우스,86238331027,가구/인테리어,100,수납가구
1107,2026-05-29 05:30:43.444294,2026-05-29 05:30:43.444294,코랙코리아,브랜드: 코랙코리아 제조사: 코랙코리아 카테고리: 수납가구,https://shopping-phinf.pstatic.net/main_8097385/80973859196.5.jpg,1,코랙코리아,49900,49900,선반 수납선반 팬트리 모듈 다용도 미니 벽 선반장 시스템 조립 600 5단,80973859196,가구/인테리어,100,수납가구
1108,2026-05-29 05:30:43.448732,2026-05-29 05:30:43.448732,슈랙엣홈,브랜드: 슈랙엣홈 카테고리: 수납가구,https://shopping-phinf.pstatic.net/main_8231508/82315086463.16.jpg,1,슈랙,50600,50600,선반 수납선반 다용도 팬트리 다용도실 모듈 랙 조립 맞춤 선반장 2102101200 5단,82315086463,가구/인테리어,100,수납가구
1109,2026-05-29 05:30:43.462399,2026-05-29 05:30:43.462399,스피드랙,브랜드: 스피드랙 제조사: 스피드랙 카테고리: 수납/정리용품,https://shopping-phinf.pstatic.net/main_8888204/88882047892.7.jpg,1,프리미엄 선반,63700,63700,스피드랙 V2 철제선반 무볼트 조립식 앵글 베란다 창고 렉 고릴라랙 403075CM 5단,88882047892,생활/건강,100,수납/정리용품
1110,2026-05-29 05:30:43.476343,2026-05-29 05:30:43.476343,"",카테고리: 수납/정리용품,https://shopping-phinf.pstatic.net/main_6792067/6792067994.30.jpg,1,경량랙 하이랙산업,146000,146000,철제선반 무볼트 조립식 앵글 경량랙 베란다 창고 수납 30 75 75 4단2열,6792067994,생활/건강,100,수납/정리용품
1111,2026-05-29 05:30:43.487942,2026-05-29 05:30:43.487942,"",제조사: 메디퓨어 카테고리: 수납/정리용품,https://shopping-phinf.pstatic.net/main_8472888/84728889135.6.jpg,1,메디퓨어,6900,6900,리빙박스 수납 정리함 옷 수납박스 펜트리 수납함 5호,84728889135,생활/건강,100,수납/정리용품
1112,2026-05-29 05:30:43.492002,2026-05-29 05:30:43.492002,스피드랙,브랜드: 스피드랙 제조사: 스피드랙 카테고리: 수납/정리용품,https://shopping-phinf.pstatic.net/main_8636095/86360952958.15.jpg,1,비욘드앳홈,57170,57170,스피드랙 V2 철제선반 조립식 앵글 고릴라랙 경량랙 코스트코 렉 창고 5단 300300600,86360952958,생활/건강,100,수납/정리용품
1113,2026-05-29 05:30:43.500101,2026-05-29 05:30:43.500101,스피드랙,브랜드: 스피드랙 제조사: 스피드랙 카테고리: 수납/정리용품,https://shopping-phinf.pstatic.net/main_8635014/86350141660.5.jpg,1,스피드랙 스토어,69900,69900,스피드랙 철제선반 조립식 앵글 무볼트 렉 선반 창고 베란다 5단 경량랙 403060cm,86350141660,생활/건강,100,수납/정리용품
1114,2026-05-29 05:30:43.506669,2026-05-29 05:30:43.506669,피피랙,브랜드: 피피랙 제조사: 수나비 카테고리: 수납가구,https://shopping-phinf.pstatic.net/main_8253832/82538325875.6.jpg,1,제이앤리빙,52500,52500,수납선반 조립 다용도선반 다용도실 무타공 선반 다이 렉 선반장 303090 5단,82538325875,가구/인테리어,100,수납가구
1115,2026-05-29 05:30:43.517866,2026-05-29 05:30:43.517866,스피드랙,브랜드: 스피드랙 제조사: 스피드랙 카테고리: 수납/정리용품,https://shopping-phinf.pstatic.net/main_5949061/59490613859.20260401141218.jpg,1,네이버,56500,56500,"스피드랙 철제선반 300x300x600 5단, 30x30x60cm, 화이트",59490613859,생활/건강,100,수납/정리용품
1116,2026-05-29 05:30:43.549448,2026-05-29 05:30:43.549448,스피드랙,브랜드: 스피드랙 제조사: 스피드랙 카테고리: 수납/정리용품,https://shopping-phinf.pstatic.net/main_8623816/86238161590.6.jpg,1,스피드랙 스토어,74900,74900,스피드랙 V2 철제선반 조립식 앵글 경량랙 창고 베란다 고릴라랙 렉 cm303060 5단,86238161590,생활/건강,100,수납/정리용품
1117,2026-05-29 05:30:43.555368,2026-05-29 05:30:43.555368,솔라콤,브랜드: 솔라콤 제조사: 솔라콤 카테고리: 수납/정리용품,https://shopping-phinf.pstatic.net/main_9009228/90092287944.4.jpg,1,솔라콤,8300,8300,1+1 솔라콤 펜트리 수납함 정리함 냉장고 약통 투명 슬라이딩 리빙박스 소형,90092287944,생활/건강,100,수납/정리용품
1118,2026-05-29 05:30:43.562658,2026-05-29 05:30:43.562658,슈랙엣홈,브랜드: 슈랙엣홈 카테고리: 수납가구,https://shopping-phinf.pstatic.net/main_8411213/84112138954.22.jpg,1,행복한선반,51300,51300,선반 수납선반 다용도 시스템 조립 다용도실 팬트리 랙 벽 모듈 2102101200 5단,84112138954,가구/인테리어,100,수납가구
1119,2026-05-29 05:30:43.569559,2026-05-29 05:30:43.569559,다요시스,브랜드: 다요시스 제조사: 다요시스 카테고리: 수납가구,https://shopping-phinf.pstatic.net/main_8346541/83465414035.7.jpg,1,다요시스,65300,65300,선반 철제 조립식 수납 다용도실 팬트리 모듈 다요시스 W400 D300 H600 4단,83465414035,가구/인테리어,100,수납가구
1120,2026-05-29 05:30:43.574408,2026-05-29 05:30:43.574408,정리중독,브랜드: 정리중독 카테고리: 수납/정리용품,https://shopping-phinf.pstatic.net/main_8647736/86477368136.7.jpg,1,정리중독,2300,2300,리빙박스 펜트리수납함 다용도 수납 정리함 트롤리 박스 손잡이 소,86477368136,생활/건강,100,수납/정리용품
1121,2026-05-29 05:30:43.578667,2026-05-29 05:30:43.578667,"",카테고리: 수납/정리용품,https://shopping-phinf.pstatic.net/main_8959839/89598390569.jpg,1,꿀템요정,37620,37620,1+1 슬라이딩 투명 리빙박스 옷 수납 정리함 서랍 옷장 펜트리 수납함 플라스틱박스 111,89598390569,생활/건강,100,수납/정리용품
1122,2026-05-29 05:30:43.587633,2026-05-29 05:30:43.587633,"",카테고리: 수납/정리용품,https://shopping-phinf.pstatic.net/main_8861635/88616359739.jpg,1,꿀템요정,26900,26900,1+1 투명 리빙박스 대형 55L 플라스틱 수납박스 옷 정리함 수납함 5071B,88616359739,생활/건강,100,수납/정리용품
1123,2026-05-29 05:30:43.609409,2026-05-29 05:30:43.609409,케이에이치에스,브랜드: 케이에이치에스 제조사: 케이에이치에스 카테고리: 수납가구,https://shopping-phinf.pstatic.net/main_8291907/82919072295.2.jpg,1,제이앤리빙,49900,49900,수납선반 조립 팬트리 다용도 선반 스틸 와이어 무타공 선반 렉 600 5단,82919072295,가구/인테리어,100,수납가구
1124,2026-05-29 05:30:43.617489,2026-05-29 05:30:43.617489,폴던스,브랜드: 폴던스 제조사: 한국앵글 카테고리: 수납/정리용품,https://shopping-phinf.pstatic.net/main_8001938/80019384708.26.jpg,1,폴던스앵글수납선반,50000,50000,국산 철제선반 조립식앵글 무볼트 앵글선반 베란다 창고용 맞춤 경량 랙 303090 4단,80019384708,생활/건강,100,수납/정리용품
1125,2026-05-29 05:30:43.62743,2026-05-29 05:30:43.62743,"",카테고리: 수납/정리용품,https://shopping-phinf.pstatic.net/main_8857881/88578813062.1.jpg,1,수납마켓,42900,42900,수납하마 리빙박스 대용량 접이식 정리함 틈새 멀티수납 화이트 대형 123L,88578813062,생활/건강,100,수납/정리용품
1126,2026-05-29 05:30:43.632657,2026-05-29 05:30:43.632657,"",카테고리: 수납/정리용품,https://shopping-phinf.pstatic.net/main_8728627/87286275022.5.jpg,1,꿀템요정,20900,20900,슬라이딩 투명 리빙박스 옷 수납 정리함 서랍 옷장 펜트리 수납함 플라스틱박스 111,87286275022,생활/건강,100,수납/정리용품
1127,2026-05-29 05:30:43.651611,2026-05-29 05:30:43.651611,올리빙,브랜드: 올리빙 제조사: 올리빙 카테고리: 수납/정리용품,https://shopping-phinf.pstatic.net/main_8890439/88904395454.3.jpg,1,올리빙,7400,7400,대형 플라스틱 리빙박스 옷 수납 정리함 펜트리 수납함 대용량 도트 80L,88904395454,생활/건강,100,수납/정리용품
1128,2026-05-29 05:30:43.666218,2026-05-29 05:30:43.666218,슈랙,브랜드: 슈랙 카테고리: 수납/정리용품,https://shopping-phinf.pstatic.net/main_8676070/86760702700.2.jpg,1,슈랙,50600,50600,슈랙 철제선반 조립식 앵글 베란다 선반 무볼트 렉 창고 고릴라랙 5단 210210600,86760702700,생활/건강,100,수납/정리용품
1129,2026-05-29 05:30:43.678533,2026-05-29 05:30:43.678533,코랙코리아,브랜드: 코랙코리아 카테고리: 수납/정리용품,https://shopping-phinf.pstatic.net/main_8292053/82920531535.4.jpg,1,슈랙,49900,49900,산업용 철제선반 메탈 조립식앵글 베란다 고릴라랙 렉 340x600x1450 5단 19파이,82920531535,생활/건강,100,수납/정리용품
1130,2026-05-29 05:30:43.683003,2026-05-29 05:30:43.683003,하이랙,브랜드: 하이랙 카테고리: 수납/정리용품,https://shopping-phinf.pstatic.net/main_8455957/84559577938.24.jpg,1,경량랙 하이랙산업,119000,119000,하이랙 철제선반 앵글 중량랙 물류 창고 파렛트랙 60x108x200 4단 270kg,84559577938,생활/건강,100,수납/정리용품
1131,2026-05-29 05:30:43.686293,2026-05-29 05:30:43.686293,"",카테고리: 수납/정리용품,https://shopping-phinf.pstatic.net/main_8214910/82149108822.10.jpg,1,플러스앵글,101500,101500,무볼트 조립식 앵글 선반 렉 철 철제선반 베란다 창고 경량랙 300300900 5단,82149108822,생활/건강,100,수납/정리용품
1132,2026-05-29 05:30:43.689851,2026-05-29 05:30:43.689851,비마이엑스,브랜드: 비마이엑스 카테고리: 수납/정리용품,https://shopping-phinf.pstatic.net/main_8793322/87933221635.2.jpg,1,비마이엑스,34900,34900,BMYX 철제선반 조립식 앵글 베란다 무볼트 공장 창고 선반 고릴라랙 5003501800 5단,87933221635,생활/건강,100,수납/정리용품
1133,2026-05-29 05:30:43.693078,2026-05-29 05:30:43.693078,"",제조사: 부원진열장 카테고리: 수납/정리용품,https://shopping-phinf.pstatic.net/main_8757617/87576176020.jpg,1,부원진열장,158000,158000,킹콩랙 철제 선반 산업용 중량랙 조립식 앵글 250kg 110X60X150 4단 독립형,87576176020,생활/건강,100,수납/정리용품
1134,2026-05-29 05:30:43.696104,2026-05-29 05:30:43.696104,스피드랙,브랜드: 스피드랙 제조사: 스피드랙 카테고리: 수납/정리용품,https://shopping-phinf.pstatic.net/main_8886936/88869364673.14.jpg,1,프리미엄 선반,60500,60500,스피드랙 철제선반 무볼트 조립식 앵글 베란다 창고 렉 경량랙 503060(CM) 5단,88869364673,생활/건강,100,수납/정리용품
1135,2026-05-29 05:30:43.699227,2026-05-29 05:30:43.699227,피피랙,브랜드: 피피랙 제조사: 수나비 카테고리: 수납/정리용품,https://shopping-phinf.pstatic.net/main_8242723/82427233693.13.jpg,1,제이원 스토어,63200,63200,철제선반 조립식앵글 무볼트 베란다선반 창고 경량랙 고릴라랙 피피랙 4030120 5단,82427233693,생활/건강,100,수납/정리용품
1136,2026-05-29 05:30:43.702224,2026-05-29 05:30:43.702224,코랙코리아,브랜드: 코랙코리아 카테고리: 수납/정리용품,https://shopping-phinf.pstatic.net/main_1149658/11496588170.4.jpg,1,메탈선반,49900,49900,철제선반 메탈선반 조립식앵글 베란다선반 진열대 펜트리 고릴라랙 가정용 6005단바퀴미포함,11496588170,생활/건강,100,수납/정리용품
1137,2026-05-29 05:30:43.705371,2026-05-29 05:30:43.705371,"",카테고리: 수납가구,https://shopping-phinf.pstatic.net/main_8418333/84183338004.28.jpg,1,ONLY ONE STORE,37500,37500,선반 수납선반 거실 다용도실 팬트리 다용도 조립 모듈 나무 원목 600 3단 블랙,84183338004,가구/인테리어,100,수납가구
1138,2026-05-29 05:30:43.708393,2026-05-29 05:30:43.708393,"",카테고리: 수납/정리용품,https://shopping-phinf.pstatic.net/main_8314509/83145091259.11.jpg,1,플레노,26900,26900,옷정리함 옷장수납함 옷정리트레이 붙박이장칸막이 노하우 바지 수납보관박스 중형가로1세로6칸,83145091259,생활/건강,100,수납/정리용품
1139,2026-05-29 05:30:43.712017,2026-05-29 05:30:43.712017,스피드랙,브랜드: 스피드랙 제조사: 스피드랙 카테고리: 수납가구,https://shopping-phinf.pstatic.net/main_8622160/86221600973.7.jpg,1,코지웰,50900,50900,수납 선반 다용도 랙 팬트리 선반장 다용도실 무타공 홈던트하우스 5단 300300600,86221600973,가구/인테리어,100,수납가구
1140,2026-05-29 05:30:43.715244,2026-05-29 05:30:43.715244,스피드랙,브랜드: 스피드랙 제조사: 스피드랙 카테고리: 수납/정리용품,https://shopping-phinf.pstatic.net/main_8908040/89080401252.4.jpg,1,스피드랙 스토어,147300,147300,스피드랙 철제선반 경량랙 조립식 앵글 산업용 창고 고릴라랙 독립형 9030150 5단,89080401252,생활/건강,100,수납/정리용품
1141,2026-05-29 05:30:43.720817,2026-05-29 05:30:43.720817,스피드랙,브랜드: 스피드랙 제조사: 스피드랙 카테고리: 수납/정리용품,https://shopping-phinf.pstatic.net/main_7735488/7735488329.34.jpg,1,트렌드코리아,74700,74700,스피드랙 철제선반 조립식 앵글 선반 베란다 펜트리 건조기 렉 300x300x900 2단,7735488329,생활/건강,100,수납/정리용품
1142,2026-05-29 05:30:43.724354,2026-05-29 05:30:43.724354,슈랙,브랜드: 슈랙 카테고리: 수납/정리용품,https://shopping-phinf.pstatic.net/main_8284620/82846203262.32.jpg,1,슈랙,46900,46900,슈랙 철제선반 조립식 앵글 경량랙 베란다 공장 창고 무볼트 고릴라랙 210210230 2단,82846203262,생활/건강,100,수납/정리용품
1143,2026-05-29 05:30:43.727108,2026-05-29 05:30:43.727108,스피드랙,브랜드: 스피드랙 제조사: 스피드랙 카테고리: 수납/정리용품,https://shopping-phinf.pstatic.net/main_8625839/86258398286.1.jpg,1,트렌드코리아,69900,69900,철제선반 스피드랙 5단 펜트리 조립식 앵글 선반 창고 경량랙 베란다 렉 303060 cm,86258398286,생활/건강,100,수납/정리용품
1144,2026-05-29 05:30:43.730839,2026-05-29 05:30:43.730839,"",카테고리: 수납/정리용품,https://shopping-phinf.pstatic.net/main_8951463/89514634906.jpg,1,데코봄봄,32900,32900,철제선반 조립식앵글 경량랙 앵글 무볼트 창고 진열대 랙 6004001800 5단,89514634906,생활/건강,100,수납/정리용품
1145,2026-05-29 05:30:43.733882,2026-05-29 05:30:43.733882,코랙코리아,브랜드: 코랙코리아 제조사: 금하산업개발 카테고리: 수납/정리용품,https://shopping-phinf.pstatic.net/main_8278785/82787850317.3.jpg,1,철제선반,49900,49900,산업용 철제선반 메탈 경량랙 베란다 조립식앵글 고릴라랙 창고 34x75x145 5단,82787850317,생활/건강,100,수납/정리용품
1146,2026-05-29 05:30:43.739558,2026-05-29 05:30:43.739558,스피드랙,브랜드: 스피드랙 제조사: 스피드랙 카테고리: 수납/정리용품,https://shopping-phinf.pstatic.net/main_8635055/86350556112.13.jpg,1,스피드랙 스토어,73500,73500,스피드랙 철제선반 조립식 앵글 창고 렉 베란다 경량랙 고릴라랙 400300750 4단,86350556112,생활/건강,100,수납/정리용품
1147,2026-05-29 05:30:43.742928,2026-05-29 05:30:43.742928,홈던트,브랜드: 홈던트 제조사: 스피드랙 카테고리: 수납가구,https://shopping-phinf.pstatic.net/main_8246941/82469413665.20.jpg,1,스피드랙 공식 스토어,57800,57800,선반 수납선반 다용도 팬트리 모듈 거실 선반장 홈던트하우스 300x300x600 2단,82469413665,가구/인테리어,100,수납가구
1148,2026-05-29 05:30:43.746005,2026-05-29 05:30:43.746005,"",카테고리: 수납/정리용품,https://shopping-phinf.pstatic.net/main_9063376/90633765156.jpg,1,꿀템요정,46620,46620,1+1 옷장 투명 서랍형 슬라이딩 리빙박스 펜트리 옷 수납 정리함 수납함 플라스틱 412,90633765156,생활/건강,100,수납/정리용품
1149,2026-05-29 05:30:43.749035,2026-05-29 05:30:43.749035,하트랙,브랜드: 하트랙 카테고리: 수납/정리용품,https://shopping-phinf.pstatic.net/main_8254937/82549371557.9.jpg,1,신홈,57900,57900,철제선반 조립식 앵글 베란다 렉 창고 경량랙 무볼트 선반 200200300 5단,82549371557,생활/건강,100,수납/정리용품
1150,2026-05-29 05:30:43.75214,2026-05-29 05:30:43.75214,"",제조사: 부원진열장 카테고리: 수납/정리용품,https://shopping-phinf.pstatic.net/main_8902771/89027714424.1.jpg,1,부원진열장,124000,124000,부원진열장 철제선반 경량랙 무볼트 조립식 앵글 창고 선반 100kg 9030180 5단 독립형,89027714424,생활/건강,100,수납/정리용품
1151,2026-05-29 05:30:43.7558,2026-05-29 05:30:43.7558,"",카테고리: 수납/정리용품,https://shopping-phinf.pstatic.net/main_8838886/88388861605.1.jpg,1,와우랙,139000,139000,와우랙 철제선반 무볼트 조립식 앵글 경량랙 렉 창고 블루 200kg 2m 메인프레임4단,88388861605,생활/건강,100,수납/정리용품
1152,2026-05-29 05:30:43.759469,2026-05-29 05:30:43.759469,스피드랙,브랜드: 스피드랙 제조사: 스피드랙 카테고리: 수납/정리용품,https://shopping-phinf.pstatic.net/main_1134370/11343701529.23.jpg,1,모아랙,62900,62900,스피드랙 철제선반 조립식앵글 창고 선반 400300900 4단,11343701529,생활/건강,100,수납/정리용품
1153,2026-05-29 05:30:43.763376,2026-05-29 05:30:43.763376,스피드랙,브랜드: 스피드랙 제조사: 스피드랙 카테고리: 수납/정리용품,https://shopping-phinf.pstatic.net/main_8639926/86399265413.4.jpg,1,스피드랙 스토어,129000,129000,스피드랙 철제선반 대형 조립식 앵글 창고 베란다 경량랙 고릴라랙 5단 1500300600,86399265413,생활/건강,100,수납/정리용품
1154,2026-05-29 05:30:43.766968,2026-05-29 05:30:43.766968,울트라랙,브랜드: 울트라랙 제조사: 풍산 카테고리: 수납/정리용품,https://shopping-phinf.pstatic.net/main_8826385/88263854019.jpg,1,대감몰,67640,67640,철제선반 경량랙 앵글 무볼트 조립식 창고 세탁기 건조기 울트라랙 300300900 5단,88263854019,생활/건강,100,수납/정리용품
1155,2026-05-29 05:30:43.770377,2026-05-29 05:30:43.770377,스피드랙,브랜드: 스피드랙 제조사: 스피드랙 카테고리: 수납/정리용품,https://shopping-phinf.pstatic.net/main_9103990/91039907595.jpg,1,코지웰,59900,59900,스피드랙 V2 12T 철제 선반 조립식 앵글 고릴라랙 경량랙 렉 5단 403075CM,91039907595,생활/건강,100,수납/정리용품
1156,2026-05-29 05:30:43.7737,2026-05-29 05:30:43.7737,스피드랙,브랜드: 스피드랙 제조사: 스피드랙 카테고리: 수납/정리용품,https://shopping-phinf.pstatic.net/main_1122936/11229368256.23.jpg,1,스피드랙 공식 스토어,63900,63900,스피드랙 철제선반 무볼트 조립식 앵글 베란다 창고 진열대 렉 300300600 2단,11229368256,생활/건강,100,수납/정리용품
1157,2026-05-29 05:30:43.776938,2026-05-29 05:30:43.776938,"",카테고리: 수납/정리용품,https://shopping-phinf.pstatic.net/main_8709003/87090039205.2.jpg,1,리빙숲,8900,8900,대형 플라스틱 리빙박스 옷 수납 정리함 펜트리 수납함 수납박스 보관함 72L,87090039205,생활/건강,100,수납/정리용품
1158,2026-05-29 05:30:43.779572,2026-05-29 05:30:43.779572,스피드랙,브랜드: 스피드랙 제조사: 스피드랙 카테고리: 수납/정리용품,https://shopping-phinf.pstatic.net/main_8638992/86389926039.5.jpg,1,스피드랙 스토어,69600,69600,스피드랙 세탁기선반 건조기선반 철제선반 렉 베란다 조립식 앵글 303090 2.5단,86389926039,생활/건강,100,수납/정리용품
1159,2026-05-29 05:30:43.782042,2026-05-29 05:30:43.782042,하트랙,브랜드: 하트랙 카테고리: 수납가구,https://shopping-phinf.pstatic.net/main_8283342/82833427232.4.jpg,1,하트랙코리아,49800,49800,선반 수납선반 팬트리 거실 다용도 무볼트선반장 200300750 4단,82833427232,가구/인테리어,100,수납가구
1160,2026-05-29 05:30:43.786068,2026-05-29 05:30:43.786068,코랙코리아,브랜드: 코랙코리아 제조사: 코랙코리아 카테고리: 수납/정리용품,https://shopping-phinf.pstatic.net/main_8210190/82101900128.6.jpg,1,수납의달인,49800,49800,이동식선반 메탈랙 선반 틈새 이동식 수납장 트롤리 클린룸 가정용 메탈선반 600 5단,82101900128,생활/건강,100,수납/정리용품
1161,2026-05-29 05:30:43.789107,2026-05-29 05:30:43.789107,솔라콤,브랜드: 솔라콤 제조사: 솔라콤 카테고리: 수납/정리용품,https://shopping-phinf.pstatic.net/main_5772442/57724423642.20251111145053.jpg,1,네이버,8900,8900,"솔라콤 펜트리 수납함 냉장고 약통 정리함 리빙박스 대형, 화이트, 1개",57724423642,생활/건강,100,수납/정리용품
1162,2026-05-29 05:30:43.797478,2026-05-29 05:30:43.797478,"",카테고리: 수납/정리용품,https://shopping-phinf.pstatic.net/main_9100322/91003220192.jpg,1,카요카요,134000,134000,영아네랙 독립형 중량랙 4단 1500 철제 선반 앵글 진열대,91003220192,생활/건강,100,수납/정리용품
1163,2026-05-29 05:30:43.80109,2026-05-29 05:30:43.80109,"",카테고리: 수납가구,https://shopping-phinf.pstatic.net/main_8245014/82450149428.13.jpg,1,플러스앵글,86000,86000,다용도 수납선반 다용도실 렉 시스템 거실선반 펜트리 모듈 선반장 300300900 4단,82450149428,가구/인테리어,100,수납가구
1164,2026-05-29 05:30:43.804399,2026-05-29 05:30:43.804399,스피드랙,브랜드: 스피드랙 제조사: 스피드랙 카테고리: 수납/정리용품,https://shopping-phinf.pstatic.net/main_8142615/8142615551.16.jpg,1,마스타앵글,86030,86030,스피드랙 국산 철제선반 원기둥 무볼트 조립식 앵글 선반 창고 베란다 랙 30x30,8142615551,생활/건강,100,수납/정리용품
1165,2026-05-29 05:30:43.807516,2026-05-29 05:30:43.807516,이케아,브랜드: 이케아 카테고리: 수납/정리용품,https://shopping-phinf.pstatic.net/main_8370503/83705035485.32.jpg,1,하이마이홈,28900,28900,리빙박스 옷 정리함 슬라이딩 서랍장 드레스룸 수납정리함 장농 옷장 정리 투명 수납함 S,83705035485,생활/건강,100,수납/정리용품
1166,2026-05-29 05:30:43.810409,2026-05-29 05:30:43.810409,노엘리안,브랜드: 노엘리안 제조사: 노엘리안 카테고리: 수납가구,https://shopping-phinf.pstatic.net/main_8395605/83956059687.jpg,1,노엘리안시스템,22600,22600,팬트리선반 무타공시스템선반 다용도수납 다용도실 셀프조립 랙 선반장 원목나무제작 맞춤설치 300,83956059687,가구/인테리어,100,수납가구
1167,2026-05-29 05:30:43.815963,2026-05-29 05:30:43.815963,"",카테고리: 수납/정리용품,https://shopping-phinf.pstatic.net/main_8793099/87930995220.4.jpg,1,그린트리 하우스,6500,6500,적층형 서랍장 슬라이딩 리빙박스 팬트리수납함 층층이 약통 탕비실 정리함 적층 수납함 중형,87930995220,생활/건강,100,수납/정리용품
1168,2026-05-29 05:30:43.819096,2026-05-29 05:30:43.819096,"",카테고리: 수납가구,https://shopping-phinf.pstatic.net/main_8494619/84946192623.1.jpg,1,브로우드,6000,6000,나무선반제작 ㄷ자선반 원목 무타공 다용도 가구 수납 맞춤 주문 미니 200x100x100,84946192623,가구/인테리어,100,수납가구
1169,2026-05-29 05:30:43.828234,2026-05-29 05:30:43.828234,스피드랙,브랜드: 스피드랙 제조사: 스피드랙 카테고리: 수납/정리용품,https://shopping-phinf.pstatic.net/main_5264872/52648721564.20250206103118.jpg,1,네이버,147200,147200,스피드랙 맥스 200 경량랙  900x300x1500 5단,52648721564,생활/건강,100,수납/정리용품
1170,2026-05-29 05:30:43.832239,2026-05-29 05:30:43.832239,생활탐구,브랜드: 생활탐구 카테고리: 수납/정리용품,https://shopping-phinf.pstatic.net/main_5411175/54111750844.20260112110304.jpg,1,네이버,5700,5700,"생활탐구 손잡이 리빙박스 L 1칸, 화이트, 1개",54111750844,생활/건강,100,수납/정리용품
1171,2026-05-29 05:30:43.835229,2026-05-29 05:30:43.835229,아이리스,브랜드: 아이리스 제조사: 아이리스 카테고리: 수납/정리용품,https://shopping-phinf.pstatic.net/main_5402687/54026871896.20250407162417.jpg,1,네이버,18900,18900,"아이리스 리빙박스 플라스틱 옷장 수납 박스 정리함 BC-500 1칸, 투명, 1개",54026871896,생활/건강,100,수납/정리용품
1172,2026-05-29 05:30:43.838737,2026-05-29 05:30:43.838737,스피드랙,브랜드: 스피드랙 제조사: 스피드랙 카테고리: 수납/정리용품,https://shopping-phinf.pstatic.net/main_8671294/86712945568.3.jpg,1,스피드랙 스토어,70900,70900,스피드랙 홈던트 철제선반 조립식 앵글 창고 렉 베란다 고릴라 랙 400300600 3단,86712945568,생활/건강,100,수납/정리용품
1173,2026-05-29 05:30:43.842679,2026-05-29 05:30:43.842679,올리빙,브랜드: 올리빙 제조사: 올리빙 카테고리: 수납/정리용품,https://shopping-phinf.pstatic.net/main_5938684/59386843284.20260325142803.jpg,1,네이버,19900,19900,올리빙 폴딩 모듈 리빙박스 400 1개,59386843284,생활/건강,100,수납/정리용품
1174,2026-05-29 05:30:43.849066,2026-05-29 05:30:43.849066,스피드랙,브랜드: 스피드랙 제조사: 스피드랙 카테고리: 수납/정리용품,https://shopping-phinf.pstatic.net/main_8643948/86439481001.4.jpg,1,트렌드코리아,62700,62700,스피드랙 V2 철제선반 무볼트 조립식 앵글 베란다 창고 렉 고릴라랙 5단 403060cm,86439481001,생활/건강,100,수납/정리용품
1175,2026-05-29 05:30:43.862238,2026-05-29 05:30:43.862238,창신리빙,브랜드: 창신리빙 제조사: 창신리빙 카테고리: 수납/정리용품,https://shopping-phinf.pstatic.net/main_5539582/55395826412.20250620091608.jpg,1,네이버,32660,32660,"창신리빙 프랑코 리빙박스 62L, 핑크, 2개",55395826412,생활/건강,100,수납/정리용품
1176,2026-05-29 05:30:43.869797,2026-05-29 05:30:43.869797,"",카테고리: 수납/정리용품,https://shopping-phinf.pstatic.net/main_8292799/82927993150.6.jpg,1,플레노,31900,31900,가방보관함 정리함 인형 모자 정리대 명품가방 정리 틈새수납함 가방장 슬림1x5칸,82927993150,생활/건강,100,수납/정리용품
1177,2026-05-29 05:30:43.87946,2026-05-29 05:30:43.87946,스피드랙,브랜드: 스피드랙 제조사: 스피드랙 카테고리: 수납/정리용품,https://shopping-phinf.pstatic.net/main_1222227/12222274215.13.jpg,1,모아랙,63900,63900,세탁기선반 드럼 통돌이 렉 세탁기장 위 앵글 스피드랙 9mm코팅합판 5004001500 3단,12222274215,생활/건강,100,수납/정리용품
1178,2026-05-29 05:30:43.8854,2026-05-29 05:30:43.8854,JJBB,브랜드: JJBB 카테고리: 수납/정리용품,https://shopping-phinf.pstatic.net/main_9085367/90853679808.1.jpg,1,JJBB,14800,14800,대형 폴딩박스 리빙박스 56L 옷 정리함 팬트리 책 수납함 투명 박스 양문 XL 화이트,90853679808,생활/건강,100,수납/정리용품
1179,2026-05-29 05:30:43.895844,2026-05-29 05:30:43.895844,"",카테고리: 수납/정리용품,https://shopping-phinf.pstatic.net/main_8480289/84802895158.1.jpg,1,우주인집,5790,5790,옷정리함 팬트리 수납함 이불 인형 정리함 옷장 리빙박스 24L,84802895158,생활/건강,100,수납/정리용품
1180,2026-05-29 05:30:43.904787,2026-05-29 05:30:43.904787,"",카테고리: 수납가구,https://shopping-phinf.pstatic.net/main_8308197/83081977257.23.jpg,1,제이앤몰,25900,25900,벽선반 통원목 무도장 600x150 무지주 벽걸이 주방 셀프 인테리어 나무선반,83081977257,가구/인테리어,100,수납가구
1181,2026-05-29 05:30:43.909312,2026-05-29 05:30:43.909312,스피드랙,브랜드: 스피드랙 제조사: 스피드랙 카테고리: 수납/정리용품,https://shopping-phinf.pstatic.net/main_8658195/86581959978.8.jpg,1,비욘드앳홈,68000,68000,스피드랙 철제선반 조립식앵글 렉 고릴라랙 창고 베란다 무볼트 300300750 4단,86581959978,생활/건강,100,수납/정리용품
1182,2026-05-29 05:30:43.916233,2026-05-29 05:30:43.916233,"",카테고리: 수납/정리용품,https://shopping-phinf.pstatic.net/main_8932292/89322926480.4.jpg,1,INNERNEST,36000,36000,세탁기 세탁실수납장 틈새트롤리 3단 옆 바퀴달린 세탁실틈새선반 서랍형 이동 트레이 보관함,89322926480,생활/건강,100,수납/정리용품
1183,2026-05-29 05:30:43.921443,2026-05-29 05:30:43.921443,올리빙,브랜드: 올리빙 카테고리: 수납/정리용품,https://shopping-phinf.pstatic.net/main_8672887/86728876866.5.jpg,1,올리빙,13900,13900,심플 이동식 틈새선반 세탁실수납장 바퀴달린 수납 선반 트롤리 3단,86728876866,생활/건강,100,수납/정리용품
1184,2026-05-29 05:30:43.925558,2026-05-29 05:30:43.925558,"",카테고리: 수납가구,https://shopping-phinf.pstatic.net/main_8589077/85890776673.jpg,1,올니스,8900,8900,벽선반 무지주선반 벽걸이 국내생산 100% 주문제작 300,85890776673,가구/인테리어,100,수납가구
1185,2026-05-29 05:30:43.929384,2026-05-29 05:30:43.929384,올리빙,브랜드: 올리빙 제조사: 올리빙 카테고리: 수납가구,https://shopping-phinf.pstatic.net/main_8272039/82720391703.2.jpg,1,올리빙,12900,12900,수납선반 원목 조립 다용도 모듈 정리 미니 선반장 올리 선반 신발장 2단 500,82720391703,가구/인테리어,100,수납가구
1186,2026-05-29 05:30:43.933608,2026-05-29 05:30:43.933608,"",카테고리: 수납/정리용품,https://shopping-phinf.pstatic.net/main_8491412/84914121188.8.jpg,1,꿀템수집소,690,690,신발정리대 신발장 신발 수납장 정리 슈즈랙 정리함 보관함 3단조절 일반형,84914121188,생활/건강,100,수납/정리용품
1187,2026-05-29 05:30:43.938923,2026-05-29 05:30:43.938923,스피드랙,브랜드: 스피드랙 제조사: 스피드랙 카테고리: 수납/정리용품,https://shopping-phinf.pstatic.net/main_8644542/86445429793.7.jpg,1,스피드랙 스토어,69800,69800,스피드랙 철제선반 조립식 앵글 베란다 창고 경량 고릴라 렉 건조기 300300600 4단,86445429793,생활/건강,100,수납/정리용품
1188,2026-05-29 05:30:43.944441,2026-05-29 05:30:43.944441,스피드랙,브랜드: 스피드랙 제조사: 스피드랙 카테고리: 수납/정리용품,https://shopping-phinf.pstatic.net/main_9063770/90637701349.jpg,1,스피드랙 공식 스토어,163200,163200,스피드랙 MAX 철제선반 무볼트 조립식 앵글 베란다 창고 경량랙 9004501500 5단,90637701349,생활/건강,100,수납/정리용품
1189,2026-05-29 05:30:43.949143,2026-05-29 05:30:43.949143,아이리스,브랜드: 아이리스 제조사: 아이리스 카테고리: 수납/정리용품,https://shopping-phinf.pstatic.net/main_5402694/54026943914.20250407165512.jpg,1,네이버,9900,9900,"아이리스 플라스틱 리빙박스 대형 옷 수납 정리함 보관함 66L 1칸, 투명, 1개",54026943914,생활/건강,100,수납/정리용품
1190,2026-05-29 05:30:43.953392,2026-05-29 05:30:43.953392,노엘리안,브랜드: 노엘리안 제조사: 노엘리안 카테고리: 수납가구,https://shopping-phinf.pstatic.net/main_8622113/86221134832.2.jpg,1,노엘리안시스템,12500,12500,무타공벽선반 원목꼭꼬핀선반 피규어 거실주방벽걸이선반 나무미니 빔프로젝터수납 스텐설치 300,86221134832,가구/인테리어,100,수납가구
1191,2026-05-29 05:30:43.957642,2026-05-29 05:30:43.957642,"",제조사: 살림원 카테고리: 수납/정리용품,https://shopping-phinf.pstatic.net/main_8888993/88889932895.8.jpg,1,살림원 스토어,25900,25900,폴딩박스 투명리빙박스 옷보관함인형보관박스 대형리빙박스대용량수납함 플라스틱상자수납팬트리정리,88889932895,생활/건강,100,수납/정리용품
1192,2026-05-29 05:30:43.96106,2026-05-29 05:30:43.96106,"",카테고리: 수납/정리용품,https://shopping-phinf.pstatic.net/main_8482223/84822231712.14.jpg,1,살림의 힘,9700,9700,현관 신발정리대 정리함 보관함 수납장 간이 신발장 슈즈렉 거치대 6단,84822231712,생활/건강,100,수납/정리용품
1193,2026-05-29 05:30:43.965241,2026-05-29 05:30:43.965241,"",카테고리: 수납/정리용품,https://shopping-phinf.pstatic.net/main_8719324/87193241331.3.jpg,1,살림zip,11900,11900,투명 리빙박스 옷 수납 정리함 슬라이딩 팬트리 옷장 플라스틱 박스 보관함,87193241331,생활/건강,100,수납/정리용품
1194,2026-05-29 05:30:43.969953,2026-05-29 05:30:43.969953,"",카테고리: 수납/정리용품,https://shopping-phinf.pstatic.net/main_9058622/90586229105.1.jpg,1,꿀템요정,25900,25900,옷장 투명 서랍형 슬라이딩 리빙박스 펜트리 옷 수납 정리함 수납함 플라스틱 서랍소품 412,90586229105,생활/건강,100,수납/정리용품
1195,2026-05-29 05:30:43.974084,2026-05-29 05:30:43.974084,스피드랙,브랜드: 스피드랙 제조사: 스피드랙 카테고리: 수납/정리용품,https://shopping-phinf.pstatic.net/main_8679412/86794124205.3.jpg,1,스피드랙 스토어,145000,145000,스피드랙 2T 중량랙 산업용 철제선반 렉 무볼트 조립식앵글 창고 대형 6030120 5단,86794124205,생활/건강,100,수납/정리용품
1197,2026-05-29 05:30:43.980958,2026-05-29 05:30:43.980958,스피드랙,브랜드: 스피드랙 제조사: 스피드랙 카테고리: 수납/정리용품,https://shopping-phinf.pstatic.net/main_8676765/86767650965.1.jpg,1,트렌드코리아,76800,76800,스피드랙 V2 철제선반 조립식 앵글 선반 경량랙 창고 베란다 건조기 렉 400300600 3단,86767650965,생활/건강,100,수납/정리용품
1198,2026-05-29 05:30:43.984918,2026-05-29 05:30:43.984918,KOMAX,브랜드: KOMAX 제조사: KOMAX 카테고리: 수납/정리용품,https://shopping-phinf.pstatic.net/main_5539904/55399042794.20250620155432.jpg,1,네이버,34520,34520,"KOMAX 네오박스 600 60L, 투명, 1개",55399042794,생활/건강,100,수납/정리용품
1199,2026-05-29 05:30:43.988364,2026-05-29 05:30:43.988364,"",제조사: 잘풀리는샵 카테고리: 수납/정리용품,https://shopping-phinf.pstatic.net/main_8408325/84083256414.4.jpg,1,마메쏙,22000,22000,마메쏙 원목 실내화 거치대 슬리퍼 걸이 꽂이 정리대 스몰,84083256414,생활/건강,100,수납/정리용품
1200,2026-05-29 05:30:43.991826,2026-05-29 05:30:43.991826,"",카테고리: 수납/정리용품,https://shopping-phinf.pstatic.net/main_1247850/12478502668.10.jpg,1,한서몰,16800,16800,한서몰 접이식 폴딩박스 60L 대형 리빙박스 수납정리함,12478502668,생활/건강,100,수납/정리용품
1201,2026-05-29 05:30:44.396153,2026-05-29 05:30:44.396153,케익팩토리,브랜드: 케익팩토리 제조사: 스위트블러썸 카테고리: 빵/베이커리,https://shopping-phinf.pstatic.net/main_8252358/82523583217.2.jpg,1,케익팩토리 딜리버리,19900,19900,화이트폼폼 SS 미니 도시락케이크 레터링 케익 주문제작 기념일 생일 맞춤 전국 택배 수제,82523583217,식품,100,빵/베이커리
1202,2026-05-29 05:30:44.400229,2026-05-29 05:30:44.400229,장가네제과,브랜드: 장가네제과 카테고리: 빵/베이커리,https://shopping-phinf.pstatic.net/main_1305583/13055834966.18.jpg,1,장가네제과,2900,2900,[오늘출발] 장가네제과 수제 케이크시트 화이트(바닐라) 미니 케익만들기키트재료 케익시트,13055834966,식품,100,빵/베이커리
1203,2026-05-29 05:30:44.403611,2026-05-29 05:30:44.403611,케익팩토리,브랜드: 케익팩토리 제조사: 스위트블러썸 카테고리: 빵/베이커리,https://shopping-phinf.pstatic.net/main_8990106/89901061856.1.jpg,1,케익팩토리 딜리버리,23900,23900,레터링케이크 핑크스냅포토 SS 미니 도시락 수제 사진 포토 맞춤 주문 제작 생일 케익,89901061856,식품,100,빵/베이커리
1204,2026-05-29 05:30:44.406839,2026-05-29 05:30:44.406839,"",카테고리: 빵/베이커리,https://shopping-phinf.pstatic.net/main_8979779/89797791675.jpg,1,티오케이크,33000,33000,[티오케이크] 망고 케이크 (동물성 태국 골드 생망고 과일),89797791675,식품,100,빵/베이커리
1205,2026-05-29 05:30:44.410451,2026-05-29 05:30:44.410451,"",카테고리: 빵/베이커리,https://shopping-phinf.pstatic.net/main_8856924/88569242491.3.jpg,1,즈킁,9900,9900,한입 케이크 만들기 키트 레터링 케이크 화이트 블랙,88569242491,식품,100,빵/베이커리
1206,2026-05-29 05:30:44.413844,2026-05-29 05:30:44.413844,장가네제과,브랜드: 장가네제과 카테고리: 빵/베이커리,https://shopping-phinf.pstatic.net/main_1329533/13295335315.7.jpg,1,장가네제과,10500,10500,케이크세트 기념일 생일케익만들기키트 도시락 화이트시트 주문제작 레터링 맞춤 커스텀,13295335315,식품,100,빵/베이커리
1207,2026-05-29 05:30:44.41778,2026-05-29 05:30:44.41778,케익팩토리,브랜드: 케익팩토리 제조사: 스위트블러썸 카테고리: 빵/베이커리,https://shopping-phinf.pstatic.net/main_8749776/87497767966.6.jpg,1,케익팩토리 딜리버리,19900,19900,레터링 케이크 주문 제작 미니 도시락 수제 맞춤 생일 케익 장난꾸러기 SS,87497767966,식품,100,빵/베이커리
1208,2026-05-29 05:30:44.421541,2026-05-29 05:30:44.421541,노브랜드,브랜드: 노브랜드 제조사: 신세계푸드 카테고리: 빵/베이커리,https://shopping-phinf.pstatic.net/main_8344318/83443188151.3.jpg,1,이마트몰,9980,9980,치즈 크림 케익590g,83443188151,식품,100,빵/베이커리
1209,2026-05-29 05:30:44.424839,2026-05-29 05:30:44.424839,매일유업,브랜드: 매일유업 제조사: 엠즈베이커스 카테고리: 빵/베이커리,https://shopping-phinf.pstatic.net/main_8621362/86213624346.2.jpg,1,매일유업 데르뜨,23000,23000,매일유업 상하치즈 바스크치즈케이크 470g(홀),86213624346,식품,100,빵/베이커리
1210,2026-05-29 05:30:44.428112,2026-05-29 05:30:44.428112,"",카테고리: 빵/베이커리,https://shopping-phinf.pstatic.net/main_8971633/89716337620.4.jpg,1,고망고케이크,39000,39000,주문제작 케이크 수제 커스텀 생일 기념일 택배 초코 레터링,89716337620,식품,100,빵/베이커리
1211,2026-05-29 05:30:44.432012,2026-05-29 05:30:44.432012,"",카테고리: 빵/베이커리,https://shopping-phinf.pstatic.net/main_8888673/88886730831.2.jpg,1,쿠르쿠르 케이크,9900,9900,한입 미니 레터링 케이크 만들기 DIY 키트 대구 마이크로 케이크,88886730831,식품,100,빵/베이커리
1212,2026-05-29 05:30:44.435436,2026-05-29 05:30:44.435436,"",카테고리: 빵/베이커리,https://shopping-phinf.pstatic.net/main_8814344/88143446142.6.jpg,1,즈킁,14900,14900,레터링 케이크 DIY 도시락 초코 케이크 만들기 키트 원형 핑크 화이트 블랙,88143446142,식품,100,빵/베이커리
1213,2026-05-29 05:30:44.438898,2026-05-29 05:30:44.438898,"",제조사: 북해도스위트코리아 카테고리: 빵/베이커리,https://shopping-phinf.pstatic.net/main_8299004/82990049441.25.jpg,1,북해도스위트코리아,23500,23500,[북해도스위트코리아] 수제 레어치즈 케이크,82990049441,식품,100,빵/베이커리
1214,2026-05-29 05:30:44.442112,2026-05-29 05:30:44.442112,케익팩토리,브랜드: 케익팩토리 제조사: 스위트블러썸 카테고리: 빵/베이커리,https://shopping-phinf.pstatic.net/main_8946825/89468258046.1.jpg,1,케익팩토리 딜리버리,29900,29900,레터링케이크 블루스냅 포토 사진 생신 기념일 맞춤 주문 제작 여친 생일 케이크 M사이즈,89468258046,식품,100,빵/베이커리
1215,2026-05-29 05:30:44.445237,2026-05-29 05:30:44.445237,"",카테고리: 빵/베이커리,https://shopping-phinf.pstatic.net/main_9069101/90691011335.jpg,1,과일맛집 1995,39900,39900,[택배전용상품] 망고폭탄 생망고케이크 1호 과일맛집1995,90691011335,식품,100,빵/베이커리
1216,2026-05-29 05:30:44.44831,2026-05-29 05:30:44.44831,리치골드,브랜드: 리치골드 제조사: 동서식품 카테고리: 빵/베이커리,https://shopping-phinf.pstatic.net/main_5980147/59801479234.20260425224743.jpg,1,네이버,8200,8200,동서식품 리치골드 델리큐브 치즈케익 1개,59801479234,식품,100,빵/베이커리
1217,2026-05-29 05:30:44.451508,2026-05-29 05:30:44.451508,"",카테고리: 빵/베이커리,https://shopping-phinf.pstatic.net/main_9106242/91062423676.3.jpg,1,파티쉐봉,39600,39600,파티쉐봉 계란케이크 파티쉐봉 보면알까 케이크(2구/4입),91062423676,식품,100,빵/베이커리
1218,2026-05-29 05:30:44.454617,2026-05-29 05:30:44.454617,"",카테고리: 빵/베이커리,https://shopping-phinf.pstatic.net/main_6009945/60099456830.20260519181409.jpg,1,네이버,39620,39620,보면알까 - 파티쉐봉 케이크 디저트 인플루언서 인스타그램 틱톡 10개 70g,60099456830,식품,100,빵/베이커리
1219,2026-05-29 05:30:44.457681,2026-05-29 05:30:44.457681,"",카테고리: 빵/베이커리,https://shopping-phinf.pstatic.net/main_8374776/83747761824.3.jpg,1,체즈,33000,33000,[체즈] 저당 레터링 치즈케이크 글루텐프리 무설탕 키토 제로 주문제작 택배 레인드롭 0호,83747761824,식품,100,빵/베이커리
1220,2026-05-29 05:30:44.4609,2026-05-29 05:30:44.4609,"",카테고리: 빵/베이커리,https://shopping-phinf.pstatic.net/main_8593294/85932947957.15.jpg,1,더코티지 서울,21500,21500,[더 코티지] 제로 바스크치즈케이크 - 미니 무설탕 키토 글루텐프리 저탄수 저당 생일 택배,85932947957,식품,100,빵/베이커리
1221,2026-05-29 05:30:44.464434,2026-05-29 05:30:44.464434,"",카테고리: 빵/베이커리,https://shopping-phinf.pstatic.net/main_8631163/86311638648.2.jpg,1,앨리스 케이크,24000,24000,레터링 케이크 커플 낙서 디자인 기념일 생일 축하 선물 주문제작,86311638648,식품,100,빵/베이커리
1222,2026-05-29 05:30:44.467733,2026-05-29 05:30:44.467733,"",카테고리: 빵/베이커리,https://shopping-phinf.pstatic.net/main_8232881/82328810919.5.jpg,1,아띠애 베이커리,1890,1890,심플 치즈 조각케이크 (개별포장 카페케익 아이들간식 조각케익 냉동케익),82328810919,식품,100,빵/베이커리
1223,2026-05-29 05:30:44.471013,2026-05-29 05:30:44.471013,"",제조사: 북해도스위트코리아 카테고리: 빵/베이커리,https://shopping-phinf.pstatic.net/main_5949433/59494338631.20260401191639.jpg,1,네이버,22130,22130,북해도스위트코리아 티라미수 케이크 1개,59494338631,식품,100,빵/베이커리
1224,2026-05-29 05:30:44.47427,2026-05-29 05:30:44.47427,삼립,브랜드: 삼립 카테고리: 빵/베이커리,https://shopping-phinf.pstatic.net/main_5252519/52525193102.20250211084620.jpg,1,네이버,590,590,삼립 냉동 소프트 치즈케익 50g 60봉 미니 치즈케이크,52525193102,식품,100,빵/베이커리
1225,2026-05-29 05:30:44.477401,2026-05-29 05:30:44.477401,케익팩토리,브랜드: 케익팩토리 제조사: 스위트블러썸 카테고리: 빵/베이커리,https://shopping-phinf.pstatic.net/main_1169219/11692196491.7.jpg,1,케익팩토리 딜리버리,47500,47500,감사장 주문제작케이크 레터링 맞춤 부모님 어버이날 스승의날 축하 생신 택배 기념일 케익,11692196491,식품,100,빵/베이커리
1226,2026-05-29 05:30:44.480577,2026-05-29 05:30:44.480577,필라델피아,브랜드: 필라델피아 카테고리: 빵/베이커리,https://shopping-phinf.pstatic.net/main_5949174/59491746029.20260401154730.jpg,1,네이버,43260,43260,필라델피아 치즈케익 플레인 1개,59491746029,식품,100,빵/베이커리
1250,2026-05-29 05:30:44.554667,2026-05-29 05:30:44.554667,봄날엔,브랜드: 봄날엔 카테고리: 빵/베이커리,https://shopping-phinf.pstatic.net/main_5981874/59818747149.20260427223127.jpg,1,네이버,28000,28000,봄날엔 초코퐁당 초코초코 롤케이크 1개,59818747149,식품,100,빵/베이커리
1227,2026-05-29 05:30:44.483727,2026-05-29 05:30:44.483727,밀크앤허니,브랜드: 밀크앤허니 제조사: 신세계푸드 카테고리: 빵/베이커리,https://shopping-phinf.pstatic.net/main_5948952/59489522491.20260401124043.jpg,1,네이버,16900,16900,신세계푸드 밀크앤허니 롤케이크 파운드 2종세트,59489522491,식품,100,빵/베이커리
1228,2026-05-29 05:30:44.486953,2026-05-29 05:30:44.486953,"",카테고리: 빵/베이커리,https://shopping-phinf.pstatic.net/main_8303662/83036625923.1.jpg,1,빠네뜨리아 케이크배송,29900,29900,포토케이크 택배 배송 레터링 수제 맞춤 주문제작 케익 크림치즈 화이트시트 미니 생일선물,83036625923,식품,100,빵/베이커리
1229,2026-05-29 05:30:44.49009,2026-05-29 05:30:44.49009,"",카테고리: 빵/베이커리,https://shopping-phinf.pstatic.net/main_8515129/85151294650.jpg,1,케이크 어 위시,27900,27900,인스타 케이크 레터링케이크 주문제작 맞춤 포토 사진 여자친구 생일선물 케잌 블루베리맛 미니,85151294650,식품,100,빵/베이커리
1230,2026-05-29 05:30:44.493218,2026-05-29 05:30:44.493218,"",카테고리: 빵/베이커리,https://shopping-phinf.pstatic.net/main_8524433/85244330376.3.jpg,1,이너프케이크,34000,34000,프리미엄 바스크치즈케이크 무설탕 저당 저탄수 건강한 제로 키토 글루텐프리 생일 택배,85244330376,식품,100,빵/베이커리
1231,2026-05-29 05:30:44.496409,2026-05-29 05:30:44.496409,조선호텔,브랜드: 조선호텔 제조사: 신세계푸드 카테고리: 빵/베이커리,https://shopping-phinf.pstatic.net/main_5923389/59233896570.20260312154450.jpg,1,네이버,45000,45000,신세계푸드 조선호텔 애플망고 케이크 720g 1개,59233896570,식품,100,빵/베이커리
1232,2026-05-29 05:30:44.500881,2026-05-29 05:30:44.500881,오설록,브랜드: 오설록 카테고리: 빵/베이커리,https://shopping-phinf.pstatic.net/main_5989894/59898946425.20260503235342.jpg,1,네이버,44500,44500,오설록 제주 녹차 크레이프 케이크 1개,59898946425,식품,100,빵/베이커리
1233,2026-05-29 05:30:44.504352,2026-05-29 05:30:44.504352,메이드케이크,브랜드: 메이드케이크 제조사: 엠케이크 카테고리: 빵/베이커리,https://shopping-phinf.pstatic.net/main_8887888/88878883585.3.jpg,1,우리농산물 메이드농원,2900,2900,메이드농원 케이크시트 DIY 생일 케이크만들기 재료 케익시트 바닐라 미니,88878883585,식품,100,빵/베이커리
1234,2026-05-29 05:30:44.509202,2026-05-29 05:30:44.509202,삼립,브랜드: 삼립 제조사: 샤니 카테고리: 빵/베이커리,https://shopping-phinf.pstatic.net/main_5968362/59683628473.20260416043936.jpg,1,네이버,11180,11180,샤니 삼립 1A등급 원유로 만든 냉동 롤케익 2종 2개,59683628473,식품,100,빵/베이커리
1235,2026-05-29 05:30:44.512203,2026-05-29 05:30:44.512203,델포유,브랜드: 델포유 카테고리: 빵/베이커리,https://shopping-phinf.pstatic.net/main_6009931/60099316115.20260519174815.jpg,1,네이버,10500,10500,델포유 델포유 오븐에 구운 십센치 파운드 5종 30개입,60099316115,식품,100,빵/베이커리
1236,2026-05-29 05:30:44.514814,2026-05-29 05:30:44.514814,필라델피아,브랜드: 필라델피아 카테고리: 빵/베이커리,https://shopping-phinf.pstatic.net/main_8543441/85434414487.8.jpg,1,앰지코리아,26900,26900,필라델피아 치즈케익 28OZ 794g 10조각 플레인,85434414487,식품,100,빵/베이커리
1237,2026-05-29 05:30:44.517227,2026-05-29 05:30:44.517227,델포유,브랜드: 델포유 카테고리: 빵/베이커리,https://shopping-phinf.pstatic.net/main_8304966/83049662761.6.jpg,1,델포유 Delforu,20400,20400,[델포유] 오븐에 구운 십센치 파운드 5종 30개,83049662761,식품,100,빵/베이커리
1238,2026-05-29 05:30:44.5197,2026-05-29 05:30:44.5197,메이드케이크,브랜드: 메이드케이크 제조사: 엠케이크 카테고리: 빵/베이커리,https://shopping-phinf.pstatic.net/main_8336895/83368959614.jpg,1,엠케이크,2900,2900,바닐라 케이크 만들기 시트 재료 미니 키트 수제 DIY 케익,83368959614,식품,100,빵/베이커리
1239,2026-05-29 05:30:44.522066,2026-05-29 05:30:44.522066,"",카테고리: 빵/베이커리,https://shopping-phinf.pstatic.net/main_5790761/57907613489.20251125185154.jpg,1,네이버,16060,16060,경성명과 수제 롤케익 파운드 스폰지 파운드 파운드 다크파운드 중 1가지,57907613489,식품,100,빵/베이커리
1240,2026-05-29 05:30:44.524684,2026-05-29 05:30:44.524684,"",제조사: 예맛떡 카테고리: 빵/베이커리,https://shopping-phinf.pstatic.net/main_8800904/88009049954.13.jpg,1,주식회사 예맛떡,59000,59000,[특별한선물] 진짜망고가득찬 폭탄생망고케이크 디저트선물(아이스 전국배송),88009049954,식품,100,빵/베이커리
1241,2026-05-29 05:30:44.52717,2026-05-29 05:30:44.52717,"",카테고리: 빵/베이커리,https://shopping-phinf.pstatic.net/main_9098238/90982389346.jpg,1,코스트코몰 by JW,23890,23890,코스트코 매일유업 상하치즈 바스크 치즈케이크 고소한 미니 치즈케익 고급디저트 선물 700g,90982389346,식품,100,빵/베이커리
1242,2026-05-29 05:30:44.530072,2026-05-29 05:30:44.530072,필라델피아,브랜드: 필라델피아 제조사: 몬델리즈 카테고리: 빵/베이커리,https://shopping-phinf.pstatic.net/main_5984767/59847674728.20260429233134.jpg,1,네이버,21160,21160,몬델리즈 필라델피아 치즈케익 케이크 플레인 1개,59847674728,식품,100,빵/베이커리
1243,2026-05-29 05:30:44.532335,2026-05-29 05:30:44.532335,"",카테고리: 빵/베이커리,https://shopping-phinf.pstatic.net/main_8929055/89290553530.jpg,1,빠네뜨리아 케이크배송,36900,36900,자식농사케이크 어버이날케익 레터링케이크 부모님 스승의날 택배 배송 미니크림치즈화이트시트,89290553530,식품,100,빵/베이커리
1244,2026-05-29 05:30:44.534832,2026-05-29 05:30:44.534832,서울식품,브랜드: 서울식품 제조사: 서울식품 카테고리: 빵/베이커리,https://shopping-phinf.pstatic.net/main_8008334/80083343168.2.jpg,1,서울식품 온라인몰,2600,2600,냉동완제품 - 케이크 시트 1호,80083343168,식품,100,빵/베이커리
1245,2026-05-29 05:30:44.538552,2026-05-29 05:30:44.538552,"",제조사: 스위트블러썸 카테고리: 빵/베이커리,https://shopping-phinf.pstatic.net/main_5948984/59489843680.20260401124822.jpg,1,네이버,18600,18600,스위트블러썸 포토케이크 ss 레터링 도시락 케이크 1개,59489843680,식품,100,빵/베이커리
1246,2026-05-29 05:30:44.541786,2026-05-29 05:30:44.541786,델포유,브랜드: 델포유 카테고리: 빵/베이커리,https://shopping-phinf.pstatic.net/main_5950791/59507919727.20260424063103.jpg,1,네이버,23620,23620,델포유 오븐에 구운 십센치 파운드 케이크 50개,59507919727,식품,100,빵/베이커리
1247,2026-05-29 05:30:44.544972,2026-05-29 05:30:44.544972,말렌카,브랜드: 말렌카 제조사: 말렌카 카테고리: 빵/베이커리,https://shopping-phinf.pstatic.net/main_3936251/39362518618.20230413141913.jpg,1,네이버,6500,6500,말렌카 꿀케이크 호두 100g,39362518618,식품,100,빵/베이커리
1248,2026-05-29 05:30:44.548183,2026-05-29 05:30:44.548183,파르팜,브랜드: 파르팜 카테고리: 빵/베이커리,https://shopping-phinf.pstatic.net/main_5981877/59818777663.20260427224222.jpg,1,네이버,29750,29750,파르팜 딸기 제리럽 치즈 케이크 15개,59818777663,식품,100,빵/베이커리
1249,2026-05-29 05:30:44.551356,2026-05-29 05:30:44.551356,끼리,브랜드: 끼리 제조사: 참조은에스에프 카테고리: 빵/베이커리,https://shopping-phinf.pstatic.net/main_5947001/59470013164.20260331113849.jpg,1,네이버,24200,24200,참조은에스에프 끼리 리얼스틱 치즈케익 플레인 + 블루베리 + 쿠키앤크림 4개,59470013164,식품,100,빵/베이커리
1251,2026-05-29 05:30:44.557775,2026-05-29 05:30:44.557775,조선호텔,브랜드: 조선호텔 카테고리: 빵/베이커리,https://shopping-phinf.pstatic.net/main_5932010/59320107358.20260319160332.jpg,1,네이버,48000,48000,조선호텔 블랙 포레스트 케이크 900g 1개,59320107358,식품,100,빵/베이커리
1252,2026-05-29 05:30:44.560862,2026-05-29 05:30:44.560862,"",카테고리: 빵/베이커리,https://shopping-phinf.pstatic.net/main_8381411/83814116787.1.jpg,1,빠네뜨리아 케이크배송,29900,29900,리얼소주케익 택배 배송 레터링케이크 수제 주문제작 케익 크림치즈 화이트시트 미니 생일선물,83814116787,식품,100,빵/베이커리
1253,2026-05-29 05:30:44.563608,2026-05-29 05:30:44.563608,"",카테고리: 빵/베이커리,https://shopping-phinf.pstatic.net/main_8279915/82799152289.2.jpg,1,아띠애 베이커리,14400,14400,레인보우 컵케이크만들기(케익키트 무지개케익),82799152289,식품,100,빵/베이커리
1255,2026-05-29 05:30:44.569232,2026-05-29 05:30:44.569232,케익팩토리,브랜드: 케익팩토리 제조사: 스위트블러썸 카테고리: 빵/베이커리,https://shopping-phinf.pstatic.net/main_8947241/89472414216.1.jpg,1,케익팩토리 딜리버리,30900,30900,생 망고 시루 미니 수제 케이크 호텔 디저트 기념일 생과일 생일 케익 전국 택배 배달,89472414216,식품,100,빵/베이커리
1256,2026-05-29 05:30:44.572142,2026-05-29 05:30:44.572142,널담,브랜드: 널담 카테고리: 빵/베이커리,https://shopping-phinf.pstatic.net/main_5977675/59776755432.20260423231428.jpg,1,네이버,16500,16500,널담 고단백 저당 비건 파운드 식사대용 케이크 5개입,59776755432,식품,100,빵/베이커리
1257,2026-05-29 05:30:44.574997,2026-05-29 05:30:44.574997,"",카테고리: 빵/베이커리,https://shopping-phinf.pstatic.net/main_8223650/82236502735.19.jpg,1,에스텔 플라워케이크,95000,95000,숫자케이크(2글자) - 앙금떡케익 생신 칠순 환갑 팔순 꽃케익 부모님선물 수제맞춤 주문제작,82236502735,식품,100,빵/베이커리
1258,2026-05-29 05:30:44.578926,2026-05-29 05:30:44.578926,이대명과,브랜드: 이대명과 제조사: 이대명과 카테고리: 빵/베이커리,https://shopping-phinf.pstatic.net/main_5980148/59801489143.20260425225523.jpg,1,네이버,35910,35910,이대명과 해운대 6호 1개,59801489143,식품,100,빵/베이커리
1259,2026-05-29 05:30:44.581497,2026-05-29 05:30:44.581497,빌리엔젤,브랜드: 빌리엔젤 제조사: 그레닉스 카테고리: 빵/베이커리,https://shopping-phinf.pstatic.net/main_4012448/40124485618.20251013152138.jpg,1,네이버,36940,36940,그레닉스 빌리엔젤 밀크 크레이프S 700g,40124485618,식품,100,빵/베이커리
1261,2026-05-29 05:30:44.587197,2026-05-29 05:30:44.587197,"",카테고리: 빵/베이커리,https://shopping-phinf.pstatic.net/main_5664109/56641095183.20260512094953.jpg,1,네이버,15500,15500,진짜 맛있는 당근 케이크 470g,56641095183,식품,100,빵/베이커리
1262,2026-05-29 05:30:44.590298,2026-05-29 05:30:44.590298,"",카테고리: 빵/베이커리,https://shopping-phinf.pstatic.net/main_5584931/55849312138.20250718182019.jpg,1,네이버,6800,6800,포토케이크 프린팅 아이싱 시트 x 원형,55849312138,식품,100,빵/베이커리
1263,2026-05-29 05:30:44.594698,2026-05-29 05:30:44.594698,"",제조사: 로얄패밀리 카테고리: 빵/베이커리,https://shopping-phinf.pstatic.net/main_5981876/59818766439.20260427223750.jpg,1,네이버,2630,2630,로얄패밀리 펑리수 파인애플 케익 1개,59818766439,식품,100,빵/베이커리
1264,2026-05-29 05:30:44.598546,2026-05-29 05:30:44.598546,장가네제과,브랜드: 장가네제과 카테고리: 빵/베이커리,https://shopping-phinf.pstatic.net/main_5949073/59490734748.20260401141739.jpg,1,네이버,3300,3300,장가네제과 수제 케이크시트 1개,59490734748,식품,100,빵/베이커리
1265,2026-05-29 05:30:44.603319,2026-05-29 05:30:44.603319,"",카테고리: 빵/베이커리,https://shopping-phinf.pstatic.net/main_9098625/90986257087.jpg,1,마블러스 치즈케이크 하우스,20000,20000,경주카페 마치 뉴욕식 치즈케이크 8종 토핑 카페디저트 간식 케익선물 답례품,90986257087,식품,100,빵/베이커리
1266,2026-05-29 05:30:44.607664,2026-05-29 05:30:44.607664,"",카테고리: 빵/베이커리,https://shopping-phinf.pstatic.net/main_8266086/82660866480.2.jpg,1,아띠애 베이커리,14400,14400,치즈 조각케이크 (카페케익 냉동케익 조각케익 프리미엄케익),82660866480,식품,100,빵/베이커리
1267,2026-05-29 05:30:44.611029,2026-05-29 05:30:44.611029,델포유,브랜드: 델포유 제조사: 태양이앤에스 카테고리: 빵/베이커리,https://shopping-phinf.pstatic.net/main_5954871/59548719751.20260406014106.jpg,1,네이버,13510,13510,태양이앤에스 델포유 오븐에 구운 십센치 파운드 5종 20개,59548719751,식품,100,빵/베이커리
1268,2026-05-29 05:30:44.614203,2026-05-29 05:30:44.614203,이대명과,브랜드: 이대명과 제조사: 이대명과 카테고리: 빵/베이커리,https://shopping-phinf.pstatic.net/main_5960738/59607388294.20260409224200.jpg,1,네이버,24480,24480,이대명과 해운대 2호 1개,59607388294,식품,100,빵/베이커리
1269,2026-05-29 05:30:44.618232,2026-05-29 05:30:44.618232,케익팩토리,브랜드: 케익팩토리 제조사: 스위트블러썸 카테고리: 빵/베이커리,https://shopping-phinf.pstatic.net/main_5996875/59968752247.20260508155911.jpg,1,네이버,23720,23720,스위트블러썸 케익팩토리 미니 카네이션 케이크 1개,59968752247,식품,100,빵/베이커리
1270,2026-05-29 05:30:44.621032,2026-05-29 05:30:44.621032,"",카테고리: 빵/베이커리,https://shopping-phinf.pstatic.net/main_5980147/59801471793.20260425224139.jpg,1,네이버,27900,27900,포토케이크 레터링케이크 블루베리 초코미니 1개,59801471793,식품,100,빵/베이커리
1271,2026-05-29 05:30:44.625359,2026-05-29 05:30:44.625359,말렌카,브랜드: 말렌카 제조사: 말렌카 카테고리: 빵/베이커리,https://shopping-phinf.pstatic.net/main_4005968/40059685618.20251013142935.jpg,1,네이버,34500,34500,말렌카 꿀케이크 호두맛 800g,40059685618,식품,100,빵/베이커리
1272,2026-05-29 05:30:44.630274,2026-05-29 05:30:44.630274,"",카테고리: 빵/베이커리,https://shopping-phinf.pstatic.net/main_3651986/36519863220.20221214155629.jpg,1,네이버,10960,10960,다인경주빵 아이스 경주빵 38g x 20,36519863220,식품,100,빵/베이커리
1273,2026-05-29 05:30:44.633106,2026-05-29 05:30:44.633106,장가네제과,브랜드: 장가네제과 카테고리: 빵/베이커리,https://shopping-phinf.pstatic.net/main_5972609/59726092067.20260419230645.jpg,1,네이버,75600,75600,장가네제과 수제 케이크시트 화이트 1개,59726092067,식품,100,빵/베이커리
1274,2026-05-29 05:30:44.637089,2026-05-29 05:30:44.637089,신세계푸드,브랜드: 신세계푸드 제조사: 신세계푸드 카테고리: 빵/베이커리,https://shopping-phinf.pstatic.net/main_5998182/59981821566.20260510003227.jpg,1,네이버,31150,31150,신세계푸드 베키아에누보 수크레 크레이프 케이크 1개,59981821566,식품,100,빵/베이커리
1275,2026-05-29 05:30:44.641423,2026-05-29 05:30:44.641423,장가네제과,브랜드: 장가네제과 카테고리: 빵/베이커리,https://shopping-phinf.pstatic.net/main_5949184/59491846521.20260401160308.jpg,1,네이버,9000,9000,장가네제과 수제 케이크시트 레인보우 1개,59491846521,식품,100,빵/베이커리
1276,2026-05-29 05:30:44.645427,2026-05-29 05:30:44.645427,"",카테고리: 빵/베이커리,https://shopping-phinf.pstatic.net/main_6013155/60131552222.20260521235212.jpg,1,네이버,17300,17300,우리쌀 무염 롤케이크 1개,60131552222,식품,100,빵/베이커리
1277,2026-05-29 05:30:44.648457,2026-05-29 05:30:44.648457,끼리,브랜드: 끼리 카테고리: 빵/베이커리,https://shopping-phinf.pstatic.net/main_4528745/45287454086.20250918140225.jpg,1,네이버,15200,15200,끼리 크림치즈 미니롤케익,45287454086,식품,100,빵/베이커리
1278,2026-05-29 05:30:44.660672,2026-05-29 05:30:44.660672,"",카테고리: 빵/베이커리,https://shopping-phinf.pstatic.net/main_8983057/89830573817.jpg,1,이너프케이크,37000,37000,쑥바스크 저당 무설탕 제로 건강한 키토 글루텐프리 케이크 치즈 생일 택배,89830573817,식품,100,빵/베이커리
1279,2026-05-29 05:30:44.671448,2026-05-29 05:30:44.671448,"",카테고리: 빵/베이커리,https://shopping-phinf.pstatic.net/main_8262558/82625588263.6.jpg,1,아띠애 베이커리,2900,2900,케이크시트 화이트 미니 (케이크만들기 케익시트 케익키트),82625588263,식품,100,빵/베이커리
1280,2026-05-29 05:30:44.675918,2026-05-29 05:30:44.675918,장가네제과,브랜드: 장가네제과 카테고리: 빵/베이커리,https://shopping-phinf.pstatic.net/main_5949153/59491537001.20260401152432.jpg,1,네이버,50000,50000,장가네제과 대형 사각 케이크시트 화이트 2개,59491537001,식품,100,빵/베이커리
1281,2026-05-29 05:30:44.679956,2026-05-29 05:30:44.679956,"",카테고리: 빵/베이커리,https://shopping-phinf.pstatic.net/main_8330261/83302613713.7.jpg,1,프라우송,33000,33000,프라우송 frausong 베를리너 달콤한 치즈 생일 기념일 답례품 생신 케이크 선물 택배,83302613713,식품,100,빵/베이커리
1282,2026-05-29 05:30:44.683314,2026-05-29 05:30:44.683314,무화당,브랜드: 무화당 제조사: 세동 카테고리: 빵/베이커리,https://shopping-phinf.pstatic.net/main_3167245/31672458769.20260109163030.jpg,1,네이버,29750,29750,세동 무화당 당근 케이크 500g,31672458769,식품,100,빵/베이커리
1283,2026-05-29 05:30:44.686803,2026-05-29 05:30:44.686803,"",제조사: 롯데웰푸드 카테고리: 빵/베이커리,https://shopping-phinf.pstatic.net/main_6000381/60003815048.20260512002004.jpg,1,네이버,13500,13500,롯데웰푸드 위즐 베리치즈케익 3개,60003815048,식품,100,빵/베이커리
1284,2026-05-29 05:30:44.690206,2026-05-29 05:30:44.690206,빌리엔젤,브랜드: 빌리엔젤 제조사: 그레닉스 카테고리: 빵/베이커리,https://shopping-phinf.pstatic.net/main_8529429/85294293153.18.jpg,1,빌리엔젤 공식 스토어,39000,39000,빌리엔젤 딸기 크레이프 케이크 610g,85294293153,식품,100,빵/베이커리
1285,2026-05-29 05:30:44.69358,2026-05-29 05:30:44.69358,"",카테고리: 빵/베이커리,https://shopping-phinf.pstatic.net/main_5949223/59492237417.20260401164235.jpg,1,네이버,39900,39900,진짜망고가득 생망고 폭탄케이크 1개,59492237417,식품,100,빵/베이커리
1286,2026-05-29 05:30:44.696903,2026-05-29 05:30:44.696903,델포유,브랜드: 델포유 카테고리: 빵/베이커리,https://shopping-phinf.pstatic.net/main_5906907/59069077798.20260226220753.jpg,1,네이버,19460,19460,델포유 델포유 오븐에 구운 십센치파운드 30개,59069077798,식품,100,빵/베이커리
1287,2026-05-29 05:30:44.699849,2026-05-29 05:30:44.699849,김영모과자점,브랜드: 김영모과자점 카테고리: 빵/베이커리,https://shopping-phinf.pstatic.net/main_9071093/90710937176.1.jpg,1,김영모봄봄,32800,32800,[김영모 과자점 봄봄] 밀푀유 모카롤,90710937176,식품,100,빵/베이커리
1288,2026-05-29 05:30:44.702681,2026-05-29 05:30:44.702681,푸르젠,브랜드: 푸르젠 카테고리: 빵/베이커리,https://shopping-phinf.pstatic.net/main_3789397/37893972063.20230212050735.jpg,1,네이버,7860,7860,푸르젠 HACCP인증 포근한 크림치즈 파운드케이크 38g12봉,37893972063,식품,100,빵/베이커리
1289,2026-05-29 05:30:44.705254,2026-05-29 05:30:44.705254,케익팩토리,브랜드: 케익팩토리 제조사: 스위트블러썸 카테고리: 빵/베이커리,https://shopping-phinf.pstatic.net/main_5949143/59491430978.20260401151612.jpg,1,네이버,49500,49500,스위트블러썸 케익팩토리 통멜론 생과일 케이크 1개,59491430978,식품,100,빵/베이커리
1290,2026-05-29 05:30:44.707787,2026-05-29 05:30:44.707787,"",제조사: 스타벅스 카테고리: 빵/베이커리,https://shopping-phinf.pstatic.net/main_5984768/59847688816.20260429234328.jpg,1,네이버,19900,19900,스타벅스 티라미수 롤케이크 1개,59847688816,식품,100,빵/베이커리
1291,2026-05-29 05:30:44.710296,2026-05-29 05:30:44.710296,"",제조사: ASHLEY 카테고리: 빵/베이커리,https://shopping-phinf.pstatic.net/main_5949153/59491530832.20260401152230.jpg,1,네이버,15900,15900,ASHLEY 애슐리 뉴욕 치즈 케이크 홀케익 1개,59491530832,식품,100,빵/베이커리
1292,2026-05-29 05:30:44.713213,2026-05-29 05:30:44.713213,키토라푸드,브랜드: 키토라푸드 카테고리: 빵/베이커리,https://shopping-phinf.pstatic.net/main_8535792/85357924313.1.jpg,1,키토라푸드,4900,4900,저당 케이크 미니케이크 쿠키앤크림 오레오케이크 무설탕 디저트 80g,85357924313,식품,100,빵/베이커리
1293,2026-05-29 05:30:44.715607,2026-05-29 05:30:44.715607,"",카테고리: 빵/베이커리,https://shopping-phinf.pstatic.net/main_5968249/59682491317.20260416040409.jpg,1,네이버,12490,12490,경성명과 수제 롤 1개,59682491317,식품,100,빵/베이커리
1294,2026-05-29 05:30:44.71896,2026-05-29 05:30:44.71896,케익팩토리,브랜드: 케익팩토리 제조사: 스위트블러썸 카테고리: 빵/베이커리,https://shopping-phinf.pstatic.net/main_8613004/86130046096.jpg,1,케익팩토리 딜리버리,35500,35500,화이트카네이션 레터링 주문제작 어버이날 스승의날 부모님 선물 전국 택배 배달 맞춤 케이크,86130046096,식품,100,빵/베이커리
1295,2026-05-29 05:30:44.721504,2026-05-29 05:30:44.721504,삼립,브랜드: 삼립 카테고리: 빵/베이커리,https://shopping-phinf.pstatic.net/main_3568282/35682826559.20221107054019.jpg,1,네이버,8240,8240,삼립 오븐에 구운 도넛 20봉,35682826559,식품,100,빵/베이커리
1296,2026-05-29 05:30:44.723671,2026-05-29 05:30:44.723671,이대명과,브랜드: 이대명과 제조사: 이대명과 카테고리: 빵/베이커리,https://shopping-phinf.pstatic.net/main_5948999/59489998639.20260401125835.jpg,1,네이버,48960,48960,이대명과 스윗 광안리 1개,59489998639,식품,100,빵/베이커리
1297,2026-05-29 05:30:44.726017,2026-05-29 05:30:44.726017,베키아에누보,브랜드: 베키아에누보 카테고리: 빵/베이커리,https://shopping-phinf.pstatic.net/main_3063428/30634289205.20250123104943.jpg,1,네이버,17710,17710,베키아에누보 레어 프로마쥬 케이크 380g,30634289205,식품,100,빵/베이커리
1298,2026-05-29 05:30:44.728094,2026-05-29 05:30:44.728094,PEACOCK,브랜드: PEACOCK 카테고리: 빵/베이커리,https://shopping-phinf.pstatic.net/main_6010113/60101131048.20260519203449.jpg,1,네이버,19530,19530,PEACOCK 치즈케익 780g,60101131048,식품,100,빵/베이커리
1299,2026-05-29 05:30:44.730245,2026-05-29 05:30:44.730245,장가네제과,브랜드: 장가네제과 카테고리: 빵/베이커리,https://shopping-phinf.pstatic.net/main_8799157/87991575457.4.jpg,1,장가네제과,20000,20000,레인보우 케이크만들기 KIT 2호 생일케이크만들기 무지개케이크,87991575457,식품,100,빵/베이커리
1300,2026-05-29 05:30:44.733213,2026-05-29 05:30:44.733213,노브랜드,브랜드: 노브랜드 카테고리: 빵/베이커리,https://shopping-phinf.pstatic.net/main_6003116/60031165664.20260513234042.jpg,1,네이버,3460,3460,노브랜드 치즈케이크 1개,60031165664,식품,100,빵/베이커리
1301,2026-05-29 05:30:45.137613,2026-05-29 05:30:45.137613,"",카테고리: 스낵/과자,https://shopping-phinf.pstatic.net/main_1190053/11900530298.9.jpg,1,답례품전문호두과자,3490,3490,호두과자 답례품 결혼식 결혼 앙버터 천안,11900530298,식품,100,스낵/과자
1302,2026-05-29 05:30:45.142141,2026-05-29 05:30:45.142141,오리온,브랜드: 오리온 제조사: 오리온 카테고리: 스낵/과자,https://shopping-phinf.pstatic.net/main_8302120/83021209130.5.jpg,1,과자몰,46700,46700,[E-12P] 사무실간식 과자박스 12종 단체간식 회사 탕비실,83021209130,식품,100,스낵/과자
1303,2026-05-29 05:30:45.146186,2026-05-29 05:30:45.146186,오리온,브랜드: 오리온 제조사: 오리온 카테고리: 스낵/과자,https://shopping-phinf.pstatic.net/main_1285849/12858498058.10.jpg,1,과자몰,64900,64900,[A-30P] 사무실 간식세트 30종 단체선물 탕비실 간식꾸러미 대용량 과자박스,12858498058,식품,100,스낵/과자
1304,2026-05-29 05:30:45.149418,2026-05-29 05:30:45.149418,"",제조사: 라이스파이 카테고리: 스낵/과자,https://shopping-phinf.pstatic.net/main_5796476/57964763094.20251130092107.jpg,1,네이버,2670,2670,"라이스파이 찹쌀 누룽지 스위트 288g, 1개",57964763094,식품,100,스낵/과자
1305,2026-05-29 05:30:45.15229,2026-05-29 05:30:45.15229,"",카테고리: 스낵/과자,https://shopping-phinf.pstatic.net/main_8768036/87680366460.4.jpg,1,랄라스위트,2900,2900,수제 쿠키답례품 결혼식 결혼 디저트 시보 퇴사 답례 선물 쿠앤크 세트 사각형 엽서형 A,87680366460,식품,100,스낵/과자
1306,2026-05-29 05:30:45.155053,2026-05-29 05:30:45.155053,스내픽,브랜드: 스내픽 카테고리: 스낵/과자,https://shopping-phinf.pstatic.net/main_5847484/58474847323.20260112105510.jpg,1,네이버,8850,8850,"스내픽 블랙 트러플 하몽 크래커, 1.16kg, 1개",58474847323,식품,100,스낵/과자
1307,2026-05-29 05:30:45.158108,2026-05-29 05:30:45.158108,"",카테고리: 스낵/과자,https://shopping-phinf.pstatic.net/main_8824284/88242847934.18.jpg,1,온설답례,3400,3400,수제쿠키 답례품 결혼식 답례 결혼 디저트 구움과자 선물 휘낭시에 호두정과세트,88242847934,식품,100,스낵/과자
1308,2026-05-29 05:30:45.16042,2026-05-29 05:30:45.16042,"",카테고리: 스낵/과자,https://shopping-phinf.pstatic.net/main_9002334/90023347894.16.jpg,1,르-모르,2900,2900,르모르 답례품 수제 쿠키 사브레 결혼 결혼식 웨딩 돌잔치 회사 개업 간식 프리미엄 선물세트,90023347894,식품,100,스낵/과자
1309,2026-05-29 05:30:45.162817,2026-05-29 05:30:45.162817,오리온,브랜드: 오리온 제조사: 오리온 카테고리: 스낵/과자,https://shopping-phinf.pstatic.net/main_8730937/87309375781.2.jpg,1,과자몰,89900,89900,사무실간식 과자세트 쿠키세트 탕비실 초코과자 대용량 20종 [VIP-01],87309375781,식품,100,스낵/과자
1310,2026-05-29 05:30:45.165166,2026-05-29 05:30:45.165166,원사부,브랜드: 원사부 카테고리: 스낵/과자,https://shopping-phinf.pstatic.net/main_8244284/82442846442.12.jpg,1,원사부쿠키,3700,3700,수제 쿠키 답례품 결혼식 결혼 돌잔치 답례 퇴사 선물세트 디저트 원사부 5종,82442846442,식품,100,스낵/과자
1311,2026-05-29 05:30:45.167442,2026-05-29 05:30:45.167442,셰프펌킨,브랜드: 셰프펌킨 카테고리: 스낵/과자,https://shopping-phinf.pstatic.net/main_8450937/84509371091.24.jpg,1,셰프펌킨,4600,4600,수제 쿠키 결혼식 답례품 퇴사 결혼 답례 디저트 휘낭시에 구움과자 3종 쿠키선물세트,84509371091,식품,100,스낵/과자
1312,2026-05-29 05:30:45.171631,2026-05-29 05:30:45.171631,"",카테고리: 스낵/과자,https://shopping-phinf.pstatic.net/main_8952861/89528610426.4.jpg,1,모아림 답례,2900,2900,쿠키 답례품 결혼식 디저트 간식 승진 답례 사브레 쿠키 세트 단체선물,89528610426,식품,100,스낵/과자
1313,2026-05-29 05:30:45.174997,2026-05-29 05:30:45.174997,밀라노다방,브랜드: 밀라노다방 카테고리: 스낵/과자,https://shopping-phinf.pstatic.net/main_1344484/13444849354.10.jpg,1,밀라노다방,4600,4600,수제쿠키 답례품 결혼 결혼식 퇴사 시보 선물 세트 디저트 답례쿠키 선택안함,13444849354,식품,100,스낵/과자
1314,2026-05-29 05:30:45.177943,2026-05-29 05:30:45.177943,"",카테고리: 스낵/과자,https://shopping-phinf.pstatic.net/main_8041780/80417802586.29.jpg,1,멜리사쿠키,2990,2990,수제 쿠키 답례품 결혼 답례 쿠키 결혼식 퇴사 시보 선물 세트 디저트 3개,80417802586,식품,100,스낵/과자
1315,2026-05-29 05:30:45.180784,2026-05-29 05:30:45.180784,밀라노다방,브랜드: 밀라노다방 카테고리: 스낵/과자,https://shopping-phinf.pstatic.net/main_1344484/13444849321.2.jpg,1,밀라노다방,8700,8700,수제쿠키 답례품 결혼 결혼식 퇴사 시보 선물 세트 디저트 답례쿠키6 커피2 선택안함,13444849321,식품,100,스낵/과자
1316,2026-05-29 05:30:45.184601,2026-05-29 05:30:45.184601,롯데,브랜드: 롯데 제조사: 롯데웰푸드 카테고리: 스낵/과자,https://shopping-phinf.pstatic.net/main_6020321/60203218239.20260527100319.jpg,1,네이버,7350,7350,"롯데웰푸드 롯데 마가렛트 호두과자맛, 176g, 2개",60203218239,식품,100,스낵/과자
1317,2026-05-29 05:30:45.188788,2026-05-29 05:30:45.188788,"",카테고리: 스낵/과자,https://shopping-phinf.pstatic.net/main_9022395/90223952463.jpg,1,바답,3400,3400,수제쿠키 답례품 결혼식 답례 간식 디저트 구움과자 결혼선물 휘낭시에 호두정과세트,90223952463,식품,100,스낵/과자
1318,2026-05-29 05:30:45.193311,2026-05-29 05:30:45.193311,"",카테고리: 스낵/과자,https://shopping-phinf.pstatic.net/main_8795012/87950126260.1.jpg,1,랄라스위트,4400,4400,수제 쿠키 답례품 선물 답례 디저트 간식 쿠앤크 더치커피 세트 엽서형 A,87950126260,식품,100,스낵/과자
1319,2026-05-29 05:30:45.196475,2026-05-29 05:30:45.196475,스내픽,브랜드: 스내픽 카테고리: 스낵/과자,https://shopping-phinf.pstatic.net/main_8972127/89721274856.2.jpg,1,조아나라,14890,14890,"Snapik 블랙 트러플 하몽크래커 코스트코 비스킷 트러플향, 1.16kg, 1개",89721274856,식품,100,스낵/과자
1320,2026-05-29 05:30:45.201023,2026-05-29 05:30:45.201023,스내픽,브랜드: 스내픽 카테고리: 스낵/과자,https://shopping-phinf.pstatic.net/main_8988495/89884956654.jpg,1,코스트코할인해주는남자,15000,15000,코스트코 트러플 하몽 크래커 블랙 트러플 1.16KG 29G X 40개,89884956654,식품,100,스낵/과자
1321,2026-05-29 05:30:45.204123,2026-05-29 05:30:45.204123,"",카테고리: 스낵/과자,https://shopping-phinf.pstatic.net/main_8840464/88404647720.3.jpg,1,블루클로버 답례품,2300,2300,단체간식 선물 회사 개별소포장 교회 학생 학원 학교 과자 세트 간식 꾸러미 봉투패키지,88404647720,식품,100,스낵/과자
1322,2026-05-29 05:30:45.207009,2026-05-29 05:30:45.207009,"",카테고리: 스낵/과자,https://shopping-phinf.pstatic.net/main_8953411/89534116817.1.jpg,1,정담은 답례품,2900,2900,수제쿠키 답례품 결혼식 결혼 시보 답례 디저트 선물 시그니처,89534116817,식품,100,스낵/과자
1323,2026-05-29 05:30:45.211518,2026-05-29 05:30:45.211518,오리온,브랜드: 오리온 제조사: 오리온 카테고리: 스낵/과자,https://shopping-phinf.pstatic.net/main_5923519/59235194047.20260521102942.jpg,1,네이버,27900,27900,"오리온 촉촉한 황치즈칩, 320g, 1개",59235194047,식품,100,스낵/과자
1324,2026-05-29 05:30:45.215944,2026-05-29 05:30:45.215944,라아부엘라니에베스,브랜드: 라아부엘라니에베스 카테고리: 스낵/과자,https://shopping-phinf.pstatic.net/main_5948942/59489429458.20260401122702.jpg,1,네이버,22940,22940,"라아부엘라니에베스 포테토칩 150g 150g, 6개",59489429458,식품,100,스낵/과자
1325,2026-05-29 05:30:45.218669,2026-05-29 05:30:45.218669,"",카테고리: 스낵/과자,https://shopping-phinf.pstatic.net/main_6020575/60205756804.20260527161522.jpg,1,네이버,13480,13480,"대국민 고구마스틱, 800g, 1개",60205756804,식품,100,스낵/과자
1326,2026-05-29 05:30:45.221494,2026-05-29 05:30:45.221494,"",카테고리: 스낵/과자,https://shopping-phinf.pstatic.net/main_9036508/90365088960.4.jpg,1,봉동당,3090,3090,[봉동당] 두바이 쫀득쿠키 두쫀쿠 두쫀볼 두바이 쫀득볼 화이트데이 선물 남친 여친,90365088960,식품,100,스낵/과자
1327,2026-05-29 05:30:45.224338,2026-05-29 05:30:45.224338,메고지고,브랜드: 메고지고 제조사: UNKNOWN 카테고리: 스낵/과자,https://shopping-phinf.pstatic.net/main_9048484/90484846796.jpg,1,감성먹투어,15000,15000,"찹쌀 누룽지팝 스낵 라이스팝 쌀과자 개별포장간식 반반 (스위트+무가당), 288g, 4개",90484846796,식품,100,스낵/과자
1328,2026-05-29 05:30:45.227018,2026-05-29 05:30:45.227018,"",카테고리: 스낵/과자,https://shopping-phinf.pstatic.net/main_9077278/90772784067.4.jpg,1,간식의 민족,27900,27900,사무실 탕비실 회사 교회 학원 과자 대용량 선물 세트 간식 꾸러미 박스 A-1호,90772784067,식품,100,스낵/과자
1329,2026-05-29 05:30:45.229649,2026-05-29 05:30:45.229649,"",카테고리: 스낵/과자,https://shopping-phinf.pstatic.net/main_9031989/90319891458.jpg,1,도윤몰,2670,2670,"찹쌀 누룽지팝스낵 POP RICE 스위트, 288g, 1개",90319891458,식품,100,스낵/과자
1330,2026-05-29 05:30:45.233038,2026-05-29 05:30:45.233038,"",카테고리: 스낵/과자,https://shopping-phinf.pstatic.net/main_5961988/59619887549.20260410172854.jpg,1,네이버,5900,5900,"그 멈출 수 없는 고구마칩의 반란 350g, 1개",59619887549,식품,100,스낵/과자
1331,2026-05-29 05:30:45.236107,2026-05-29 05:30:45.236107,"",카테고리: 스낵/과자,https://shopping-phinf.pstatic.net/main_8659195/86591956199.10.jpg,1,제이 쿠키,6900,6900,쿠키답례품 수제 결혼식 돌잔치 조문 답례품 행사 선물 음료쿠키세트 1호 콜드브루,86591956199,식품,100,스낵/과자
1332,2026-05-29 05:30:45.240195,2026-05-29 05:30:45.240195,"",카테고리: 스낵/과자,https://shopping-phinf.pstatic.net/main_9018876/90188768373.6.jpg,1,리프레시먼츠코리아,19900,19900,과자선물세트 회사 사무실 교회 학원 과자 선물 세트 간식 꾸러미 탕비실,90188768373,식품,100,스낵/과자
1333,2026-05-29 05:30:45.243369,2026-05-29 05:30:45.243369,해태제과,브랜드: 해태제과 제조사: 해태제과 카테고리: 스낵/과자,https://shopping-phinf.pstatic.net/main_6021658/60216587524.20260528144636.jpg,1,네이버,11550,11550,"해태제과 오예스 콜드브루 30g, 12개입, 2개",60216587524,식품,100,스낵/과자
1334,2026-05-29 05:30:45.246363,2026-05-29 05:30:45.246363,"",카테고리: 스낵/과자,https://shopping-phinf.pstatic.net/main_9074811/90748116857.23.jpg,1,댄앤피츠,3900,3900,두바이쫀득쿠키 두쫀쿠 선물세트 50g 빅사이즈 선물용 굳지 않는 마시멜로우 댄앤피츠,90748116857,식품,100,스낵/과자
1335,2026-05-29 05:30:45.249577,2026-05-29 05:30:45.249577,오리온,브랜드: 오리온 카테고리: 스낵/과자,https://shopping-phinf.pstatic.net/main_5958731/59587315501.20260408135637.jpg,1,네이버,1190,1190,"오리온 다이제 오리지널, 194g, 1개",59587315501,식품,100,스낵/과자
1336,2026-05-29 05:30:45.25213,2026-05-29 05:30:45.25213,"",카테고리: 스낵/과자,https://shopping-phinf.pstatic.net/main_5872110/58721106729.20260130110406.jpg,1,네이버,10900,10900,"아보카도오일 고구마칩 454g, 1개",58721106729,식품,100,스낵/과자
1337,2026-05-29 05:30:45.254516,2026-05-29 05:30:45.254516,우량각시,브랜드: 우량각시 카테고리: 스낵/과자,https://shopping-phinf.pstatic.net/main_8794943/87949433935.9.jpg,1,우량각시,28200,28200,페스츄리오징어 1kg 버터구이 마른안주 바베큐오징어,87949433935,식품,100,스낵/과자
1338,2026-05-29 05:30:45.257258,2026-05-29 05:30:45.257258,"",카테고리: 스낵/과자,https://shopping-phinf.pstatic.net/main_8843828/88438287812.2.jpg,1,모아림 답례,2900,2900,쿠키답례품 결혼식 간식 수제 디저트 시보 승진 퇴사 A세트,88438287812,식품,100,스낵/과자
1339,2026-05-29 05:30:45.2605,2026-05-29 05:30:45.2605,닥터유,브랜드: 닥터유 제조사: 오리온 카테고리: 스낵/과자,https://shopping-phinf.pstatic.net/main_8324154/83241549453.3.jpg,1,유찌상가,800,800,오리온 닥터유 에너지바40g 외 10종 다이어트 식사대용 프로틴바,83241549453,식품,100,스낵/과자
1340,2026-05-29 05:30:45.263465,2026-05-29 05:30:45.263465,농심,브랜드: 농심 제조사: 농심 카테고리: 스낵/과자,https://shopping-phinf.pstatic.net/main_8921302/89213025146.jpg,1,농심 브랜드스토어,21450,21450,"농심 누룽지팝 142g, 8개",89213025146,식품,100,스낵/과자
1341,2026-05-29 05:30:45.268055,2026-05-29 05:30:45.268055,농심,브랜드: 농심 카테고리: 스낵/과자,https://shopping-phinf.pstatic.net/main_5666765/56667651703.20250910142637.jpg,1,네이버,1800,1800,"농심 누룽지팝 142g, 1개",56667651703,식품,100,스낵/과자
1342,2026-05-29 05:30:45.272853,2026-05-29 05:30:45.272853,오리온,브랜드: 오리온 카테고리: 스낵/과자,https://shopping-phinf.pstatic.net/main_5960317/59603171585.20260409165634.jpg,1,네이버,5180,5180,"오리온 마켓오 브라우니 체다 까망베르 맛 240g, 12개입, 1개",59603171585,식품,100,스낵/과자
1343,2026-05-29 05:30:45.275683,2026-05-29 05:30:45.275683,초코파이정,브랜드: 초코파이정 제조사: 오리온 카테고리: 스낵/과자,https://shopping-phinf.pstatic.net/main_8235260/82352601234.16.jpg,1,과자몰,9980,9980,과자 오리온 초코파이 468g+해태 오예스 360g 크림파이,82352601234,식품,100,스낵/과자
1344,2026-05-29 05:30:45.279562,2026-05-29 05:30:45.279562,"",제조사: 쿠키굽는발레리나 카테고리: 스낵/과자,https://shopping-phinf.pstatic.net/main_1227816/12278161280.76.jpg,1,쿠키굽는 발레리나,3990,3990,호두파이 마들렌 결혼 웨딩 답례품 수제쿠키 조문 시보해제 승진 감사선물 결혼식,12278161280,식품,100,스낵/과자
1345,2026-05-29 05:30:45.282741,2026-05-29 05:30:45.282741,"",카테고리: 스낵/과자,https://shopping-phinf.pstatic.net/main_8926740/89267405029.2.jpg,1,몬트쿠키,15900,15900,원조 두바이쫀득쿠키 두쫀쿠 쫀득볼 2세대 초콜릿,89267405029,식품,100,스낵/과자
1346,2026-05-29 05:30:45.28526,2026-05-29 05:30:45.28526,딜라이틴,브랜드: 딜라이틴 카테고리: 스낵/과자,https://shopping-phinf.pstatic.net/main_9021327/90213279502.13.jpg,1,딜라이틴,31570,31570,[혼합] 딜라이틴 단백질 쿠키,90213279502,식품,100,스낵/과자
1347,2026-05-29 05:30:45.287938,2026-05-29 05:30:45.287938,켈로그,브랜드: 켈로그 제조사: 켈로그 카테고리: 스낵/과자,https://shopping-phinf.pstatic.net/main_5700217/57002179705.20250930153858.jpg,1,네이버,3510,3510,"켈로그 오곡으로 만든 첵스초코 , 340g, 1개",57002179705,식품,100,스낵/과자
1348,2026-05-29 05:30:45.290481,2026-05-29 05:30:45.290481,"",카테고리: 스낵/과자,https://shopping-phinf.pstatic.net/main_5964343/59643437589.20260413100848.jpg,1,네이버,12680,12680,"바삭하고, 300g, 1개",59643437589,식품,100,스낵/과자
1349,2026-05-29 05:30:45.293052,2026-05-29 05:30:45.293052,정담은,브랜드: 정담은 카테고리: 스낵/과자,https://shopping-phinf.pstatic.net/main_8984500/89845009274.jpg,1,정담은 답례품,4400,4400,수제 쿠키 답례품 결혼식 결혼 간식 디저트 시그니처 더치 답례,89845009274,식품,100,스낵/과자
1350,2026-05-29 05:30:45.295582,2026-05-29 05:30:45.295582,모던구루,브랜드: 모던구루 제조사: 모던구루 카테고리: 스낵/과자,https://shopping-phinf.pstatic.net/main_8363687/83636875216.6.jpg,1,모던구루,22800,22800,모던구루 내맘대로 대용량 수제 그래놀라 580g 크런치카카오 프로틴 초코 시리얼,83636875216,식품,100,스낵/과자
1351,2026-05-29 05:30:45.299909,2026-05-29 05:30:45.299909,오리온,브랜드: 오리온 제조사: 오리온 카테고리: 스낵/과자,https://shopping-phinf.pstatic.net/main_5335213/53352134704.20250304162640.jpg,1,네이버,15800,15800,"오리온 초코파이 정 39g, 30개입, 2개",53352134704,식품,100,스낵/과자
1352,2026-05-29 05:30:45.302221,2026-05-29 05:30:45.302221,한양식품,브랜드: 한양식품 제조사: 한양식품 카테고리: 스낵/과자,https://shopping-phinf.pstatic.net/main_5921721/59217213486.20260311150821.jpg,1,네이버,34700,34700,한양식품 꽃보다 오징어 오리지날 230g 2개,59217213486,식품,100,스낵/과자
1353,2026-05-29 05:30:45.307295,2026-05-29 05:30:45.307295,오리온,브랜드: 오리온 제조사: 오리온 카테고리: 스낵/과자,https://shopping-phinf.pstatic.net/main_5954844/59548446387.20260406004452.jpg,1,네이버,1700,1700,"오리온 비쵸비 125g, 1개",59548446387,식품,100,스낵/과자
1354,2026-05-29 05:30:45.310017,2026-05-29 05:30:45.310017,"",제조사: 한양식품 카테고리: 스낵/과자,https://shopping-phinf.pstatic.net/main_5980148/59801483248.20260425225100.jpg,1,네이버,26420,26420,한양식품 꽃보다오징어 슬라이스 2개,59801483248,식품,100,스낵/과자
1355,2026-05-29 05:30:45.312266,2026-05-29 05:30:45.312266,"",카테고리: 스낵/과자,https://shopping-phinf.pstatic.net/main_5581540/55815400615.20250716145157.jpg,1,네이버,10420,10420,"명가 꽈배기 참깨, 500g, 2개",55815400615,식품,100,스낵/과자
1356,2026-05-29 05:30:45.314802,2026-05-29 05:30:45.314802,세아연,브랜드: 세아연 카테고리: 스낵/과자,https://shopping-phinf.pstatic.net/main_5869995/58699952094.20260128192528.jpg,1,네이버,23800,23800,"세아연 봉동시앙편강 생강칩 1kg, 1개",58699952094,식품,100,스낵/과자
1357,2026-05-29 05:30:45.317154,2026-05-29 05:30:45.317154,"",카테고리: 스낵/과자,https://shopping-phinf.pstatic.net/main_9037288/90372880272.1.jpg,1,바답,2900,2900,수제 쿠키 답례품 간식 디저트 결혼식 시보답례 선물세트 A,90372880272,식품,100,스낵/과자
1358,2026-05-29 05:30:45.319309,2026-05-29 05:30:45.319309,"",카테고리: 스낵/과자,https://shopping-phinf.pstatic.net/main_5923399/59233994130.20260312160819.jpg,1,네이버,15250,15250,"양파를 품은 메밀칩 160g, 160g, 8개",59233994130,식품,100,스낵/과자
1359,2026-05-29 05:30:45.323246,2026-05-29 05:30:45.323246,제니베이커리,브랜드: 제니베이커리 제조사: 제니베이커리 카테고리: 스낵/과자,https://shopping-phinf.pstatic.net/main_5548472/55484724603.20250625155908.jpg,1,네이버,24470,24470,"제니베이커리 2믹스 쿠키S 320g, 1개",55484724603,식품,100,스낵/과자
1360,2026-05-29 05:30:45.325787,2026-05-29 05:30:45.325787,롯데,브랜드: 롯데 제조사: 삼진식품 카테고리: 스낵/과자,https://shopping-phinf.pstatic.net/main_5918966/59189668176.20260309093416.jpg,1,네이버,13950,13950,"삼진식품 롯데 명가 찰떡파이 두바이ST 피스타치오맛 30g, 10개입, 2개",59189668176,식품,100,스낵/과자
1361,2026-05-29 05:30:45.327971,2026-05-29 05:30:45.327971,롯데,브랜드: 롯데 제조사: 롯데웰푸드 카테고리: 스낵/과자,https://shopping-phinf.pstatic.net/main_5626313/56263131508.20250814170835.jpg,1,네이버,7200,7200,"롯데웰푸드 롯데 마가렛트 오리지널 , 660g, 1개",56263131508,식품,100,스낵/과자
1362,2026-05-29 05:30:45.330685,2026-05-29 05:30:45.330685,"",카테고리: 스낵/과자,https://shopping-phinf.pstatic.net/main_9052852/90528520012.1.jpg,1,나음이네,1850,1850,미니 데이지 간식 꾸러미 단체 탕비실 교회 학교 학원 간식추천,90528520012,식품,100,스낵/과자
1363,2026-05-29 05:30:45.334987,2026-05-29 05:30:45.334987,오리온,브랜드: 오리온 제조사: 오리온 카테고리: 스낵/과자,https://shopping-phinf.pstatic.net/main_5962011/59620117197.20260410175513.jpg,1,네이버,10970,10970,"오리온 카스타드 23g, 48개입, 1개",59620117197,식품,100,스낵/과자
1364,2026-05-29 05:30:45.338233,2026-05-29 05:30:45.338233,오리온,브랜드: 오리온 카테고리: 스낵/과자,https://shopping-phinf.pstatic.net/main_5961870/59618706100.20260410150357.jpg,1,네이버,1840,1840,"오리온 다이제 초코, 225g, 1개",59618706100,식품,100,스낵/과자
1365,2026-05-29 05:30:45.341386,2026-05-29 05:30:45.341386,오레오오즈,브랜드: 오레오오즈 제조사: 동서식품 카테고리: 스낵/과자,https://shopping-phinf.pstatic.net/main_5670762/56707625605.20250912153632.jpg,1,네이버,5980,5980,"동서식품 오레오오즈 오레오 오즈, 500g, 1개",56707625605,식품,100,스낵/과자
1366,2026-05-29 05:30:45.344394,2026-05-29 05:30:45.344394,포스트,브랜드: 포스트 제조사: 동서식품 카테고리: 스낵/과자,https://shopping-phinf.pstatic.net/main_5233741/52337415634.20250107102656.jpg,1,네이버,11780,11780,"동서식품 포스트 그래놀라 크랜베리 아몬드 570g, 3개",52337415634,식품,100,스낵/과자
1367,2026-05-29 05:30:45.34775,2026-05-29 05:30:45.34775,위트빅스,브랜드: 위트빅스 카테고리: 스낵/과자,https://shopping-phinf.pstatic.net/main_5982917/59829172994.20260428160134.jpg,1,네이버,13900,13900,"위트빅스 오리지널 시리얼, 375g, 3개",59829172994,식품,100,스낵/과자
1368,2026-05-29 05:30:45.350583,2026-05-29 05:30:45.350583,켈로그,브랜드: 켈로그 제조사: 켈로그 카테고리: 스낵/과자,https://shopping-phinf.pstatic.net/main_5675299/56752992189.20250916122338.jpg,1,네이버,9500,9500,"켈로그 후루트링 1.2kg, 1개",56752992189,식품,100,스낵/과자
1369,2026-05-29 05:30:45.353394,2026-05-29 05:30:45.353394,오리온,브랜드: 오리온 제조사: 오리온 카테고리: 스낵/과자,https://shopping-phinf.pstatic.net/main_5335255/53352554700.20250304165000.jpg,1,네이버,3800,3800,"오리온 후레쉬베리 28g , 12개입, 1개",53352554700,식품,100,스낵/과자
1370,2026-05-29 05:30:45.35617,2026-05-29 05:30:45.35617,프링글스,브랜드: 프링글스 제조사: 켈로그 카테고리: 스낵/과자,https://shopping-phinf.pstatic.net/main_5321176/53211766055.20250225161332.jpg,1,네이버,18950,18950,"켈로그 프링글스 오리지널 , 110g, 12개",53211766055,식품,100,스낵/과자
1371,2026-05-29 05:30:45.358633,2026-05-29 05:30:45.358633,새우깡,브랜드: 새우깡 제조사: 농심 카테고리: 스낵/과자,https://shopping-phinf.pstatic.net/main_5324861/53248612781.20250227150530.jpg,1,네이버,15140,15140,"농심 새우깡 오리지널 , 120g, 8개",53248612781,식품,100,스낵/과자
1372,2026-05-29 05:30:45.360891,2026-05-29 05:30:45.360891,오리온,브랜드: 오리온 제조사: 오리온 카테고리: 스낵/과자,https://shopping-phinf.pstatic.net/main_5314288/53142881768.20250221095737.jpg,1,네이버,850,850,"오리온 닥터유 단백질바 50g, 1개입, 1개",53142881768,식품,100,스낵/과자
1373,2026-05-29 05:30:45.362969,2026-05-29 05:30:45.362969,김규흔한과,브랜드: 김규흔한과 제조사: 신궁전통한과 카테고리: 스낵/과자,https://shopping-phinf.pstatic.net/main_5931916/59319160884.20260319141856.jpg,1,네이버,18610,18610,"신궁전통한과 김규흔한과 하루한끼 영양바 25g, 40개입, 1개",59319160884,식품,100,스낵/과자
1374,2026-05-29 05:30:45.36512,2026-05-29 05:30:45.36512,한양식품,브랜드: 한양식품 제조사: 한양식품 카테고리: 스낵/과자,https://shopping-phinf.pstatic.net/main_5931834/59318342340.20260319121517.jpg,1,네이버,1330,1330,한양식품 오징어 숏다리 20g 1개,59318342340,식품,100,스낵/과자
1375,2026-05-29 05:30:45.367242,2026-05-29 05:30:45.367242,CJ,브랜드: CJ 제조사: CJ 카테고리: 스낵/과자,https://shopping-phinf.pstatic.net/main_5949156/59491563406.20260401153236.jpg,1,네이버,22880,22880,CJ 맛밤 20개,59491563406,식품,100,스낵/과자
1376,2026-05-29 05:30:45.371495,2026-05-29 05:30:45.371495,켈로그,브랜드: 켈로그 카테고리: 스낵/과자,https://shopping-phinf.pstatic.net/main_5472286/54722860170.20250512141659.jpg,1,네이버,3220,3220,"켈로그 콘푸로스트 600g, 1개",54722860170,식품,100,스낵/과자
1377,2026-05-29 05:30:45.373991,2026-05-29 05:30:45.373991,메고지고,브랜드: 메고지고 카테고리: 스낵/과자,https://shopping-phinf.pstatic.net/main_5838611/58386114818.jpg,1,쿠팡,26000,26000,찹쌀 누룽지 과자 (스위트+무가당) 누룽지 팝라이스 쌀과자 세트  3세트  576g,58386114818,식품,100,스낵/과자
1378,2026-05-29 05:30:45.377849,2026-05-29 05:30:45.377849,"",카테고리: 스낵/과자,https://shopping-phinf.pstatic.net/main_5810262/58102626515.20251211150155.jpg,1,네이버,3000,3000,"찹쌀 누룽지 무가당 더 건강한 고소한맛, 288g, 1개",58102626515,식품,100,스낵/과자
1379,2026-05-29 05:30:45.380335,2026-05-29 05:30:45.380335,"",카테고리: 스낵/과자,https://shopping-phinf.pstatic.net/main_8502628/85026282068.1.jpg,1,블랙퀘스트 다이어트당뇨환자,16500,16500,해남 꿀 고구마말랭이 60g 10봉 반건조 쫀득이 아기 순수 황토 사무실 임산부 간식,85026282068,식품,100,스낵/과자
1380,2026-05-29 05:30:45.382806,2026-05-29 05:30:45.382806,켈로그,브랜드: 켈로그 제조사: 켈로그 카테고리: 스낵/과자,https://shopping-phinf.pstatic.net/main_5477231/54772313771.38.jpg,1,G마켓,13600,13600,켈로그 시리얼 프로틴 그래놀라 제로슈거 350g x 2개 + 통귀리밥 500g(무),54772313771,식품,100,스낵/과자
1381,2026-05-29 05:30:45.385578,2026-05-29 05:30:45.385578,오레오,브랜드: 오레오 제조사: 미가방 카테고리: 스낵/과자,https://shopping-phinf.pstatic.net/main_5574696/55746964069.20250711180531.jpg,1,네이버,12260,12260,"미가방 오레오 화이트크림 , 1.6kg, 1개",55746964069,식품,100,스낵/과자
1382,2026-05-29 05:30:45.387886,2026-05-29 05:30:45.387886,농심,브랜드: 농심 제조사: 농심 카테고리: 스낵/과자,https://shopping-phinf.pstatic.net/main_5984777/59847770013.20260430005004.jpg,1,네이버,17690,17690,농심 누룽지 팝 바삭바삭 달콤한 맛 8개,59847770013,식품,100,스낵/과자
1383,2026-05-29 05:30:45.390165,2026-05-29 05:30:45.390165,모리나가,브랜드: 모리나가 제조사: 모리나가 카테고리: 스낵/과자,https://shopping-phinf.pstatic.net/main_8781278/87812785605.2.jpg,1,마이도오사카,3690,3690,"모리나가 베이크 크리미 치즈 케이크 일본과자 38g, 1개",87812785605,식품,100,스낵/과자
1384,2026-05-29 05:30:45.39256,2026-05-29 05:30:45.39256,"",카테고리: 스낵/과자,https://shopping-phinf.pstatic.net/main_8655794/86557945674.jpg,1,까까대장,37900,37900,[행사]사무실간식박스 과자세트1호 회사탕비실 빈츠에이스뽀또칸쵸 칙촉제크초코송이예감쿠키산도,86557945674,식품,100,스낵/과자
1385,2026-05-29 05:30:45.395027,2026-05-29 05:30:45.395027,오리온,브랜드: 오리온 제조사: 오리온 카테고리: 스낵/과자,https://shopping-phinf.pstatic.net/main_5556203/55562038883.20250630112445.jpg,1,네이버,15660,15660,"오리온 촉촉한 초코칩, 320g, 5개",55562038883,식품,100,스낵/과자
1386,2026-05-29 05:30:45.397276,2026-05-29 05:30:45.397276,"",제조사: 영양에프앤에스 카테고리: 스낵/과자,https://shopping-phinf.pstatic.net/main_6000412/60004125107.20260512013133.jpg,1,네이버,2500,2500,영양에프앤에스 어포튀각 오리지널 1개,60004125107,식품,100,스낵/과자
1387,2026-05-29 05:30:45.39946,2026-05-29 05:30:45.39946,롯데웰푸드,브랜드: 롯데웰푸드 제조사: 롯데웰푸드 카테고리: 스낵/과자,https://shopping-phinf.pstatic.net/main_9082523/90825230136.1.jpg,1,롯데웰푸드몰,16000,16000,롯데웰푸드 KBO 빼빼로 10갑 기획 (5종 x 2갑) 10개구단 선택,90825230136,식품,100,스낵/과자
1388,2026-05-29 05:30:45.401698,2026-05-29 05:30:45.401698,순돌이네,브랜드: 순돌이네 카테고리: 스낵/과자,https://shopping-phinf.pstatic.net/main_8214827/82148271304.5.jpg,1,순돌이네,10900,10900,순돌이네 오징어 통통 까망 납작 오다리 숏다리 300g,82148271304,식품,100,스낵/과자
1389,2026-05-29 05:30:45.403862,2026-05-29 05:30:45.403862,해태제과,브랜드: 해태제과 제조사: 해태제과 카테고리: 스낵/과자,https://shopping-phinf.pstatic.net/main_5847710/58477101357.20260112160224.jpg,1,네이버,26650,26650,"해태제과 에이스  364g, 10개",58477101357,식품,100,스낵/과자
1390,2026-05-29 05:30:45.408007,2026-05-29 05:30:45.408007,해태제과,브랜드: 해태제과 제조사: 해태가루비 카테고리: 스낵/과자,https://shopping-phinf.pstatic.net/main_5337369/53373693840.20250305155842.jpg,1,네이버,20120,20120,"해태가루비 해태제과 허니버터칩, 60g, 20개",53373693840,식품,100,스낵/과자
1391,2026-05-29 05:30:45.410606,2026-05-29 05:30:45.410606,오리온,브랜드: 오리온 제조사: 오리온 카테고리: 스낵/과자,https://shopping-phinf.pstatic.net/main_5322931/53229315374.20250226143318.jpg,1,네이버,21830,21830,"오리온 포카칩 오리지널 , 66g, 20개",53229315374,식품,100,스낵/과자
1392,2026-05-29 05:30:45.415632,2026-05-29 05:30:45.415632,오리온,브랜드: 오리온 제조사: 오리온 카테고리: 스낵/과자,https://shopping-phinf.pstatic.net/main_5960255/59602559254.20260409155955.jpg,1,네이버,21570,21570,"오리온 초코칩쿠키, 104g, 21개",59602559254,식품,100,스낵/과자
1393,2026-05-29 05:30:45.41827,2026-05-29 05:30:45.41827,오리온,브랜드: 오리온 카테고리: 스낵/과자,https://shopping-phinf.pstatic.net/main_6017996/60179960805.20260525173551.jpg,1,네이버,590,590,"오리온 미쯔블랙 60g, 1개",60179960805,식품,100,스낵/과자
1394,2026-05-29 05:30:45.420561,2026-05-29 05:30:45.420561,왓더파머스,브랜드: 왓더파머스 제조사: 푸디스 카테고리: 스낵/과자,https://shopping-phinf.pstatic.net/main_8982559/89825597343.8.jpg,1,왓더파머스,20900,20900,"왓더파머스 제로 저당 건강간식 무설탕 혼합 세트 옥수수,현미칩,두부과자, 25g, 15개",89825597343,식품,100,스낵/과자
1395,2026-05-29 05:30:45.423451,2026-05-29 05:30:45.423451,스내픽,브랜드: 스내픽 카테고리: 스낵/과자,https://shopping-phinf.pstatic.net/main_9092671/90926714319.jpg,1,질러카트,14650,14650,블랙 트러플 하몽크래커 1.16kg 박스포장 대용량 코스트코,90926714319,식품,100,스낵/과자
1396,2026-05-29 05:30:45.425861,2026-05-29 05:30:45.425861,로마나,브랜드: 로마나 카테고리: 스낵/과자,https://shopping-phinf.pstatic.net/main_8943993/89439933943.jpg,1,무꼬뭐꼬,21000,21000,"로마나 달콤바삭 고구마과자 황금 고구마칩 320g, 4개",89439933943,식품,100,스낵/과자
1397,2026-05-29 05:30:45.428027,2026-05-29 05:30:45.428027,기름제로현미칩,브랜드: 기름제로현미칩 카테고리: 스낵/과자,https://shopping-phinf.pstatic.net/main_8532062/85320626880.6.jpg,1,블랙퀘스트 다이어트당뇨환자,2000,2000,무설탕 현미과자 대용량 구운 쌀과자 현미칩 사무실 어르신 임산부 단백질 건강한 곡물 간식,85320626880,식품,100,스낵/과자
1398,2026-05-29 05:30:45.430304,2026-05-29 05:30:45.430304,해태제과,브랜드: 해태제과 제조사: 해태제과 카테고리: 스낵/과자,https://shopping-phinf.pstatic.net/main_5951665/59516650740.20260403102749.jpg,1,네이버,7990,7990,"해태제과 맛동산 오리지널 , 93g, 10개",59516650740,식품,100,스낵/과자
1399,2026-05-29 05:30:45.432496,2026-05-29 05:30:45.432496,"",카테고리: 스낵/과자,https://shopping-phinf.pstatic.net/main_9094375/90943751092.2.jpg,1,채찍단,30900,30900,"[대용량] 프로팝스 프로틴 그래놀라 단백질 씨리얼 1kg, 1개",90943751092,식품,100,스낵/과자
1400,2026-05-29 05:30:45.434918,2026-05-29 05:30:45.434918,오리온,브랜드: 오리온 제조사: 오리온 카테고리: 스낵/과자,https://shopping-phinf.pstatic.net/main_5346713/53467139028.20250310154129.jpg,1,네이버,2890,2890,"오리온 예감 오리지널, 192g, 1개",53467139028,식품,100,스낵/과자
1401,2026-05-29 05:30:45.85456,2026-05-29 05:30:45.85456,맥심,브랜드: 맥심 제조사: 동서식품 카테고리: 음료,https://shopping-phinf.pstatic.net/main_5984533/59845338259.20260429173645.jpg,1,네이버,47600,47600,"동서식품 맥심 모카골드 마일드 12g , 400개입, 1개",59845338259,식품,100,음료
1402,2026-05-29 05:30:45.858082,2026-05-29 05:30:45.858082,펩시제로슈거,브랜드: 펩시제로슈거 제조사: 롯데칠성음료 카테고리: 음료,https://shopping-phinf.pstatic.net/main_5387313/53873138672.20250331113121.jpg,1,네이버,10130,10130,"롯데칠성음료 펩시제로슈거 라임향 , 500ml, 20개",53873138672,식품,100,음료
1403,2026-05-29 05:30:45.861355,2026-05-29 05:30:45.861355,맥심,브랜드: 맥심 카테고리: 음료,https://shopping-phinf.pstatic.net/main_5985668/59856680682.20260430160814.jpg,1,네이버,53780,53780,"맥심 화이트골드 11.7g , 400개입, 1개",59856680682,식품,100,음료
1404,2026-05-29 05:30:45.864419,2026-05-29 05:30:45.864419,포카리스웨트,브랜드: 포카리스웨트 제조사: 동아오츠카 카테고리: 음료,https://shopping-phinf.pstatic.net/main_5364562/53645621049.20250319131138.jpg,1,네이버,19380,19380,"동아오츠카 포카리스웨트  500ml, 20개",53645621049,식품,100,음료
1405,2026-05-29 05:30:45.867514,2026-05-29 05:30:45.867514,코카콜라,브랜드: 코카콜라 제조사: 코카콜라 카테고리: 음료,https://shopping-phinf.pstatic.net/main_5390296/53902966526.20250515104203.jpg,1,네이버,17800,17800,"코카콜라 콜라 , 500ml, 24개",53902966526,식품,100,음료
1406,2026-05-29 05:30:45.870622,2026-05-29 05:30:45.870622,일리,브랜드: 일리 제조사: 일리 카테고리: 음료,https://shopping-phinf.pstatic.net/main_8366784/83667841828.65.jpg,1,일리천국,12600,12600,일리캡슐 커피 인텐소 18캡슐 외 41종,83667841828,식품,100,음료
1407,2026-05-29 05:30:45.875225,2026-05-29 05:30:45.875225,일리,브랜드: 일리 카테고리: 음료,https://shopping-phinf.pstatic.net/main_8233046/82330465832.108.jpg,1,illy store,6290,6290,네스프레소 호환 일리 인텐소 10캡슐 외 61종,82330465832,식품,100,음료
1408,2026-05-29 05:30:45.882419,2026-05-29 05:30:45.882419,일리,브랜드: 일리 제조사: 일리 카테고리: 음료,https://shopping-phinf.pstatic.net/main_8579791/85797914253.21.jpg,1,illy store,11900,11900,일리 캡슐 커피 인텐소 18캡슐 팩 외 38종,85797914253,식품,100,음료
1409,2026-05-29 05:30:45.890368,2026-05-29 05:30:45.890368,"",카테고리: 음료,https://shopping-phinf.pstatic.net/main_8943535/89435351619.2.jpg,1,하와이스커피,10900,10900,원두커피 1kg 고소한 베트남 로부스타 G1 홀빈,89435351619,식품,100,음료
1410,2026-05-29 05:30:45.893899,2026-05-29 05:30:45.893899,일리,브랜드: 일리 카테고리: 음료,https://shopping-phinf.pstatic.net/main_8034473/80344738963.87.jpg,1,일리천국,6290,6290,일리 네스프레소캡슐 호환커피 인텐소 10캡슐 외 106종,80344738963,식품,100,음료
1411,2026-05-29 05:30:45.897287,2026-05-29 05:30:45.897287,카누,브랜드: 카누 제조사: 동서식품 카테고리: 음료,https://shopping-phinf.pstatic.net/main_5985688/59856887548.20260430163006.jpg,1,네이버,28380,28380,"동서식품 카누 미니 마일드로스트 아메리카노 0.9g, 150개입, 1개",59856887548,식품,100,음료
1412,2026-05-29 05:30:45.900532,2026-05-29 05:30:45.900532,콩스콩스,브랜드: 콩스콩스 제조사: 콩스콩스 카테고리: 음료,https://shopping-phinf.pstatic.net/main_8692392/8692392334.22.jpg,1,콩스콩스,12900,12900,콩스콩스 원두커피 베트남 로부스타 블루드래곤 워시드G1 1kg 홀빈 원두콩,8692392334,식품,100,음료
1413,2026-05-29 05:30:45.903481,2026-05-29 05:30:45.903481,하이드로더치,브랜드: 하이드로더치 제조사: 키즈마루 카테고리: 음료,https://shopping-phinf.pstatic.net/main_6009809/60098094607.20260519153711.jpg,1,네이버,12400,12400,"키즈마루 하이드로더치 브라질 세하도 콜드브루, 30ml, 40개",60098094607,식품,100,음료
1414,2026-05-29 05:30:45.906412,2026-05-29 05:30:45.906412,카누,브랜드: 카누 제조사: 동서식품 카테고리: 음료,https://shopping-phinf.pstatic.net/main_5985692/59856926953.20260522152542.jpg,1,네이버,27230,27230,"동서식품 카누 미니 다크로스트 아메리카노 0.9g, 150개입, 1개",59856926953,식품,100,음료
1415,2026-05-29 05:30:45.90892,2026-05-29 05:30:45.90892,코카콜라,브랜드: 코카콜라 제조사: 코카콜라 카테고리: 음료,https://shopping-phinf.pstatic.net/main_5388017/53880178191.20260528130127.jpg,1,네이버,14000,14000,"코카콜라 제로 , 190ml, 30개",53880178191,식품,100,음료
1416,2026-05-29 05:30:45.911181,2026-05-29 05:30:45.911181,수달리,브랜드: 수달리 카테고리: 음료,https://shopping-phinf.pstatic.net/main_8288681/82886816041.35.jpg,1,수달리커피,22900,22900,[무료배송] 수달리커피 원두커피 산미없는 고소한 브라질 세하도1kg 외 6종 홀빈 분쇄,82886816041,식품,100,음료
1417,2026-05-29 05:30:45.916114,2026-05-29 05:30:45.916114,"",카테고리: 음료,https://shopping-phinf.pstatic.net/main_8825872/88258727596.9.jpg,1,마야 MAYAH,12990,12990,스페인 직수입 NFC 100% 레몬즙 원액 대용량 1000ml 2병,88258727596,식품,100,음료
1418,2026-05-29 05:30:45.91976,2026-05-29 05:30:45.91976,"",제조사: 동서 카테고리: 음료,https://shopping-phinf.pstatic.net/main_8559252/85592520235.38.jpg,1,플랜 88,24600,24600,맥심 카누 미니 마일드 로스트 블랙커피 120T +카누 5T ID당1개,85592520235,식품,100,음료
1419,2026-05-29 05:30:45.935321,2026-05-29 05:30:45.935321,코카콜라,브랜드: 코카콜라 제조사: 코카콜라 카테고리: 음료,https://shopping-phinf.pstatic.net/main_5390035/53900358062.20250401101510.jpg,1,네이버,15670,15670,"코카콜라 업소용 , 500ml, 24개",53900358062,식품,100,음료
1420,2026-05-29 05:30:45.937848,2026-05-29 05:30:45.937848,칠성사이다,브랜드: 칠성사이다 제조사: 롯데칠성음료 카테고리: 음료,https://shopping-phinf.pstatic.net/main_5373383/53733837885.20260519171955.jpg,1,네이버,8910,8910,"롯데칠성음료 칠성사이다, 190ml, 30개",53733837885,식품,100,음료
1421,2026-05-29 05:30:45.940386,2026-05-29 05:30:45.940386,맥심,브랜드: 맥심 제조사: 동서식품 카테고리: 음료,https://shopping-phinf.pstatic.net/main_5994182/59941820093.20260506111843.jpg,1,네이버,21870,21870,"동서식품 맥심 슈프림 골드 13.5g , 130개입, 1개",59941820093,식품,100,음료
1422,2026-05-29 05:30:45.943806,2026-05-29 05:30:45.943806,"",카테고리: 음료,https://shopping-phinf.pstatic.net/main_6012768/60127681698.20260521155359.jpg,1,네이버,16800,16800,"3초커피 콜드브루 원액, 1L, 2개",60127681698,식품,100,음료
1423,2026-05-29 05:30:45.947138,2026-05-29 05:30:45.947138,"",제조사: 자연그대로 카테고리: 음료,https://shopping-phinf.pstatic.net/main_5874387/58743870405.20260201032553.jpg,1,네이버,14900,14900,"자연그대로 로네아 카페모카 블렌드 믹스커피 100개입, 1개",58743870405,식품,100,음료
1424,2026-05-29 05:30:45.950176,2026-05-29 05:30:45.950176,포카리스웨트,브랜드: 포카리스웨트 제조사: 동아오츠카 카테고리: 음료,https://shopping-phinf.pstatic.net/main_5364686/53646866348.20250319145543.jpg,1,네이버,13210,13210,"동아오츠카 포카리스웨트 포카리 스웨트  340ml, 24개",53646866348,식품,100,음료
1425,2026-05-29 05:30:45.952448,2026-05-29 05:30:45.952448,칠성사이다제로,브랜드: 칠성사이다제로 제조사: 롯데칠성음료 카테고리: 음료,https://shopping-phinf.pstatic.net/main_5373331/53733319454.20250324101822.jpg,1,네이버,12500,12500,"롯데칠성음료 칠성사이다제로 칠성 사이다 제로, 210ml, 30개",53733319454,식품,100,음료
1426,2026-05-29 05:30:45.954649,2026-05-29 05:30:45.954649,프렌치카페,브랜드: 프렌치카페 제조사: 남양유업 카테고리: 음료,https://shopping-phinf.pstatic.net/main_5985688/59856888140.20260430163423.jpg,1,네이버,21990,21990,"남양유업 프렌치카페 카페믹스 오리진 11g, 200개입, 1개",59856888140,식품,100,음료
1427,2026-05-29 05:30:45.956795,2026-05-29 05:30:45.956795,펩시,브랜드: 펩시 제조사: 롯데칠성음료 카테고리: 음료,https://shopping-phinf.pstatic.net/main_5387506/53875065946.20250331153855.jpg,1,네이버,4450,4450,"롯데칠성음료 펩시 펩시콜라, 1.25L, 12개",53875065946,식품,100,음료
1428,2026-05-29 05:30:45.958802,2026-05-29 05:30:45.958802,유기농마루,브랜드: 유기농마루 제조사: 서울에프엔비 카테고리: 음료,https://shopping-phinf.pstatic.net/main_5362446/53624469716.20251226110542.jpg,1,네이버,27560,27560,"서울에프엔비 유기농마루 듬뿍두유 , 190ml, 32개",53624469716,식품,100,음료
1429,2026-05-29 05:30:45.960844,2026-05-29 05:30:45.960844,카누,브랜드: 카누 제조사: 동서식품 카테고리: 음료,https://shopping-phinf.pstatic.net/main_6000182/60001820864.20260511181946.jpg,1,네이버,15900,15900,"동서식품 카누  아이스샷 아메리카노 1.8g, 60개입, 1개",60001820864,식품,100,음료
1430,2026-05-29 05:30:45.962687,2026-05-29 05:30:45.962687,매일두유,브랜드: 매일두유 제조사: 매일유업 카테고리: 음료,https://shopping-phinf.pstatic.net/main_5362889/53628896032.20250318183412.jpg,1,네이버,12900,12900,"매일유업 매일두유 99.9 , 190ml, 24개",53628896032,식품,100,음료
1431,2026-05-29 05:30:45.964484,2026-05-29 05:30:45.964484,"",카테고리: 음료,https://shopping-phinf.pstatic.net/main_8228180/82281801324.19.jpg,1,레스트빈,15500,15500,레스트빈 베트남 원두커피 500g 2봉 로부스타 블루드래곤 워시드 G1 분쇄선택,82281801324,식품,100,음료
1432,2026-05-29 05:30:45.966355,2026-05-29 05:30:45.966355,카누,브랜드: 카누 제조사: 동서식품 카테고리: 음료,https://shopping-phinf.pstatic.net/main_5809500/58095004836.72.jpg,1,쿠팡,27550,27550,카누 마일드 로스트 아메리카노 미니 150개입 스틱커피 원두커피 인스턴트 블랙커피,58095004836,식품,100,음료
1433,2026-05-29 05:30:45.96811,2026-05-29 05:30:45.96811,엔자임엔,브랜드: 엔자임엔 제조사: 믿음의나무 카테고리: 음료,https://shopping-phinf.pstatic.net/main_5982855/59828556113.20260428142918.jpg,1,네이버,29900,29900,"엔자임엔 유기농 레몬즙 스틱 20g x 100포 , 1개",59828556113,식품,100,음료
1434,2026-05-29 05:30:45.970031,2026-05-29 05:30:45.970031,누팬트리,브랜드: 누팬트리 제조사: 하늘빛 카테고리: 음료,https://shopping-phinf.pstatic.net/main_5823117/58231174476.20251222155403.jpg,1,네이버,29900,29900,"하늘빛 누팬트리 서리태 콩물두유 150ml, 15개",58231174476,식품,100,음료
1435,2026-05-29 05:30:45.971844,2026-05-29 05:30:45.971844,맥심,브랜드: 맥심 제조사: 동서식품 카테고리: 음료,https://shopping-phinf.pstatic.net/main_5985646/59856466955.20260430152543.jpg,1,네이버,23550,23550,"동서식품 맥심 모카골드 라이트 커피믹스 11.8g , 180개입, 1개",59856466955,식품,100,음료
1436,2026-05-29 05:30:45.973648,2026-05-29 05:30:45.973648,레쓰비,브랜드: 레쓰비 제조사: 롯데칠성음료 카테고리: 음료,https://shopping-phinf.pstatic.net/main_5287169/52871698385.20250207141906.jpg,1,네이버,5990,5990,"롯데칠성음료 레쓰비 마일드 커피, 175ml, 30개",52871698385,식품,100,음료
1437,2026-05-29 05:30:45.975395,2026-05-29 05:30:45.975395,카누,브랜드: 카누 제조사: 동서식품 카테고리: 음료,https://shopping-phinf.pstatic.net/main_5985692/59856926996.20260430164237.jpg,1,네이버,21500,21500,"동서식품 카누 미니 디카페인 아메리카노 0.9g, 120개입, 1개",59856926996,식품,100,음료
1438,2026-05-29 05:30:45.977225,2026-05-29 05:30:45.977225,프렌치카페,브랜드: 프렌치카페 제조사: 남양유업 카테고리: 음료,https://shopping-phinf.pstatic.net/main_5985688/59856888188.20260430163602.jpg,1,네이버,11050,11050,"남양유업 프렌치카페 카페믹스 마일드 11.1g , 100개입, 1개",59856888188,식품,100,음료
1439,2026-05-29 05:30:45.97893,2026-05-29 05:30:45.97893,돈시몬,브랜드: 돈시몬 카테고리: 음료,https://shopping-phinf.pstatic.net/main_5192936/51929368633.20241213212147.jpg,1,네이버,6900,6900,"돈시몬 착즙레몬 1L, 2개",51929368633,식품,100,음료
1440,2026-05-29 05:30:45.980584,2026-05-29 05:30:45.980584,"",카테고리: 음료,https://shopping-phinf.pstatic.net/main_5994361/59943610368.20260506160243.jpg,1,네이버,13000,13000,"달고나 블랜드 , 500g, 1개",59943610368,식품,100,음료
1441,2026-05-29 05:30:45.982456,2026-05-29 05:30:45.982456,한미,브랜드: 한미 제조사: 한미헬스케어 카테고리: 음료,https://shopping-phinf.pstatic.net/main_5745224/57452248990.20251030145721.jpg,1,네이버,39980,39980,"한미헬스케어 한미 완전두유 서리태, 190ml, 80개",57452248990,식품,100,음료
1442,2026-05-29 05:30:45.984198,2026-05-29 05:30:45.984198,"",카테고리: 음료,https://shopping-phinf.pstatic.net/main_9080859/90808592221.jpg,1,초당옥,11690,11690,초당옥 고소한 원두커피 베트남 로부스타 G1 1kg,90808592221,식품,100,음료
1443,2026-05-29 05:30:45.985979,2026-05-29 05:30:45.985979,래빗커피,브랜드: 래빗커피 카테고리: 음료,https://shopping-phinf.pstatic.net/main_8387277/83872775795.9.jpg,1,래빗커피,19900,19900,1kg 래빗 원두커피 커피콩 맛있는 고소한 신선한 홀빈 고소고소 블렌드,83872775795,식품,100,음료
1444,2026-05-29 05:30:45.98766,2026-05-29 05:30:45.98766,콩부자,브랜드: 콩부자 카테고리: 음료,https://shopping-phinf.pstatic.net/main_9057676/90576761814.1.jpg,1,콩부자,55900,55900,콩부자 서리태 콩물 두유 최고급 6611 새바람콩 맷돌 무설탕 고단백 2박스 30개입,90576761814,식품,100,음료
1445,2026-05-29 05:30:45.989938,2026-05-29 05:30:45.989938,"",카테고리: 음료,https://shopping-phinf.pstatic.net/main_8907814/89078144878.5.jpg,1,LEDELL COFFEE,4400,4400,르델 캡슐커피 베이직블렌드 네스프레소 호환 10캡슐 외 4종,89078144878,식품,100,음료
1446,2026-05-29 05:30:45.991646,2026-05-29 05:30:45.991646,"",제조사: 동서 카테고리: 음료,https://shopping-phinf.pstatic.net/main_8226575/82265750601.9.jpg,1,플랜 88,32900,32900,맥심 모카골드 커피믹스 210T +22곡크리스피롤 증정,82265750601,식품,100,음료
1447,2026-05-29 05:30:45.993494,2026-05-29 05:30:45.993494,삼육두유,브랜드: 삼육두유 제조사: 삼육식품 카테고리: 음료,https://shopping-phinf.pstatic.net/main_5349294/53492941645.20250311181043.jpg,1,네이버,26970,26970,"삼육식품 삼육두유 검은콩 호두 아몬드, 190ml, 64개",53492941645,식품,100,음료
1448,2026-05-29 05:30:45.995223,2026-05-29 05:30:45.995223,일리,브랜드: 일리 제조사: 일리 카테고리: 음료,https://shopping-phinf.pstatic.net/main_8582994/85829941612.9.jpg,1,일리야,11900,11900,일리 캡슐 커피 인텐소 18캡슐 팩 외 49종,85829941612,식품,100,음료
1449,2026-05-29 05:30:45.996952,2026-05-29 05:30:45.996952,팔레오,브랜드: 팔레오 제조사: 연두 카테고리: 음료,https://shopping-phinf.pstatic.net/main_5831486/58314866724.20260325135205.jpg,1,네이버,14900,14900,"연두 팔레오 약콩 100 두유, 190ml, 10개",58314866724,식품,100,음료
1450,2026-05-29 05:30:45.998666,2026-05-29 05:30:45.998666,이디야,브랜드: 이디야 제조사: 이디야커피 카테고리: 음료,https://shopping-phinf.pstatic.net/main_5994133/59941332265.20260506104354.jpg,1,네이버,38970,38970,"이디야커피 이디야 스페셜 골드블렌드 리치크레마 커피믹스 11g , 400개입, 1개",59941332265,식품,100,음료
1451,2026-05-29 05:30:46.000366,2026-05-29 05:30:46.000366,아몬드브리즈,브랜드: 아몬드브리즈 제조사: 매일유업 카테고리: 음료,https://shopping-phinf.pstatic.net/main_5362596/53625967423.20250318125654.jpg,1,네이버,16500,16500,"매일유업 아몬드브리즈 초콜릿 , 190ml, 24개",53625967423,식품,100,음료
1452,2026-05-29 05:30:46.002794,2026-05-29 05:30:46.002794,토레타,브랜드: 토레타 제조사: 코카콜라 카테고리: 음료,https://shopping-phinf.pstatic.net/main_5364798/53647987501.20250515152757.jpg,1,네이버,14200,14200,"코카콜라 토레타  500ml, 24개",53647987501,식품,100,음료
1453,2026-05-29 05:30:46.005066,2026-05-29 05:30:46.005066,아몬드브리즈,브랜드: 아몬드브리즈 제조사: 매일유업 카테고리: 음료,https://shopping-phinf.pstatic.net/main_5346725/53467254320.20250310160631.jpg,1,네이버,26500,26500,"매일유업 아몬드브리즈 언스위트, 950ml, 10개",53467254320,식품,100,음료
1454,2026-05-29 05:30:46.007389,2026-05-29 05:30:46.007389,아몬드브리즈,브랜드: 아몬드브리즈 제조사: 매일유업 카테고리: 음료,https://shopping-phinf.pstatic.net/main_5346725/53467252846.20250310155631.jpg,1,네이버,13170,13170,"매일유업 아몬드브리즈 오리지널, 190ml, 24개",53467252846,식품,100,음료
1455,2026-05-29 05:30:46.010631,2026-05-29 05:30:46.010631,하루의시간,브랜드: 하루의시간 카테고리: 음료,https://shopping-phinf.pstatic.net/main_5930578/59305786613.20260318143635.jpg,1,네이버,12900,12900,"하루의시간 과테말라 안티구아 원두커피 에스프레소, 200g, 1개",59305786613,식품,100,음료
1456,2026-05-29 05:30:46.013135,2026-05-29 05:30:46.013135,모먼트빈,브랜드: 모먼트빈 카테고리: 음료,https://shopping-phinf.pstatic.net/main_5968797/59687975815.20260423104238.jpg,1,네이버,23800,23800,"모먼트빈 콜드브루 과테말라 라고 아틸란, 1L, 2개",59687975815,식품,100,음료
1457,2026-05-29 05:30:46.015406,2026-05-29 05:30:46.015406,그레인랩,브랜드: 그레인랩 카테고리: 음료,https://shopping-phinf.pstatic.net/main_6020599/60205990913.20260527163103.jpg,1,네이버,16100,16100,"그레인랩 고소한 99.9% 무가당 두유, 190ml, 40개",60205990913,식품,100,음료
1458,2026-05-29 05:30:46.017594,2026-05-29 05:30:46.017594,하이트제로,브랜드: 하이트제로 카테고리: 음료,https://shopping-phinf.pstatic.net/main_5460778/54607786343.20250508173544.jpg,1,네이버,14140,14140,"하이트제로 0.00 무알콜  350ml, 24개",54607786343,식품,100,음료
1459,2026-05-29 05:30:46.019571,2026-05-29 05:30:46.019571,델몬트,브랜드: 델몬트 제조사: 롯데칠성음료 카테고리: 음료,https://shopping-phinf.pstatic.net/main_5192952/51929522872.20241213220911.jpg,1,네이버,260,260,"롯데칠성음료 델몬트 오렌지 드링크 190ml, 1개",51929522872,식품,100,음료
1460,2026-05-29 05:30:46.021618,2026-05-29 05:30:46.021618,한미,브랜드: 한미 카테고리: 음료,https://shopping-phinf.pstatic.net/main_5643999/56439995772.20250826150837.jpg,1,네이버,18800,18800,"한미 완전두유 국산콩 설탕무첨가 , 190ml, 32개",56439995772,식품,100,음료
1461,2026-05-29 05:30:46.023589,2026-05-29 05:30:46.023589,유기농마루,브랜드: 유기농마루 카테고리: 음료,https://shopping-phinf.pstatic.net/main_5631940/56319408682.20251226105634.jpg,1,네이버,34000,34000,"유기농마루 맛있는 진짜 제주 당근 사과 주스, 100ml, 30개",56319408682,식품,100,음료
1462,2026-05-29 05:30:46.028423,2026-05-29 05:30:46.028423,맥심,브랜드: 맥심 제조사: 동서식품 카테고리: 음료,https://shopping-phinf.pstatic.net/main_8230620/82306209959.9.jpg,1,플랜 88,59900,59900,맥심 모카골드 커피믹스 400T,82306209959,식품,100,음료
1463,2026-05-29 05:30:46.031381,2026-05-29 05:30:46.031381,파워에이드,브랜드: 파워에이드 제조사: 코카콜라 카테고리: 음료,https://shopping-phinf.pstatic.net/main_5807855/58078559996.20251209200753.jpg,1,네이버,11100,11100,"코카콜라 파워에이드 제로 무라벨 이온음료 355ml, 20개",58078559996,식품,100,음료
1464,2026-05-29 05:30:46.034289,2026-05-29 05:30:46.034289,일리,브랜드: 일리 카테고리: 음료,https://shopping-phinf.pstatic.net/main_8593945/85939458408.4.jpg,1,illy store,11900,11900,일리 캡슐 커피 디카페인 18캡슐 팩 외 38종,85939458408,식품,100,음료
1465,2026-05-29 05:30:46.037083,2026-05-29 05:30:46.037083,"",카테고리: 음료,https://shopping-phinf.pstatic.net/main_8774305/87743051438.8.jpg,1,원두천국,12500,12500,원두천국 원두커피 베트남 로부스타 블루드래곤 워시드 G1 1kg 홀빈 원두콩,87743051438,식품,100,음료
1466,2026-05-29 05:30:46.039772,2026-05-29 05:30:46.039772,나랑드사이다,브랜드: 나랑드사이다 제조사: 동아오츠카 카테고리: 음료,https://shopping-phinf.pstatic.net/main_5390112/53901124701.20260513142959.jpg,1,네이버,11090,11090,"동아오츠카 나랑드사이다 제로 , 345ml, 24개",53901124701,식품,100,음료
1467,2026-05-29 05:30:46.042489,2026-05-29 05:30:46.042489,파워에이드,브랜드: 파워에이드 제조사: 코카콜라 카테고리: 음료,https://shopping-phinf.pstatic.net/main_5365025/53650256404.20250327105311.jpg,1,네이버,9000,9000,"코카콜라 파워에이드 마운틴, 900ml, 12개",53650256404,식품,100,음료
1468,2026-05-29 05:30:46.045228,2026-05-29 05:30:46.045228,ALLBARUN,브랜드: ALLBARUN 제조사: 와이케이컴퍼니 카테고리: 음료,https://shopping-phinf.pstatic.net/main_5192925/51929257626.20250407105235.jpg,1,네이버,46400,46400,"ALLBARUN 유기농 레몬즙 100 20g x 14포, 10개",51929257626,식품,100,음료
1469,2026-05-29 05:30:46.047881,2026-05-29 05:30:46.047881,맥스웰하우스,브랜드: 맥스웰하우스 제조사: 동서식품 카테고리: 음료,https://shopping-phinf.pstatic.net/main_5390359/53903594339.20250401164727.jpg,1,네이버,54780,54780,"동서식품 맥스웰하우스 커피믹스 마일드 자판기용  900g, 12개",53903594339,식품,100,음료
1470,2026-05-29 05:30:46.051109,2026-05-29 05:30:46.051109,게토레이,브랜드: 게토레이 제조사: 롯데칠성음료 카테고리: 음료,https://shopping-phinf.pstatic.net/main_5364741/53647412627.20250319155719.jpg,1,네이버,18400,18400,"롯데칠성음료 게토레이 레몬 , 600ml, 20개",53647412627,식품,100,음료
1471,2026-05-29 05:30:46.053891,2026-05-29 05:30:46.053891,맥심,브랜드: 맥심 제조사: 동서식품 카테고리: 음료,https://shopping-phinf.pstatic.net/main_5395752/53957526758.20250404160341.jpg,1,네이버,15520,15520,"동서식품 맥심 아이스 커피믹스 13g 110개입, 1개",53957526758,식품,100,음료
1472,2026-05-29 05:30:46.056695,2026-05-29 05:30:46.056695,베지밀,브랜드: 베지밀 제조사: 정식품 카테고리: 음료,https://shopping-phinf.pstatic.net/main_5349101/53491016599.20250311145244.jpg,1,네이버,28400,28400,"정식품 베지밀 뼈에좋은 칼슘두유 검은콩, 190ml, 72개",53491016599,식품,100,음료
1473,2026-05-29 05:30:46.05965,2026-05-29 05:30:46.05965,맥심,브랜드: 맥심 카테고리: 음료,https://shopping-phinf.pstatic.net/main_5416634/54166341199.20250414103943.jpg,1,네이버,18370,18370,"맥심 모카골드 마일드 리필  500g, 1개",54166341199,식품,100,음료
1474,2026-05-29 05:30:46.062782,2026-05-29 05:30:46.062782,곡물도감,브랜드: 곡물도감 카테고리: 음료,https://shopping-phinf.pstatic.net/main_8506009/85060098846.9.jpg,1,곡물도감,29900,29900,곡물도감 서리태 콩물 두유 국산 무가당 검은콩 맷돌 고단백 두유 외 1종 1박스(15입),85060098846,식품,100,음료
1475,2026-05-29 05:30:46.06601,2026-05-29 05:30:46.06601,맥심,브랜드: 맥심 제조사: 동서식품 카테고리: 음료,https://shopping-phinf.pstatic.net/main_5411175/54111750950.20250411110911.jpg,1,네이버,18370,18370,"동서식품 맥심 오리지날 커피  리필  500g, 1개",54111750950,식품,100,음료
1476,2026-05-29 05:30:46.069025,2026-05-29 05:30:46.069025,립톤,브랜드: 립톤 제조사: 유니레버 카테고리: 음료,https://shopping-phinf.pstatic.net/main_5378838/53788380732.20250401180225.jpg,1,네이버,6820,6820,"유니레버 립톤 아이스티 복숭아맛 , 907g, 1개",53788380732,식품,100,음료
1477,2026-05-29 05:30:46.071906,2026-05-29 05:30:46.071906,스타벅스,브랜드: 스타벅스 제조사: 서울우유 카테고리: 음료,https://shopping-phinf.pstatic.net/main_5359713/53597137175.20250317115322.jpg,1,네이버,24680,24680,"서울우유 스타벅스 카페라떼 , 200ml, 20개",53597137175,식품,100,음료
1478,2026-05-29 05:30:46.075789,2026-05-29 05:30:46.075789,"",카테고리: 음료,https://shopping-phinf.pstatic.net/main_6021653/60216534995.20260528142432.jpg,1,네이버,18540,18540,"코코넛 워터, 500ml, 12개",60216534995,식품,100,음료
1479,2026-05-29 05:30:46.078828,2026-05-29 05:30:46.078828,매일두유,브랜드: 매일두유 제조사: 매일유업 카테고리: 음료,https://shopping-phinf.pstatic.net/main_5362888/53628888482.20250318182127.jpg,1,네이버,17100,17100,"매일유업 매일두유 고단백 검은콩 , 190ml, 24개",53628888482,식품,100,음료
1480,2026-05-29 05:30:46.081909,2026-05-29 05:30:46.081909,베지밀,브랜드: 베지밀 제조사: 정식품 카테고리: 음료,https://shopping-phinf.pstatic.net/main_5349078/53490782827.20250311141921.jpg,1,네이버,27980,27980,"정식품 베지밀 달콤한 베지밀B, 190ml, 48개",53490782827,식품,100,음료
1481,2026-05-29 05:30:46.085392,2026-05-29 05:30:46.085392,이디야,브랜드: 이디야 제조사: 이디야커피 카테고리: 음료,https://shopping-phinf.pstatic.net/main_5994120/59941200734.20260506101334.jpg,1,네이버,36710,36710,"이디야커피 이디야 스페셜 모카블렌드 커피믹스 11.5g , 400개입, 1개",59941200734,식품,100,음료
1482,2026-05-29 05:30:46.088362,2026-05-29 05:30:46.088362,베지밀,브랜드: 베지밀 제조사: 정식품 카테고리: 음료,https://shopping-phinf.pstatic.net/main_5348987/53489875147.20250311120014.jpg,1,네이버,32800,32800,"정식품 베지밀 고단백두유 검은콩, 190ml, 48개",53489875147,식품,100,음료
1483,2026-05-29 05:30:46.091258,2026-05-29 05:30:46.091258,일리,브랜드: 일리 카테고리: 음료,https://shopping-phinf.pstatic.net/main_1032392/10323920509.51.jpg,1,일리야,6290,6290,일리 네스프레소 캡슐 호환 인텐소 10캡슐 외 76종,10323920509,식품,100,음료
1484,2026-05-29 05:30:46.094162,2026-05-29 05:30:46.094162,G7,브랜드: G7 제조사: 쭝웬레전드 카테고리: 음료,https://shopping-phinf.pstatic.net/main_5985647/59856472454.20260430153815.jpg,1,네이버,32900,32900,"쭝웬레전드 G7 베트남 수출용 블랙커피 2g, 200개입, 1개",59856472454,식품,100,음료
1485,2026-05-29 05:30:46.097037,2026-05-29 05:30:46.097037,"",카테고리: 음료,https://shopping-phinf.pstatic.net/main_9087095/90870956581.4.jpg,1,정직한 하루,22900,22900,유기농 레몬즙 대용량 NFC 착즙 100포 레몬원액 100%,90870956581,식품,100,음료
1486,2026-05-29 05:30:46.099861,2026-05-29 05:30:46.099861,스프라이트,브랜드: 스프라이트 제조사: 코카콜라 카테고리: 음료,https://shopping-phinf.pstatic.net/main_6022696/60226962451.20260529093109.jpg,1,네이버,3480,3480,"코카콜라 스프라이트  355ml, 3개",60226962451,식품,100,음료
1487,2026-05-29 05:30:46.103078,2026-05-29 05:30:46.103078,"",제조사: 로스팅져니 카테고리: 음료,https://shopping-phinf.pstatic.net/main_8323563/83235639961.4.jpg,1,어쩜 커피앤베이커리,8900,8900,어쩜커피 원두 200g 고소한 콜롬비아 후일라 수프리모 디카페인 홀빈 당일로스팅,83235639961,식품,100,음료
1488,2026-05-29 05:30:46.105992,2026-05-29 05:30:46.105992,맥심,브랜드: 맥심 제조사: 동서식품 카테고리: 음료,https://shopping-phinf.pstatic.net/main_5994129/59941299259.20260506102208.jpg,1,네이버,12400,12400,"동서식품 맥심 부드러운 블랙 모카골드 2.7g, 100개입, 1개",59941299259,식품,100,음료
1489,2026-05-29 05:30:46.108898,2026-05-29 05:30:46.108898,아카페라,브랜드: 아카페라 제조사: 빙그레 카테고리: 음료,https://shopping-phinf.pstatic.net/main_5287294/52872940451.20250414165122.jpg,1,네이버,20500,20500,"빙그레 아카페라 심플리 디카페인 아메리카노, 400ml, 20개",52872940451,식품,100,음료
1490,2026-05-29 05:30:46.111841,2026-05-29 05:30:46.111841,삼육두유,브랜드: 삼육두유 제조사: 삼육식품 카테고리: 음료,https://shopping-phinf.pstatic.net/main_5362474/53624740796.20250619173501.jpg,1,네이버,17820,17820,"삼육식품 삼육두유 고소A , 950ml, 12개",53624740796,식품,100,음료
1491,2026-05-29 05:30:46.114746,2026-05-29 05:30:46.114746,매일두유,브랜드: 매일두유 제조사: 매일유업 카테고리: 음료,https://shopping-phinf.pstatic.net/main_5362888/53628888941.20250318182236.jpg,1,네이버,15800,15800,"매일유업 매일두유 고단백 플레인 , 190ml, 24개",53628888941,식품,100,음료
1492,2026-05-29 05:30:46.11758,2026-05-29 05:30:46.11758,카누,브랜드: 카누 제조사: 동서식품 카테고리: 음료,https://shopping-phinf.pstatic.net/main_5985417/59854171642.20260430103300.jpg,1,네이버,12500,12500,"동서식품 카누 에스프레소 말차 라떼 17.3g, 24개입, 1개",59854171642,식품,100,음료
1493,2026-05-29 05:30:46.120359,2026-05-29 05:30:46.120359,누팬트리,브랜드: 누팬트리 제조사: 하늘빛 카테고리: 음료,https://shopping-phinf.pstatic.net/main_8963799/89637995233.4.jpg,1,누팬트리,29900,29900,"누팬트리 서리태 콩물두유 무가당 무첨가 검은콩 박스 150ml, 15개",89637995233,식품,100,음료
1494,2026-05-29 05:30:46.123175,2026-05-29 05:30:46.123175,송천커피상회,브랜드: 송천커피상회 제조사: 송천커피상회 카테고리: 음료,https://shopping-phinf.pstatic.net/main_8258020/82580206725.14.jpg,1,송천커피상회,21900,21900,산미없는 원두커피 1kg 고소한 브라질 세하도 홀빈 사무실 카페용,82580206725,식품,100,음료
1495,2026-05-29 05:30:46.126061,2026-05-29 05:30:46.126061,맥심,브랜드: 맥심 제조사: 동서식품 카테고리: 음료,https://shopping-phinf.pstatic.net/main_5994184/59941845090.20260506112154.jpg,1,네이버,18180,18180,"동서식품 맥심 디카페인 커피믹스 11.8g , 100개입, 1개",59941845090,식품,100,음료
1496,2026-05-29 05:30:46.12883,2026-05-29 05:30:46.12883,솔리몬,브랜드: 솔리몬 제조사: Derivados Citricos 카테고리: 음료,https://shopping-phinf.pstatic.net/main_5884569/58845690638.20260207235926.jpg,1,네이버,14980,14980,"Derivados Citricos 솔리몬 스퀴즈드 레몬즙 1L, 2개",58845690638,식품,100,음료
1497,2026-05-29 05:30:46.131583,2026-05-29 05:30:46.131583,펩시제로슈거,브랜드: 펩시제로슈거 제조사: 롯데칠성음료 카테고리: 음료,https://shopping-phinf.pstatic.net/main_5382764/53827646979.20250328162840.jpg,1,네이버,12700,12700,"롯데칠성음료 펩시제로슈거 라임향 제로카페인 , 355ml, 24개",53827646979,식품,100,음료
1498,2026-05-29 05:30:46.134376,2026-05-29 05:30:46.134376,클룹,브랜드: 클룹 제조사: 이그니스 카테고리: 음료,https://shopping-phinf.pstatic.net/main_8780370/87803707904.21.jpg,1,클룹,28900,28900,"클룹 애사비소다 제로 탄산음료 10종 500ml, 24개",87803707904,식품,100,음료
1499,2026-05-29 05:30:46.137252,2026-05-29 05:30:46.137252,티오피,브랜드: 티오피 제조사: 동서식품 카테고리: 음료,https://shopping-phinf.pstatic.net/main_5293640/52936405761.20250211123300.jpg,1,네이버,20220,20220,"동서식품 티오피 마스터 카페라떼, 275ml, 24개",52936405761,식품,100,음료
1500,2026-05-29 05:30:46.139977,2026-05-29 05:30:46.139977,이노스,브랜드: 이노스 카테고리: 음료,https://shopping-phinf.pstatic.net/main_8906929/89069296144.7.jpg,1,마야 MAYAH,24990,24990,스페인 NFC 대용량 레몬즙 1000ml 4병 착즙 원액,89069296144,식품,100,음료
1501,2026-05-29 05:30:46.421626,2026-05-29 05:30:46.421626,나이키,브랜드: 나이키 제조사: 나이키 카테고리: 남성신발,https://shopping-phinf.pstatic.net/main_8647329/86473295834.29.jpg,1,디스포,57900,57900,나이키 런닝화 레볼루션 8 가벼운 경량 운동화 조깅화,86473295834,패션잡화,100,남성신발
1502,2026-05-29 05:30:46.424572,2026-05-29 05:30:46.424572,나이키,브랜드: 나이키 제조사: 나이키 카테고리: 여성신발,https://shopping-phinf.pstatic.net/main_9064085/90640853243.jpg,1,홍시월드,93900,93900,나이키 P6000 발편한 운동화 러닝화 여성 키높이 P-6000 메탈릭 실버 화이트,90640853243,패션잡화,100,여성신발
1503,2026-05-29 05:30:46.426931,2026-05-29 05:30:46.426931,나이키,브랜드: 나이키 제조사: 나이키 카테고리: 남성신발,https://shopping-phinf.pstatic.net/main_8681989/86819892483.30.jpg,1,히트플레이어,57900,57900,나이키 런닝화 레볼루션 8 남성 가벼운 발볼넓은 운동화 커플 헬스 헬스장,86819892483,패션잡화,100,남성신발
1504,2026-05-29 05:30:46.429133,2026-05-29 05:30:46.429133,아디다스,브랜드: 아디다스 제조사: 아디다스 카테고리: 남성신발,https://shopping-phinf.pstatic.net/main_8918942/89189428644.jpg,1,위드미8143,38300,38300,아디다스 듀라모 RC 남성 여성용 런닝화 운동화 JS4429 JS4428 런블레이즈,89189428644,패션잡화,100,남성신발
1505,2026-05-29 05:30:46.431141,2026-05-29 05:30:46.431141,나이키,브랜드: 나이키 제조사: 나이키 카테고리: 여성신발,https://shopping-phinf.pstatic.net/main_8504923/85049233144.28.jpg,1,블리에이,155900,155900,나이키 줌 보메로 5 메탈릭 실버 발편한 운동화 조깅화,85049233144,패션잡화,100,여성신발
1506,2026-05-29 05:30:46.43323,2026-05-29 05:30:46.43323,나이키,브랜드: 나이키 제조사: 나이키 카테고리: 남성신발,https://shopping-phinf.pstatic.net/main_8556020/85560205779.22.jpg,1,슈커밍,77900,77900,나이키 런닝화 이니시에이터 마라톤화 헬스화,85560205779,패션잡화,100,남성신발
1507,2026-05-29 05:30:46.435351,2026-05-29 05:30:46.435351,뉴발란스,브랜드: 뉴발란스 제조사: 뉴발란스 카테고리: 여성신발,https://shopping-phinf.pstatic.net/main_8289575/82895754565.26.jpg,1,베이지그,107000,107000,뉴발란스 530 운동화 스틸그레이 실버 화이트 베이지 도트 땡땡이,82895754565,패션잡화,100,여성신발
1508,2026-05-29 05:30:46.437488,2026-05-29 05:30:46.437488,스케쳐스,브랜드: 스케쳐스 제조사: 스케쳐스 카테고리: 여성신발,https://shopping-phinf.pstatic.net/main_8362724/83627242173.24.jpg,1,스케쳐스 청주,139000,139000,스케쳐스 여성 맥스쿠셔닝 엘리트 3 SP0ＷRCGX051,83627242173,패션잡화,100,여성신발
1509,2026-05-29 05:30:46.43952,2026-05-29 05:30:46.43952,나이키,브랜드: 나이키 제조사: 나이키 카테고리: 남성신발,https://shopping-phinf.pstatic.net/main_8559086/85590865857.23.jpg,1,슈커밍,57000,57000,(국내매장판) 나이키 런닝화 레볼루션 8 마라톤화 헬스화 가벼운 남성 운동화,85590865857,패션잡화,100,남성신발
1510,2026-05-29 05:30:46.441585,2026-05-29 05:30:46.441585,"",카테고리: 남성신발,https://shopping-phinf.pstatic.net/main_8960365/89603654430.4.jpg,1,무브댓,28000,28000,발편한 발볼넓은 남자 운동화 가벼운 런닝화 헬스 헬스화 조깅화,89603654430,패션잡화,100,남성신발
1511,2026-05-29 05:30:46.443631,2026-05-29 05:30:46.443631,르무통,브랜드: 르무통 제조사: 우주텍 카테고리: 여성신발,https://shopping-phinf.pstatic.net/main_8543827/85438278738.11.jpg,1,르무통,232800,232800,[커플세트] 르무통 발 편한 메리노울 운동화 (2족 이상/교차선택가능),85438278738,패션잡화,100,여성신발
1512,2026-05-29 05:30:46.44577,2026-05-29 05:30:46.44577,나이키,브랜드: 나이키 제조사: 나이키 카테고리: 여성신발,https://shopping-phinf.pstatic.net/main_8688743/86887438954.3.jpg,1,브렌드슈즈마켓,49500,49500,나이키 레볼루션 7 8 여성러닝화 메쉬소재 가벼운운동화 여성헬스화,86887438954,패션잡화,100,여성신발
1513,2026-05-29 05:30:46.447761,2026-05-29 05:30:46.447761,나이키,브랜드: 나이키 제조사: 나이키 카테고리: 남성신발,https://shopping-phinf.pstatic.net/main_8389661/83896613956.14.jpg,1,스니커데이,56900,56900,나이키 레볼루션 8 런닝화 남성 운동화 조깅화 발편한 헬스화 러닝화,83896613956,패션잡화,100,남성신발
1514,2026-05-29 05:30:46.449799,2026-05-29 05:30:46.449799,슈펜,브랜드: 슈펜 제조사: 이랜드 카테고리: 여성신발,https://shopping-phinf.pstatic.net/main_6018888/60188886586.20260529125038.jpg,1,네이버,33910,33910,슈펜 투밴드 메리제인 운동화 HPCR5GS401,60188886586,패션잡화,100,여성신발
1515,2026-05-29 05:30:46.451817,2026-05-29 05:30:46.451817,나이키,브랜드: 나이키 제조사: 나이키 카테고리: 남성신발,https://shopping-phinf.pstatic.net/main_8967077/89670779542.20.jpg,1,Ns 편집매장,159000,159000,나이키 보메로 18 로드 런닝화 가벼운 쿠션 운동화,89670779542,패션잡화,100,남성신발
1516,2026-05-29 05:30:46.453962,2026-05-29 05:30:46.453962,아디다스,브랜드: 아디다스 제조사: 아디다스 카테고리: 남성신발,https://shopping-phinf.pstatic.net/main_8456010/84560107651.129.jpg,1,스니커오프,39900,39900,아디다스 운동화 듀라모 RC 2 발편한 발볼넓은 런닝화 조깅화 헬스화 남성 운동화,84560107651,패션잡화,100,남성신발
1517,2026-05-29 05:30:46.455941,2026-05-29 05:30:46.455941,호카,브랜드: 호카 제조사: 호카 카테고리: 남성신발,https://shopping-phinf.pstatic.net/main_5928728/59287289278.20260317162730.jpg,1,네이버,191990,191990,호카 본디 9 1162011,59287289278,패션잡화,100,남성신발
1518,2026-05-29 05:30:46.457961,2026-05-29 05:30:46.457961,나이키,브랜드: 나이키 제조사: 나이키 카테고리: 남성신발,https://shopping-phinf.pstatic.net/main_8651473/86514732799.23.jpg,1,풋더슈,125900,125900,(국내매장판) 나이키 에어 포스 1 07 로우 올백 맨즈,86514732799,패션잡화,100,남성신발
1519,2026-05-29 05:30:46.459868,2026-05-29 05:30:46.459868,스케쳐스,브랜드: 스케쳐스 제조사: 스케쳐스 카테고리: 남성신발,https://shopping-phinf.pstatic.net/main_8371218/83712180218.11.jpg,1,스케쳐스 청주,159000,159000,스케쳐스 남성 맥스쿠셔닝 아치핏 2.0 슬립인스 SP0ＭRCGX111,83712180218,패션잡화,100,남성신발
1520,2026-05-29 05:30:46.463187,2026-05-29 05:30:46.463187,뉴발란스,브랜드: 뉴발란스 제조사: 뉴발란스 카테고리: 남성신발,https://shopping-phinf.pstatic.net/main_9029970/90299701448.2.jpg,1,슈바이민,179000,179000,뉴발란스 1906A 실버 메탈릭 캐슬락 남녀공용 운동화 M1906AD 레터링 포함,90299701448,패션잡화,100,남성신발
1521,2026-05-29 05:30:46.46534,2026-05-29 05:30:46.46534,나이키,브랜드: 나이키 제조사: 나이키 카테고리: 여성신발,https://shopping-phinf.pstatic.net/main_8512803/85128030945.9.jpg,1,라인블라썸,59000,59000,나이키 슬립온 운동화 끈없는 러닝화 어글리 간편한 경량 데일리 발편한 신발 플래티넘 블랙,85128030945,패션잡화,100,여성신발
1522,2026-05-29 05:30:46.468275,2026-05-29 05:30:46.468275,뉴발란스,브랜드: 뉴발란스 제조사: 뉴발란스 카테고리: 남성신발,https://shopping-phinf.pstatic.net/main_8233938/82339384145.16.jpg,1,런칭샵,139000,139000,(국내매장판AS가능) 뉴발란스 530 성인 런닝화 운동화 스틸그레이 화이트 KA,82339384145,패션잡화,100,남성신발
1523,2026-05-29 05:30:46.470406,2026-05-29 05:30:46.470406,나이키,브랜드: 나이키 제조사: 나이키 카테고리: 여성신발,https://shopping-phinf.pstatic.net/main_8940878/89408784032.3.jpg,1,구름스니커즈,96800,96800,나이키 P-6000 P6000 키높이 런닝화 여성 운동화 여름 메탈릭 실버 화이트,89408784032,패션잡화,100,여성신발
1524,2026-05-29 05:30:46.472331,2026-05-29 05:30:46.472331,호카,브랜드: 호카 제조사: 호카 카테고리: 남성신발,https://shopping-phinf.pstatic.net/main_5964391/59643915030.20260413114128.jpg,1,네이버,231000,231000,호카 마파테 스피드 2 1126851,59643915030,패션잡화,100,남성신발
1525,2026-05-29 05:30:46.474288,2026-05-29 05:30:46.474288,스케쳐스,브랜드: 스케쳐스 제조사: 스케쳐스 카테고리: 여성신발,https://shopping-phinf.pstatic.net/main_8893180/88931802654.2.jpg,1,스케쳐스코리아,109000,109000,[스케쳐스] 남여 고워크 나우 번지 슬립인스,88931802654,패션잡화,100,여성신발
1526,2026-05-29 05:30:46.47628,2026-05-29 05:30:46.47628,슈니엘,브랜드: 슈니엘 제조사: 워크워크코리아 카테고리: 남성신발,https://shopping-phinf.pstatic.net/main_9094246/90942469512.2.jpg,1,슈니엘 공식 온라인스토어,79000,79000,슈니엘 제로워크 발편한 운동화 1등급 미끄럼방지 키높이 런닝화,90942469512,패션잡화,100,남성신발
1527,2026-05-29 05:30:46.478225,2026-05-29 05:30:46.478225,나이키,브랜드: 나이키 제조사: 나이키 카테고리: 남성신발,https://shopping-phinf.pstatic.net/main_8437586/84375862071.29.jpg,1,바비스포츠,52500,52500,나이키 런닝화 레볼루션 7 운동화 헬스화 조깅화 남성용,84375862071,패션잡화,100,남성신발
1528,2026-05-29 05:30:46.480061,2026-05-29 05:30:46.480061,뉴발란스,브랜드: 뉴발란스 제조사: 뉴발란스 카테고리: 남성신발,https://shopping-phinf.pstatic.net/main_8931352/89313528536.3.jpg,1,First Wave,91000,91000,(국내매장판) 뉴발란스 480v5 4E 410v5 2E 워킹화 운동화 공용,89313528536,패션잡화,100,남성신발
1529,2026-05-29 05:30:46.481997,2026-05-29 05:30:46.481997,뉴발란스,브랜드: 뉴발란스 제조사: 뉴발란스 카테고리: 남성신발,https://shopping-phinf.pstatic.net/main_9050271/90502716968.1.jpg,1,히트플레이어,128900,128900,뉴발란스 740 화이트 블랙 실버 발볼넓은 발편한 운동화 커플,90502716968,패션잡화,100,남성신발
1530,2026-05-29 05:30:46.48519,2026-05-29 05:30:46.48519,스케쳐스,브랜드: 스케쳐스 제조사: 스케쳐스 카테고리: 남성신발,https://shopping-phinf.pstatic.net/main_8896549/88965492501.5.jpg,1,스케쳐스 수원영통점,139000,139000,스케쳐스 남성 고워크 아치핏 2.0 슬립인스 SP0ＭWCGX041,88965492501,패션잡화,100,남성신발
1531,2026-05-29 05:30:46.487771,2026-05-29 05:30:46.487771,아디다스,브랜드: 아디다스 제조사: 아디다스 카테고리: 남성신발,https://shopping-phinf.pstatic.net/main_5991307/59913079999.jpg,1,G마켓,37490,37490,[신세계백화점]아디다스 (신세계강남점)New Performance 아디다스 런닝화 갤럭시7,59913079999,패션잡화,100,남성신발
1532,2026-05-29 05:30:46.49047,2026-05-29 05:30:46.49047,스케쳐스,브랜드: 스케쳐스 제조사: 스케쳐스 카테고리: 여성신발,https://shopping-phinf.pstatic.net/main_8904336/89043360598.3.jpg,1,스케쳐스코리아,95000,95000,[스케쳐스] 남여 엣지라이드,89043360598,패션잡화,100,여성신발
1533,2026-05-29 05:30:46.493117,2026-05-29 05:30:46.493117,스케쳐스,브랜드: 스케쳐스 제조사: 스케쳐스 카테고리: 여성신발,https://shopping-phinf.pstatic.net/main_8397407/83974077691.8.jpg,1,스케쳐스 청주,129000,129000,스케쳐스 여성 아치핏 2.0 슬립인스 SL0ＷPCGX051,83974077691,패션잡화,100,여성신발
1534,2026-05-29 05:30:46.496216,2026-05-29 05:30:46.496216,아식스,브랜드: 아식스 제조사: 아식스 카테고리: 남성신발,https://shopping-phinf.pstatic.net/main_8663097/86630975131.16.jpg,1,블리에이,138900,138900,아식스 젤 1130 가벼운 남성 운동화 조깅화,86630975131,패션잡화,100,남성신발
1535,2026-05-29 05:30:46.499598,2026-05-29 05:30:46.499598,르무통,브랜드: 르무통 제조사: 우주텍 카테고리: 남성신발,https://shopping-phinf.pstatic.net/main_6014419/60144194420.20260526115836.jpg,1,네이버,122900,122900,르무통 이지 발 편한 메리노울 로퍼 운동화,60144194420,패션잡화,100,남성신발
1536,2026-05-29 05:30:46.507008,2026-05-29 05:30:46.507008,디스커버리익스페디션,브랜드: 디스커버리익스페디션 카테고리: 남성신발,https://shopping-phinf.pstatic.net/main_3255779/32557794891.20220524100023.jpg,1,네이버,54500,54500,디스커버리익스페디션 조거 플렉스 DXSH2111N,32557794891,패션잡화,100,남성신발
1537,2026-05-29 05:30:46.514817,2026-05-29 05:30:46.514817,스케쳐스,브랜드: 스케쳐스 제조사: 스케쳐스 카테고리: 남성신발,https://shopping-phinf.pstatic.net/main_8686818/86868188566.8.jpg,1,스케쳐스 수원영통점,139000,139000,스케쳐스 남성 맥스쿠셔닝 프리미어 3 SP0ＭRCGX061,86868188566,패션잡화,100,남성신발
1538,2026-05-29 05:30:46.518737,2026-05-29 05:30:46.518737,아식스,브랜드: 아식스 제조사: 아식스 카테고리: 남성신발,https://shopping-phinf.pstatic.net/main_8868952/88689523998.11.jpg,1,플레이그라운드 도쿄,159000,159000,아식스 노바블라스트 5 남자 런닝화 1011B974,88689523998,패션잡화,100,남성신발
1539,2026-05-29 05:30:46.521887,2026-05-29 05:30:46.521887,호카,브랜드: 호카 제조사: 호카 카테고리: 남성신발,https://shopping-phinf.pstatic.net/main_5523039/55230399994.20250829100653.jpg,1,네이버,229000,229000,호카 본디 9 와이드 러닝화 1162013 BBLC 블랙,55230399994,패션잡화,100,남성신발
1540,2026-05-29 05:30:46.524898,2026-05-29 05:30:46.524898,호카,브랜드: 호카 카테고리: 남성신발,https://shopping-phinf.pstatic.net/main_8930536/89305362088.4.jpg,1,37DEGREES,229000,229000,호카 운동화 본디 9 일상화 런닝화,89305362088,패션잡화,100,남성신발
1541,2026-05-29 05:30:46.527816,2026-05-29 05:30:46.527816,엘칸토,브랜드: 엘칸토 제조사: 엘칸토 카테고리: 남성신발,https://shopping-phinf.pstatic.net/main_8350412/83504123871.19.jpg,1,엘칸토,45900,45900,[엘칸토] 남성 스니커즈 슬립온 가벼운 발편한 쿠션 캐주얼 슈즈 모음,83504123871,패션잡화,100,남성신발
1542,2026-05-29 05:30:46.530514,2026-05-29 05:30:46.530514,나이키,브랜드: 나이키 제조사: 나이키 카테고리: 남성신발,https://shopping-phinf.pstatic.net/main_8934468/89344686242.5.jpg,1,풋더슈,148900,148900,(국내매장판) 나이키 보메로 18 맨즈 올블랙 플러스,89344686242,패션잡화,100,남성신발
1609,2026-05-29 05:30:47.076206,2026-05-29 05:30:47.076206,라온핏,브랜드: 라온핏 카테고리: 요가/필라테스,https://shopping-phinf.pstatic.net/main_9021352/90213529340.jpg,1,킹카스포츠,28900,28900,185x80cm 스트랩포함 폭신한 요가매트 20mm,90213529340,스포츠/레저,100,요가/필라테스
1543,2026-05-29 05:30:46.532598,2026-05-29 05:30:46.532598,아디다스,브랜드: 아디다스 제조사: 아디다스 카테고리: 여성신발,https://shopping-phinf.pstatic.net/main_8807804/88078049111.45.jpg,1,유어유스.,44900,44900,아디다스 여자런닝화 발볼넓은런닝화 조깅화 듀라모RC2 흰검 가벼운 여자운동화,88078049111,패션잡화,100,여성신발
1544,2026-05-29 05:30:46.534898,2026-05-29 05:30:46.534898,프로스펙스,브랜드: 프로스펙스 제조사: LS네트웍스 카테고리: 남성신발,https://shopping-phinf.pstatic.net/main_5466914/54669149317.20250509093113.jpg,1,네이버,37440,37440,프로스펙스 소프트랩 SP PW0UW24S241 블랙,54669149317,패션잡화,100,남성신발
1545,2026-05-29 05:30:46.537053,2026-05-29 05:30:46.537053,스케쳐스,브랜드: 스케쳐스 제조사: 스케쳐스 카테고리: 여성신발,https://shopping-phinf.pstatic.net/main_8694940/86949407855.5.jpg,1,스케쳐스 수원영통점,149000,149000,스케쳐스 여성 고워크 맥스쿠셔닝 아치핏 슬립인스 SP0ＷWCGX081,86949407855,패션잡화,100,여성신발
1546,2026-05-29 05:30:46.539086,2026-05-29 05:30:46.539086,아식스,브랜드: 아식스 제조사: 아식스 카테고리: 남성신발,https://shopping-phinf.pstatic.net/main_8962848/89628485459.8.jpg,1,오사카와이,130100,130100,아식스 노바블라스트 5 러닝화 런닝화 쿠션화 마라톤화 남성 1011B974,89628485459,패션잡화,100,남성신발
1547,2026-05-29 05:30:46.541239,2026-05-29 05:30:46.541239,뉴발란스,브랜드: 뉴발란스 제조사: 뉴발란스 카테고리: 남성신발,https://shopping-phinf.pstatic.net/main_8899701/88997011409.7.jpg,1,슈물주,128000,128000,[국내당일] 뉴발란스 740 블랙 실버 U740BM2,88997011409,패션잡화,100,남성신발
1548,2026-05-29 05:30:46.543404,2026-05-29 05:30:46.543404,라코스테,브랜드: 라코스테 제조사: 라코스테 카테고리: 남성신발,https://shopping-phinf.pstatic.net/main_8889852/88898520762.3.jpg,1,HILUX,67900,67900,[국내매장판] 라코스테 남자 신발 가죽 운동화 스니커즈 단화 카나비,88898520762,패션잡화,100,남성신발
1549,2026-05-29 05:30:46.547489,2026-05-29 05:30:46.547489,나이키,브랜드: 나이키 제조사: 나이키 카테고리: 여성신발,https://shopping-phinf.pstatic.net/main_8594390/85943901222.1.jpg,1,메이커 쇼핑,49000,49000,나이키 레볼루션 7 8 메쉬운동화 여성 남성 메쉬운동화 런닝화 헬스화,85943901222,패션잡화,100,여성신발
1550,2026-05-29 05:30:46.549992,2026-05-29 05:30:46.549992,나이키,브랜드: 나이키 제조사: 나이키 카테고리: 남성신발,https://shopping-phinf.pstatic.net/main_8836800/88368001587.16.jpg,1,디스포,97900,97900,나이키 P6000 키높이 레트로 러닝 운동화 P-6000,88368001587,패션잡화,100,남성신발
1551,2026-05-29 05:30:46.552204,2026-05-29 05:30:46.552204,나이키,브랜드: 나이키 제조사: 나이키 카테고리: 여성신발,https://shopping-phinf.pstatic.net/main_8635748/86357489226.19.jpg,1,블리에이,107500,107500,나이키 우먼스 V2K 런 테크 서밋화이트 메탈릭 실버 런닝화 가벼운 운동화,86357489226,패션잡화,100,여성신발
1552,2026-05-29 05:30:46.554425,2026-05-29 05:30:46.554425,나이키,브랜드: 나이키 제조사: 나이키 카테고리: 여성신발,https://shopping-phinf.pstatic.net/main_9060264/90602643634.jpg,1,구름스니커즈,99000,99000,나이키 P-6000 P6000 키높이 런닝화 여성 운동화 여름 써밋 화이트,90602643634,패션잡화,100,여성신발
1553,2026-05-29 05:30:46.556592,2026-05-29 05:30:46.556592,아디다스,브랜드: 아디다스 제조사: 아디다스 카테고리: 남성신발,https://shopping-phinf.pstatic.net/main_5579929/55799290472.20250715150812.jpg,1,네이버,149000,149000,아디다스 아디제로 EVO SL JH6206 화이트,55799290472,패션잡화,100,남성신발
1554,2026-05-29 05:30:46.5588,2026-05-29 05:30:46.5588,바디인솔,브랜드: 바디인솔 카테고리: 남성신발,https://shopping-phinf.pstatic.net/main_9092113/90921138518.jpg,1,바디인솔,9900,9900,바디인솔 남녀공용 초경량 아쿠아슈즈 논슬립 워터슈즈 커플 물놀이 워터파크 바다 여름 신발,90921138518,패션잡화,100,남성신발
1555,2026-05-29 05:30:46.560846,2026-05-29 05:30:46.560846,호카,브랜드: 호카 제조사: 호카 카테고리: 여성신발,https://shopping-phinf.pstatic.net/main_5958779/59587791630.20260408143241.jpg,1,네이버,217630,217630,호카 본디 9 러닝화 1162012,59587791630,패션잡화,100,여성신발
1556,2026-05-29 05:30:46.562792,2026-05-29 05:30:46.562792,르무통,브랜드: 르무통 제조사: 우주텍 카테고리: 남성신발,https://shopping-phinf.pstatic.net/main_6014406/60144065650.20260526105848.jpg,1,네이버,122900,122900,르무통 워크 발 편한 메리노울 메쉬 운동화,60144065650,패션잡화,100,남성신발
1557,2026-05-29 05:30:46.565297,2026-05-29 05:30:46.565297,위베런,브랜드: 위베런 제조사: 원더코퍼레이션 카테고리: 남성신발,https://shopping-phinf.pstatic.net/main_1171146/11711466420.11.jpg,1,위베런,16900,16900,위베런 에어라이드 아쿠아슈즈 워터 파크 슈즈 1초배수 남자 여성 성인 여름 물놀이 신발,11711466420,패션잡화,100,남성신발
1558,2026-05-29 05:30:46.567485,2026-05-29 05:30:46.567485,미즈노,브랜드: 미즈노 제조사: 미즈노 카테고리: 남성신발,https://shopping-phinf.pstatic.net/main_5985442/59854425487.20260430112300.jpg,1,네이버,71330,71330,미즈노 MXR D1GA2451,59854425487,패션잡화,100,남성신발
1559,2026-05-29 05:30:46.570386,2026-05-29 05:30:46.570386,아식스,브랜드: 아식스 제조사: 아식스 카테고리: 남성신발,https://shopping-phinf.pstatic.net/main_8921795/89217952006.4.jpg,1,디자인  봄이네,119000,119000,(국내매장판) 아식스 젤 1130 화이트 클라우드 그레이 / 크림 클레이 그레이,89217952006,패션잡화,100,남성신발
1560,2026-05-29 05:30:46.57246,2026-05-29 05:30:46.57246,나이키,브랜드: 나이키 제조사: 나이키 카테고리: 남성신발,https://shopping-phinf.pstatic.net/main_8667810/86678107333.17.jpg,1,와일드덕,99000,99000,나이키 메트콘 10 9 프리메트콘 7 6 5 헬스 크로스핏 트레이닝화 운동화 헬스화,86678107333,패션잡화,100,남성신발
1561,2026-05-29 05:30:46.574588,2026-05-29 05:30:46.574588,뉴발란스,브랜드: 뉴발란스 제조사: 뉴발란스 카테고리: 여성신발,https://shopping-phinf.pstatic.net/main_8332238/83322380696.3.jpg,1,나이스토어,119000,119000,뉴발란스 327 문빔 흰검 민트 화이트 울프그린 그레이 블랙 오렌지 씨솔트,83322380696,패션잡화,100,여성신발
1562,2026-05-29 05:30:46.576514,2026-05-29 05:30:46.576514,스케쳐스,브랜드: 스케쳐스 제조사: 스케쳐스 카테고리: 여성신발,https://shopping-phinf.pstatic.net/main_8736191/87361912996.3.jpg,1,스케쳐스 수원영통점,159000,159000,스케쳐스 여성 맥스쿠셔닝 아치핏 2.0 슬립인스 SP0ＷRCGX101,87361912996,패션잡화,100,여성신발
1563,2026-05-29 05:30:46.578569,2026-05-29 05:30:46.578569,아디다스,브랜드: 아디다스 제조사: 아디다스 카테고리: 여성신발,https://shopping-phinf.pstatic.net/main_5995350/59953504695.20260507122509.jpg,1,네이버,143200,143200,아디다스 아디제로 보스턴 13 JS494,59953504695,패션잡화,100,여성신발
1564,2026-05-29 05:30:46.580399,2026-05-29 05:30:46.580399,아디다스,브랜드: 아디다스 제조사: 아디다스 카테고리: 남성신발,https://shopping-phinf.pstatic.net/main_5810245/58102451916.20251211144941.jpg,1,네이버,114530,114530,아디다스 아디제로 보스턴 13 러닝화 JS493,58102451916,패션잡화,100,남성신발
1565,2026-05-29 05:30:46.582284,2026-05-29 05:30:46.582284,비킷,브랜드: 비킷 제조사: 비킷 카테고리: 남성신발,https://shopping-phinf.pstatic.net/main_8210402/82104022923.4.jpg,1,7일간의 휴가,19900,19900,비킷 남자 여자 아쿠아슈즈 워터파크 물놀이 신발 인천공항 면세점 입점,82104022923,패션잡화,100,남성신발
1566,2026-05-29 05:30:46.58411,2026-05-29 05:30:46.58411,"",제조사: 나이키 카테고리: 여성신발,https://shopping-phinf.pstatic.net/main_8968323/89683231123.2.jpg,1,구름스니커즈,119900,119900,나이키 에어맥스 키높이 굽높은 어글리 여성 운동화 런닝화 HF3053 블랙,89683231123,패션잡화,100,여성신발
1567,2026-05-29 05:30:46.585955,2026-05-29 05:30:46.585955,나이키,브랜드: 나이키 제조사: 나이키 카테고리: 남성신발,https://shopping-phinf.pstatic.net/main_9001900/90019008455.12.jpg,1,와일드덕,149000,149000,나이키 보메로 18 보메로 플러스 로드 런닝화 가벼운 쿠션 고어텍스 운동화,90019008455,패션잡화,100,남성신발
1568,2026-05-29 05:30:46.587701,2026-05-29 05:30:46.587701,뉴발란스,브랜드: 뉴발란스 카테고리: 여성신발,https://shopping-phinf.pstatic.net/main_5737108/57371080391.jpg,1,4910,92650,92650,[뉴발란스] 1906 740 스니커즈 실버메탈릭 그레이 블랙 화이트,57371080391,패션잡화,100,여성신발
1569,2026-05-29 05:30:46.589549,2026-05-29 05:30:46.589549,아키클래식,브랜드: 아키클래식 제조사: 아키클래식 카테고리: 남성신발,https://shopping-phinf.pstatic.net/main_5649745/56497458994.20250829095757.jpg,1,네이버,84800,84800,아키클래식 범퍼 트레이너 AKALAUW08,56497458994,패션잡화,100,남성신발
1570,2026-05-29 05:30:46.591257,2026-05-29 05:30:46.591257,위베런,브랜드: 위베런 제조사: 원더코퍼레이션 카테고리: 남성신발,https://shopping-phinf.pstatic.net/main_8621643/86216438290.6.jpg,1,위베런,16900,16900,위베런 제로핏 아쿠아슈즈 워터 파크 슈즈 남성 여성 여름 물놀이 신발,86216438290,패션잡화,100,남성신발
1571,2026-05-29 05:30:46.593012,2026-05-29 05:30:46.593012,밸롭,브랜드: 밸롭 제조사: 지티에스글로벌 카테고리: 남성신발,https://shopping-phinf.pstatic.net/main_5916620/59166200895.20260317155018.jpg,1,네이버,79000,79000,밸롭 글라이드 쿠션 러닝화,59166200895,패션잡화,100,남성신발
1572,2026-05-29 05:30:46.594689,2026-05-29 05:30:46.594689,호카,브랜드: 호카 제조사: 호카 카테고리: 남성신발,https://shopping-phinf.pstatic.net/main_5645412/56454122237.20260313122145.jpg,1,네이버,111270,111270,호카 클리프톤 10 1162030,56454122237,패션잡화,100,남성신발
1573,2026-05-29 05:30:46.596393,2026-05-29 05:30:46.596393,나이키,브랜드: 나이키 제조사: 나이키 카테고리: 여성신발,https://shopping-phinf.pstatic.net/main_5492379/54923793186.20250523102902.jpg,1,네이버,47350,47350,나이키 레볼루션 8 HJ8485 001 블랙 &amp; 아이언 그레이 &amp; 화이트,54923793186,패션잡화,100,여성신발
1574,2026-05-29 05:30:46.598283,2026-05-29 05:30:46.598283,아디다스,브랜드: 아디다스 제조사: 아디다스 카테고리: 남성신발,https://shopping-phinf.pstatic.net/main_5454435/54544359410.20250502153050.jpg,1,네이버,60900,60900,아디다스 삼바 OG B75807 코어 블랙 &amp; 클라우드 화이트 &amp; 검,54544359410,패션잡화,100,남성신발
1575,2026-05-29 05:30:46.600021,2026-05-29 05:30:46.600021,르무통,브랜드: 르무통 제조사: 우주텍 카테고리: 여성신발,https://shopping-phinf.pstatic.net/main_4019148/40191482618.20250519113508.jpg,1,네이버,116900,116900,르무통 포레스트 메리노울 운동화,40191482618,패션잡화,100,여성신발
1576,2026-05-29 05:30:46.601915,2026-05-29 05:30:46.601915,밸롭,브랜드: 밸롭 제조사: 지티에스글로벌 카테고리: 남성신발,https://shopping-phinf.pstatic.net/main_5978557/59785570047.20260424102546.jpg,1,네이버,60000,60000,밸롭 썬더 R2 러닝화,59785570047,패션잡화,100,남성신발
1577,2026-05-29 05:30:46.603691,2026-05-29 05:30:46.603691,뉴발란스,브랜드: 뉴발란스 제조사: 티원 카테고리: 남성신발,https://shopping-phinf.pstatic.net/main_5737104/57371048217.jpg,1,4910,77080,77080,[뉴발란스] 530 운동화 MR530SG MR530AD MR530KA 스틸 그레이,57371048217,패션잡화,100,남성신발
1578,2026-05-29 05:30:46.606028,2026-05-29 05:30:46.606028,아디다스,브랜드: 아디다스 카테고리: 남성신발,https://shopping-phinf.pstatic.net/main_5593301/55933010916.4.jpg,1,11번가,35000,35000,[30%즉할]아디다스 운동화 스니커즈 삼바 남성 여성 발편한 가벼운 런닝화 조깅화 헬스화,55933010916,패션잡화,100,남성신발
1579,2026-05-29 05:30:46.607865,2026-05-29 05:30:46.607865,나이키,브랜드: 나이키 제조사: 나이키 카테고리: 남성신발,https://shopping-phinf.pstatic.net/main_9068171/90681719236.jpg,1,L.A.M.S,125000,125000,[국내매장판] 나이키 에어포스 1 07 로우 올백 올검 화이트 블랙 된장 브라운 여성 남성,90681719236,패션잡화,100,남성신발
1580,2026-05-29 05:30:46.613906,2026-05-29 05:30:46.613906,"",카테고리: 남성신발,https://shopping-phinf.pstatic.net/main_8632132/86321327588.3.jpg,1,데이닉,19900,19900,데이닉 아쿠아슈즈 여성 남성 밴딩 성인 워터슈즈 물놀이 남여공용,86321327588,패션잡화,100,남성신발
1581,2026-05-29 05:30:46.617014,2026-05-29 05:30:46.617014,아쿠런,브랜드: 아쿠런 제조사: 디카팩 카테고리: 남성신발,https://shopping-phinf.pstatic.net/main_3599113/35991136618.20250409205522.jpg,1,네이버,18200,18200,아쿠런 베이직 아쿠아슈즈,35991136618,패션잡화,100,남성신발
1582,2026-05-29 05:30:46.620018,2026-05-29 05:30:46.620018,뉴발란스,브랜드: 뉴발란스 제조사: 뉴발란스 카테고리: 여성신발,https://shopping-phinf.pstatic.net/main_8815517/88155176927.5.jpg,1,캄화멀티샵,185920,185920,뉴발란스 1906R 하버 그레이 실버 메탈릭 블랙 M1906REH M1906RES,88155176927,패션잡화,100,여성신발
1583,2026-05-29 05:30:46.622552,2026-05-29 05:30:46.622552,위베런,브랜드: 위베런 제조사: 원더코퍼레이션 카테고리: 남성신발,https://shopping-phinf.pstatic.net/main_8213454/82134541828.11.jpg,1,위베런,12900,12900,위베런 아쿠아슈즈 워터 파크 슈즈 1초배수 아쿠아 삭스 성인 여름 물놀이 신발,82134541828,패션잡화,100,남성신발
1584,2026-05-29 05:30:46.624939,2026-05-29 05:30:46.624939,나이키,브랜드: 나이키 제조사: 나이키 카테고리: 남성신발,https://shopping-phinf.pstatic.net/main_8651249/86512491335.4.jpg,1,와일드덕,119000,119000,나이키 에어 줌 페가수스 42 41 40 39 로드 런닝화 킵초게 고어텍스 운동화 워킹화,86512491335,패션잡화,100,남성신발
1585,2026-05-29 05:30:46.627088,2026-05-29 05:30:46.627088,알타이카,브랜드: 알타이카 카테고리: 남성신발,https://shopping-phinf.pstatic.net/main_8217939/82179390546.7.jpg,1,알타이카,13800,13800,발편한 운동화 남자 운동화 여름 커플 실내 메쉬 헬스 런닝화 헬스화 가벼운 조깅화 신발,82179390546,패션잡화,100,남성신발
1586,2026-05-29 05:30:46.629328,2026-05-29 05:30:46.629328,아디다스,브랜드: 아디다스 제조사: 아디다스 카테고리: 남성신발,https://shopping-phinf.pstatic.net/main_5496867/54968671329.20250526120440.jpg,1,네이버,82930,82930,아디다스 삼바 OG B75806 클라우드 화이트 &amp; 코어 블랙 &amp; 클리어 그래니트,54968671329,패션잡화,100,남성신발
1610,2026-05-29 05:30:47.078457,2026-05-29 05:30:47.078457,라온핏,브랜드: 라온핏 카테고리: 요가/필라테스,https://shopping-phinf.pstatic.net/main_9021352/90213529338.jpg,1,킹카스포츠,9900,9900,180x61cm 스트랩포함 가벼운 요가매트 10mm,90213529338,스포츠/레저,100,요가/필라테스
1587,2026-05-29 05:30:46.631402,2026-05-29 05:30:46.631402,뉴발란스,브랜드: 뉴발란스 제조사: 뉴발란스 카테고리: 남성신발,https://shopping-phinf.pstatic.net/main_9049135/90491357352.1.jpg,1,바비스포츠,147000,147000,뉴발란스 런닝화 프레쉬폼X 860 V14 발볼넓은 발편한 경량 마라톤화 안정화 운동화,90491357352,패션잡화,100,남성신발
1588,2026-05-29 05:30:46.633636,2026-05-29 05:30:46.633636,나이키,브랜드: 나이키 제조사: 나이키 카테고리: 여성신발,https://shopping-phinf.pstatic.net/main_6005259/60052593186.20260515161903.jpg,1,네이버,90780,90780,나이키 에어맥스 모토 2K HQ2056,60052593186,패션잡화,100,여성신발
1589,2026-05-29 05:30:46.635733,2026-05-29 05:30:46.635733,뉴발란스,브랜드: 뉴발란스 제조사: 뉴발란스 카테고리: 남성신발,https://shopping-phinf.pstatic.net/main_5538123/55381230733.20250619145834.jpg,1,네이버,71900,71900,뉴발란스 ML2002RC 그레이,55381230733,패션잡화,100,남성신발
1590,2026-05-29 05:30:46.63786,2026-05-29 05:30:46.63786,노다,브랜드: 노다 카테고리: 남성신발,https://shopping-phinf.pstatic.net/main_5673021/56730213781.20250914161638.jpg,1,네이버,240270,240270,노다 001 NORDA001A-M,56730213781,패션잡화,100,남성신발
1591,2026-05-29 05:30:46.639939,2026-05-29 05:30:46.639939,나이키,브랜드: 나이키 제조사: 나이키 카테고리: 남성신발,https://shopping-phinf.pstatic.net/main_5359904/53599047473.20250317160852.jpg,1,네이버,67500,67500,나이키 에어 포스 1 07 CW2288 111 화이트,53599047473,패션잡화,100,남성신발
1592,2026-05-29 05:30:46.643181,2026-05-29 05:30:46.643181,호카,브랜드: 호카 제조사: 호카 카테고리: 남성신발,https://shopping-phinf.pstatic.net/main_8790138/87901383032.6.jpg,1,베이지그,213000,213000,호카 본디9 러닝화 운동화 와이드 레귤러 블랙 화이트 1162013-BBLC,87901383032,패션잡화,100,남성신발
1593,2026-05-29 05:30:46.645487,2026-05-29 05:30:46.645487,아디다스,브랜드: 아디다스 제조사: 아디다스 카테고리: 남성신발,https://shopping-phinf.pstatic.net/main_8984405/89844054385.20.jpg,1,남자S쿠션화플러스안정화M,43000,43000,아디다스 듀라모 sl2 스피드 와이드 아디다스 갤럭시 7 아디다스 갤럭시 런,89844054385,패션잡화,100,남성신발
1594,2026-05-29 05:30:46.647594,2026-05-29 05:30:46.647594,뉴발란스,브랜드: 뉴발란스 카테고리: 남성신발,https://shopping-phinf.pstatic.net/main_5921684/59216845585.1.jpg,1,SSG닷컴,70434,70434,(정품) 뉴발란스 740 530 410 블랙 스틸그레이 택일( U740BM2 MR530KA ),59216845585,패션잡화,100,남성신발
1595,2026-05-29 05:30:46.649792,2026-05-29 05:30:46.649792,위크나인,브랜드: 위크나인 제조사: 위크나인 카테고리: 남성신발,https://shopping-phinf.pstatic.net/main_8080669/80806693010.10.jpg,1,위크나인,23600,23600,위크나인 남자 여자 아쿠아슈즈 커플 워터슈즈 워터파크 물놀이 신발 아쿠아나인V2,80806693010,패션잡화,100,남성신발
1596,2026-05-29 05:30:46.651846,2026-05-29 05:30:46.651846,뉴발란스,브랜드: 뉴발란스 제조사: 뉴발란스 카테고리: 남성신발,https://shopping-phinf.pstatic.net/main_2760351/27603511048.20250530123941.jpg,1,네이버,64000,64000,뉴발란스 530 MR530KA 스틸 그레이,27603511048,패션잡화,100,남성신발
1597,2026-05-29 05:30:46.653836,2026-05-29 05:30:46.653836,아식스,브랜드: 아식스 제조사: 아식스 카테고리: 남성신발,https://shopping-phinf.pstatic.net/main_5872609/58726098660.20260130181458.jpg,1,네이버,169000,169000,아식스 노바블라스트 5 2E 와이드 1011B975,58726098660,패션잡화,100,남성신발
1598,2026-05-29 05:30:46.655667,2026-05-29 05:30:46.655667,나이키,브랜드: 나이키 제조사: 나이키 카테고리: 남성신발,https://shopping-phinf.pstatic.net/main_5492378/54923781233.20250523102236.jpg,1,네이버,56000,56000,나이키 레볼루션 8 HJ9198 003 블랙 &amp; 블랙 &amp; 화이트,54923781233,패션잡화,100,남성신발
1599,2026-05-29 05:30:46.65765,2026-05-29 05:30:46.65765,나이키,브랜드: 나이키 제조사: 나이키 카테고리: 남성신발,https://shopping-phinf.pstatic.net/main_6004064/60040646448.20260514160942.jpg,1,네이버,51560,51560,나이키 다운시프터 14 로드 러닝화 IB1895,60040646448,패션잡화,100,남성신발
1600,2026-05-29 05:30:46.659585,2026-05-29 05:30:46.659585,나이키,브랜드: 나이키 제조사: 나이키 카테고리: 여성신발,https://shopping-phinf.pstatic.net/main_5450629/54506295462.20250430120732.jpg,1,네이버,74900,74900,나이키 P-6000 FV6603 101 메탈릭 서밋 화이트 &amp; 퓨어 플래티넘 &amp; 울프 그레이 &amp; 화이트,54506295462,패션잡화,100,여성신발
1601,2026-05-29 05:30:47.049178,2026-05-29 05:30:47.049178,이고진,브랜드: 이고진 제조사: 이고진 카테고리: 요가/필라테스,https://shopping-phinf.pstatic.net/main_5938660/59386605504.20260406095641.jpg,1,네이버,18600,18600,이고진 TPE 요가매트,59386605504,스포츠/레저,100,요가/필라테스
1602,2026-05-29 05:30:47.055966,2026-05-29 05:30:47.055966,호스커스,브랜드: 호스커스 제조사: 호스커스 카테고리: 요가/필라테스,https://shopping-phinf.pstatic.net/main_8257935/82579351820.8.jpg,1,호스커스,31900,31900,운동 요가 매트 두꺼운 50mm 링피트 홈트 헬스 접이식 홈트레이닝 층간소음 기본형,82579351820,스포츠/레저,100,요가/필라테스
1603,2026-05-29 05:30:47.060531,2026-05-29 05:30:47.060531,밸런시스,브랜드: 밸런시스 제조사: 밸런시스 카테고리: 요가/필라테스,https://shopping-phinf.pstatic.net/main_5257955/52579551417.20250121090940.jpg,1,네이버,35900,35900,밸런시스 TPE 요가매트 10mm,52579551417,스포츠/레저,100,요가/필라테스
1604,2026-05-29 05:30:47.063674,2026-05-29 05:30:47.063674,고무나라,브랜드: 고무나라 제조사: 고무나라 카테고리: 요가/필라테스,https://shopping-phinf.pstatic.net/main_8272289/82722896818.19.jpg,1,고무나라,49000,49000,고무나라 운동매트 50mm 접이식 두꺼운 홈트 헬스 층간소음 링피트 스트레칭 필라테스 논슬립 대형 넓은 요가 헬스장 홈트레이닝 일반,82722896818,스포츠/레저,100,요가/필라테스
1605,2026-05-29 05:30:47.066758,2026-05-29 05:30:47.066758,밸런시스,브랜드: 밸런시스 제조사: 밸런시스 카테고리: 요가/필라테스,https://shopping-phinf.pstatic.net/main_5366395/53663959196.20250320110319.jpg,1,네이버,23900,23900,밸런시스 NEW NR1 센터라인 요가매트 6.3mm,53663959196,스포츠/레저,100,요가/필라테스
1606,2026-05-29 05:30:47.069555,2026-05-29 05:30:47.069555,밸런시스,브랜드: 밸런시스 제조사: 밸런시스 카테고리: 요가/필라테스,https://shopping-phinf.pstatic.net/main_8796723/87967239924.10.jpg,1,밸런시스  본사,49000,49000,밸런시스 NR8 프리미엄 요가매트 독일원료,87967239924,스포츠/레저,100,요가/필라테스
1607,2026-05-29 05:30:47.071834,2026-05-29 05:30:47.071834,"",카테고리: 요가/필라테스,https://shopping-phinf.pstatic.net/main_8843798/88437985471.1.jpg,1,온더어스,28400,28400,요가매트 추천 두꺼운 홈트 필라테스 헬스 와이드운동매트 블랙 친환경 185X61cm 20mm 블랙,88437985471,스포츠/레저,100,요가/필라테스
1608,2026-05-29 05:30:47.074087,2026-05-29 05:30:47.074087,밸런시스,브랜드: 밸런시스 제조사: 밸런시스 카테고리: 요가/필라테스,https://shopping-phinf.pstatic.net/main_5832838/58328386347.20251230113247.jpg,1,네이버,31900,31900,밸런시스 TPE 프로 요카매트 8mm,58328386347,스포츠/레저,100,요가/필라테스
1611,2026-05-29 05:30:47.08054,2026-05-29 05:30:47.08054,멜킨스포츠,브랜드: 멜킨스포츠 제조사: 멜킨스포츠 카테고리: 요가/필라테스,https://shopping-phinf.pstatic.net/main_8505008/85050087425.4.jpg,1,멜킨스포츠,17700,17700,멜킨 NBR 요가매트 스탠다드 20mm 두꺼운 논슬립 필라테스 홈트 헬스 층간소음 운동매트,85050087425,스포츠/레저,100,요가/필라테스
1612,2026-05-29 05:30:47.08285,2026-05-29 05:30:47.08285,라온핏,브랜드: 라온핏 제조사: 킹카스포츠 카테고리: 요가/필라테스,https://shopping-phinf.pstatic.net/main_9041832/90418325857.jpg,1,킹카스포츠,36800,36800,라온핏 NBR 프리미엄 자이언트 요가매트 20mm 넓고 두꺼운 매트,90418325857,스포츠/레저,100,요가/필라테스
1613,2026-05-29 05:30:47.085876,2026-05-29 05:30:47.085876,멜킨스포츠,브랜드: 멜킨스포츠 제조사: 멜킨스포츠 카테고리: 요가/필라테스,https://shopping-phinf.pstatic.net/main_8466922/84669220448.3.jpg,1,멜킨스포츠,15800,15800,멜킨 TPE 요가매트 스탠다드 6mm 논슬립 층간소음 필라테스 운동 홈트 스트레칭 매트,84669220448,스포츠/레저,100,요가/필라테스
1614,2026-05-29 05:30:47.088101,2026-05-29 05:30:47.088101,고무나라,브랜드: 고무나라 제조사: 고무나라 카테고리: 요가/필라테스,https://shopping-phinf.pstatic.net/main_8325995/83259954186.13.jpg,1,고무나라,17700,17700,고무나라 NBR 요가매트 20mm 두꺼운 필라테스 홈트 스트레칭 헬스 운동 층간소음 매트,83259954186,스포츠/레저,100,요가/필라테스
1615,2026-05-29 05:30:47.090227,2026-05-29 05:30:47.090227,만두카,브랜드: 만두카 제조사: 만두카 카테고리: 요가/필라테스,https://shopping-phinf.pstatic.net/main_8774283/87742833875.1.jpg,1,Otoh,156800,156800,만두카 요가매트 프로,87742833875,스포츠/레저,100,요가/필라테스
1616,2026-05-29 05:30:47.092135,2026-05-29 05:30:47.092135,가네샤요가프랍스,브랜드: 가네샤요가프랍스 제조사: 엔씨엔스페이스 카테고리: 요가/필라테스,https://shopping-phinf.pstatic.net/main_8056557/80565578920.256.jpg,1,GANESHA,60900,60900,가네샤요가프랍스 가네샤 요가매트 오리진 5MM 오리진시리즈,80565578920,스포츠/레저,100,요가/필라테스
1617,2026-05-29 05:30:47.094107,2026-05-29 05:30:47.094107,멜킨스포츠,브랜드: 멜킨스포츠 제조사: 멜킨스포츠 카테고리: 요가/필라테스,https://shopping-phinf.pstatic.net/main_8295857/82958577001.7.jpg,1,멜킨스포츠,8600,8600,멜킨 NBR 요가매트 스탠다드 10mm 두꺼운 논슬립 필라테스 홈트 헬스 층간소음 운동매트,82958577001,스포츠/레저,100,요가/필라테스
1618,2026-05-29 05:30:47.095995,2026-05-29 05:30:47.095995,이고진,브랜드: 이고진 제조사: 이고진 카테고리: 요가/필라테스,https://shopping-phinf.pstatic.net/main_8445995/84459953349.25.jpg,1,이고진헬스,39500,39500,이고진 3단 접이식 요핏 운동매트 요가매트 두꺼운 층간소음 폴딩 50mm,84459953349,스포츠/레저,100,요가/필라테스
1619,2026-05-29 05:30:47.09901,2026-05-29 05:30:47.09901,고무나라,브랜드: 고무나라 제조사: 고무나라 카테고리: 요가/필라테스,https://shopping-phinf.pstatic.net/main_8189687/81896870373.2.jpg,1,고무나라,19400,19400,고무나라 TPE 요가매트 8mm 센터라인 안밀리는 논슬립 홈트 운동 스포츠 홈트레이닝 스트레칭 헬스 두꺼운 필라테스,81896870373,스포츠/레저,100,요가/필라테스
1620,2026-05-29 05:30:47.101086,2026-05-29 05:30:47.101086,멜킨스포츠,브랜드: 멜킨스포츠 제조사: 멜킨스포츠 카테고리: 요가/필라테스,https://shopping-phinf.pstatic.net/main_8871945/88719458598.jpg,1,멜킨스포츠,49000,49000,멜킨 TPE 요가매트 와이드헤븐 대형 필라테스 운동 홈트 논슬립 10x1300mm 매트,88719458598,스포츠/레저,100,요가/필라테스
1621,2026-05-29 05:30:47.102969,2026-05-29 05:30:47.102969,"",제조사: 원빈산업 카테고리: 요가/필라테스,https://shopping-phinf.pstatic.net/main_1111923/11119239755.11.jpg,1,원빈산업,46400,46400,양면 국산 PVC 요가매트 16mm 와이드 홈트매트 두꺼운 대형 운동매트,11119239755,스포츠/레저,100,요가/필라테스
1622,2026-05-29 05:30:47.104832,2026-05-29 05:30:47.104832,고무나라,브랜드: 고무나라 제조사: 고무나라 카테고리: 요가/필라테스,https://shopping-phinf.pstatic.net/main_8250354/82503545145.46.jpg,1,고무나라,15700,15700,고무나라 TPE 요가매트 6mm 논슬립 운동 홈트 헬스 스포츠 두꺼운 고밀도 필라테스 스트레칭,82503545145,스포츠/레저,100,요가/필라테스
1623,2026-05-29 05:30:47.106545,2026-05-29 05:30:47.106545,가네샤요가프랍스,브랜드: 가네샤요가프랍스 제조사: 엔씨엔스페이스 카테고리: 요가/필라테스,https://shopping-phinf.pstatic.net/main_8250101/82501012592.252.jpg,1,GANESHA,63900,63900,가네샤요가프랍스 가네샤 요가매트 울트라컴포트 6MM 오리진시리즈,82501012592,스포츠/레저,100,요가/필라테스
1624,2026-05-29 05:30:47.108269,2026-05-29 05:30:47.108269,고무나라,브랜드: 고무나라 제조사: 고무나라 카테고리: 요가/필라테스,https://shopping-phinf.pstatic.net/main_1184711/11847111373.17.jpg,1,고무나라,13600,13600,고무나라 NBR 요가매트 16mm 운동 두꺼운 넓은 홈트 필라테스 층간소음 매트,11847111373,스포츠/레저,100,요가/필라테스
1625,2026-05-29 05:30:47.110061,2026-05-29 05:30:47.110061,희우스포츠,브랜드: 희우스포츠 카테고리: 요가/필라테스,https://shopping-phinf.pstatic.net/main_9084726/90847268976.jpg,1,엘티제이LTJ,6500,6500,희우스포츠 헬스장매트 헬스매트 바닥 홈짐 홈트 층간소음 체육관 15mm,90847268976,스포츠/레저,100,요가/필라테스
1626,2026-05-29 05:30:47.111698,2026-05-29 05:30:47.111698,멜킨스포츠,브랜드: 멜킨스포츠 제조사: 멜킨스포츠 카테고리: 요가/필라테스,https://shopping-phinf.pstatic.net/main_8864643/88646437061.jpg,1,멜킨스포츠,37000,37000,멜킨 TPE 요가매트 와이드헤븐 대형 필라테스 운동 홈트 논슬립 10x1100mm 매트,88646437061,스포츠/레저,100,요가/필라테스
1627,2026-05-29 05:30:47.113437,2026-05-29 05:30:47.113437,만두카,브랜드: 만두카 제조사: 만두카 카테고리: 요가/필라테스,https://shopping-phinf.pstatic.net/main_8316930/83169305882.1.jpg,1,컴앤바이,149000,149000,만두카 프로 민박집 요가매트 180cm,83169305882,스포츠/레저,100,요가/필라테스
1628,2026-05-29 05:30:47.115146,2026-05-29 05:30:47.115146,IDEN,브랜드: IDEN 제조사: IDEN 카테고리: 요가/필라테스,https://shopping-phinf.pstatic.net/main_8234428/82344281113.18.jpg,1,아이든,64900,64900,아이든 두꺼운 요가 운동 매트 홈트 접이식 매트 필라테스 40mm,82344281113,스포츠/레저,100,요가/필라테스
1629,2026-05-29 05:30:47.116895,2026-05-29 05:30:47.116895,만두카,브랜드: 만두카 제조사: 만두카 카테고리: 요가/필라테스,https://shopping-phinf.pstatic.net/main_8197124/81971240178.11.jpg,1,하이유로,125000,125000,만두카 요가매트 프로라이트,81971240178,스포츠/레저,100,요가/필라테스
1630,2026-05-29 05:30:47.11851,2026-05-29 05:30:47.11851,"",카테고리: 요가/필라테스,https://shopping-phinf.pstatic.net/main_8944437/89444374972.jpg,1,BINBIN-STUDIO,59800,59800,두꺼운 요가매트 77mm 헬스 요가 운동 와이드 매트,89444374972,스포츠/레저,100,요가/필라테스
1631,2026-05-29 05:30:47.121059,2026-05-29 05:30:47.121059,"",카테고리: 요가/필라테스,https://shopping-phinf.pstatic.net/main_5938661/59386613965.20260325142033.jpg,1,네이버,49000,49000,비슈누 요가매트,59386613965,스포츠/레저,100,요가/필라테스
1632,2026-05-29 05:30:47.122865,2026-05-29 05:30:47.122865,아리프,브랜드: 아리프 제조사: 우성레포츠 카테고리: 요가/필라테스,https://shopping-phinf.pstatic.net/main_5654348/56543486301.20250905180136.jpg,1,네이버,22900,22900,우성레포츠 아리프 NBR 요가매트 스탠다드 20mm,56543486301,스포츠/레저,100,요가/필라테스
1633,2026-05-29 05:30:47.124762,2026-05-29 05:30:47.124762,멜킨스포츠,브랜드: 멜킨스포츠 제조사: 멜킨스포츠 카테고리: 요가/필라테스,https://shopping-phinf.pstatic.net/main_5938660/59386608492.20260325141958.jpg,1,네이버,49000,49000,멜킨스포츠 바드라 NBR 요가매트,59386608492,스포츠/레저,100,요가/필라테스
1634,2026-05-29 05:30:47.126936,2026-05-29 05:30:47.126936,안다르,브랜드: 안다르 제조사: 안다르 카테고리: 요가/필라테스,https://shopping-phinf.pstatic.net/main_5285878/52858789175.jpg,1,무신사,29000,29000,[안다르] 릴렉스 에어소프트 요가매트 (8mm) EJFMT-01,52858789175,스포츠/레저,100,요가/필라테스
1635,2026-05-29 05:30:47.128788,2026-05-29 05:30:47.128788,룰루레몬,브랜드: 룰루레몬 제조사: 룰루레몬 카테고리: 요가/필라테스,https://shopping-phinf.pstatic.net/main_8903345/89033451210.2.jpg,1,레몬알로,98000,98000,룰루레몬 더매트 요가매트 필라테스 헬스장 홈트 운동 안밀리는 천연고무,89033451210,스포츠/레저,100,요가/필라테스
1636,2026-05-29 05:30:47.130541,2026-05-29 05:30:47.130541,라온핏,브랜드: 라온핏 제조사: 킹카스포츠 카테고리: 요가/필라테스,https://shopping-phinf.pstatic.net/main_5857192/58571927627.20260119155805.jpg,1,네이버,9900,9900,킹카스포츠 라온핏 NBR 라이트 요가매트 10mm,58571927627,스포츠/레저,100,요가/필라테스
1637,2026-05-29 05:30:47.132194,2026-05-29 05:30:47.132194,BFIT,브랜드: BFIT 카테고리: 요가/필라테스,https://shopping-phinf.pstatic.net/main_5868210/58682103020.20260127104507.jpg,1,네이버,41600,41600,BFIT 코르크 TPE 요가매트 와이드,58682103020,스포츠/레저,100,요가/필라테스
1638,2026-05-29 05:30:47.133901,2026-05-29 05:30:47.133901,비슈누,브랜드: 비슈누 카테고리: 요가/필라테스,https://shopping-phinf.pstatic.net/main_5831968/58319688966.20251229182453.jpg,1,네이버,42000,42000,비슈누 얇은 요가매트,58319688966,스포츠/레저,100,요가/필라테스
1639,2026-05-29 05:30:47.135537,2026-05-29 05:30:47.135537,아따산,브랜드: 아따산 제조사: 아따산 카테고리: 요가/필라테스,https://shopping-phinf.pstatic.net/main_1327320/13273208908.1.jpg,1,ATASAN,14850,14850,아따산 TPE 요가패드 12mm,13273208908,스포츠/레저,100,요가/필라테스
1640,2026-05-29 05:30:47.137299,2026-05-29 05:30:47.137299,아디다스피트니스,브랜드: 아디다스피트니스 제조사: 아디다스 카테고리: 요가/필라테스,https://shopping-phinf.pstatic.net/main_8839958/88399589129.jpg,1,아디다스피트니스,34800,34800,아디다스 TPE 요가 매트 10mm 스트랩포함 필라테스 홈트 운동 안밀리는 스트레칭,88399589129,스포츠/레저,100,요가/필라테스
1641,2026-05-29 05:30:47.138974,2026-05-29 05:30:47.138974,라온핏,브랜드: 라온핏 카테고리: 요가/필라테스,https://shopping-phinf.pstatic.net/main_5678757/56787577746.jpg,1,킹카스포츠,9900,9900,[본사직업운영] 라온핏 요가매트 NBR 라이트 10mm 넓고 두꺼운 홈트,56787577746,스포츠/레저,100,요가/필라테스
1642,2026-05-29 05:30:47.140689,2026-05-29 05:30:47.140689,컬러힐,브랜드: 컬러힐 카테고리: 요가/필라테스,https://shopping-phinf.pstatic.net/main_8366192/83661927298.10.jpg,1,컬러힐,11000,11000,컬러힐 무릎 매트 미니 요가 매트 작은 요가매트 2개입,83661927298,스포츠/레저,100,요가/필라테스
1643,2026-05-29 05:30:47.142367,2026-05-29 05:30:47.142367,아디다스피트니스,브랜드: 아디다스피트니스 제조사: 아디다스 카테고리: 요가/필라테스,https://shopping-phinf.pstatic.net/main_8242136/82421364729.7.jpg,1,아디다스피트니스,43800,43800,아디다스 NBR AB 트레이닝 요가 매트 10mm 두꺼운 필라테스 홈트 운동 헬스 층간소음,82421364729,스포츠/레저,100,요가/필라테스
1644,2026-05-29 05:30:47.144021,2026-05-29 05:30:47.144021,"",카테고리: 요가/필라테스,https://shopping-phinf.pstatic.net/main_8992739/89927397146.7.jpg,1,요술단지,16200,16200,매직팟 요가 운동 헬스 무릎 홈트 두꺼운 미니 매트 대형,89927397146,스포츠/레저,100,요가/필라테스
1645,2026-05-29 05:30:47.147103,2026-05-29 05:30:47.147103,가네샤요가프랍스,브랜드: 가네샤요가프랍스 제조사: 엔씨엔스페이스 카테고리: 요가/필라테스,https://shopping-phinf.pstatic.net/main_9003730/90037308874.16.jpg,1,GANESHA,70900,70900,[네이버단독] 가네샤요가프랍스 가네샤 어드밴스드 요가매트 5mm,90037308874,스포츠/레저,100,요가/필라테스
1646,2026-05-29 05:30:47.14932,2026-05-29 05:30:47.14932,"",카테고리: 요가/필라테스,https://shopping-phinf.pstatic.net/main_9032528/90325283346.jpg,1,BINBIN-STUDIO,59800,59800,요가매트 93mm 푹신한 필라테스 퀄리티 운동,90325283346,스포츠/레저,100,요가/필라테스
1647,2026-05-29 05:30:47.151222,2026-05-29 05:30:47.151222,멜킨스포츠,브랜드: 멜킨스포츠 제조사: 멜킨스포츠 카테고리: 요가/필라테스,https://shopping-phinf.pstatic.net/main_8898588/88985882745.jpg,1,멜킨스포츠,13600,13600,멜킨 NBR 요가매트 스탠다드 16mm 두꺼운 필라테스 홈트 운동 층간소음 논슬립 매트,88985882745,스포츠/레저,100,요가/필라테스
1648,2026-05-29 05:30:47.153078,2026-05-29 05:30:47.153078,"",카테고리: 요가/필라테스,https://shopping-phinf.pstatic.net/main_9109757/91097579834.jpg,1,BINBIN-STUDIO,59800,59800,요가매트 96mm 고퀄리티 요가 부상방지 운동,91097579834,스포츠/레저,100,요가/필라테스
1649,2026-05-29 05:30:47.154795,2026-05-29 05:30:47.154795,가네샤요가프랍스,브랜드: 가네샤요가프랍스 제조사: 엔씨엔스페이스 카테고리: 요가/필라테스,https://shopping-phinf.pstatic.net/main_9003735/90037358648.3.jpg,1,GANESHA,73900,73900,[네이버단독] 가네샤요가프랍스 가네샤 어드밴스드 요가매트 6mm,90037358648,스포츠/레저,100,요가/필라테스
1650,2026-05-29 05:30:47.156585,2026-05-29 05:30:47.156585,밸런시스,브랜드: 밸런시스 제조사: 밸런시스 카테고리: 요가/필라테스,https://shopping-phinf.pstatic.net/main_1209891/12098917320.14.jpg,1,밸런시스  본사,35900,35900,밸런시스 TPE 10mm 매트 크림베이지 요가 운동 필라테스 헬스 스트레칭 매트 홈트레이닝,12098917320,스포츠/레저,100,요가/필라테스
1651,2026-05-29 05:30:47.158362,2026-05-29 05:30:47.158362,밸런시스,브랜드: 밸런시스 제조사: 밸런시스 카테고리: 요가/필라테스,https://shopping-phinf.pstatic.net/main_1081060/10810603837.19.jpg,1,밸런시스  본사,23900,23900,밸런시스 NEW NR1 센터라인요가매트 멜론그린,10810603837,스포츠/레저,100,요가/필라테스
1652,2026-05-29 05:30:47.160028,2026-05-29 05:30:47.160028,모아클래스,브랜드: 모아클래스 제조사: 모아그룹 카테고리: 요가/필라테스,https://shopping-phinf.pstatic.net/main_5938662/59386628006.20260325142121.jpg,1,네이버,27900,27900,모아그룹 모아클래스 TPE 요가매트,59386628006,스포츠/레저,100,요가/필라테스
1653,2026-05-29 05:30:47.161873,2026-05-29 05:30:47.161873,멜킨스포츠,브랜드: 멜킨스포츠 제조사: 멜킨스포츠 카테고리: 요가/필라테스,https://shopping-phinf.pstatic.net/main_8890551/88905518757.jpg,1,멜킨스포츠,21600,21600,멜킨 TPE 요가매트 클럽와이드 6mm 스트레칭 필라테스 홈트 헬스 운동 매트,88905518757,스포츠/레저,100,요가/필라테스
1654,2026-05-29 05:30:47.163748,2026-05-29 05:30:47.163748,이고진,브랜드: 이고진 제조사: 이고진 카테고리: 요가/필라테스,https://shopping-phinf.pstatic.net/main_8888233/88882339610.3.jpg,1,이고진헬스,18600,18600,이고진 요가매트 미끄럼방지 TPE 6mm,88882339610,스포츠/레저,100,요가/필라테스
1655,2026-05-29 05:30:47.165979,2026-05-29 05:30:47.165979,밸런시스,브랜드: 밸런시스 제조사: 밸런시스 카테고리: 요가/필라테스,https://shopping-phinf.pstatic.net/main_8930891/89308912726.3.jpg,1,밸런시스  본사,31900,31900,밸런시스 TPE 8 PRO 요가매트 버터베이지,89308912726,스포츠/레저,100,요가/필라테스
1656,2026-05-29 05:30:47.167827,2026-05-29 05:30:47.167827,이고진,브랜드: 이고진 제조사: 이고진 카테고리: 요가/필라테스,https://shopping-phinf.pstatic.net/main_5858582/58585824391.jpg,1,쿠팡,19800,19800,이고진 티피이 요가매트  다크그레이  L 1830mm x W 610mm x 두께 6mm  1개,58585824391,스포츠/레저,100,요가/필라테스
1657,2026-05-29 05:30:47.169752,2026-05-29 05:30:47.169752,BFIT,브랜드: BFIT 제조사: 나노소프트 카테고리: 요가/필라테스,https://shopping-phinf.pstatic.net/main_5448885/54488858835.20250429145708.jpg,1,네이버,34200,34200,나노소프트 BFIT 프리미엄 TPE 요가매트 10mm,54488858835,스포츠/레저,100,요가/필라테스
1658,2026-05-29 05:30:47.171648,2026-05-29 05:30:47.171648,가네샤요가프랍스,브랜드: 가네샤요가프랍스 제조사: 엔씨엔스페이스 카테고리: 요가/필라테스,https://shopping-phinf.pstatic.net/main_5538279/55382795487.20250619180157.jpg,1,네이버,42900,42900,엔씨엔스페이스 가네샤요가프랍스 비기너 TPE 요가매트 6mm,55382795487,스포츠/레저,100,요가/필라테스
1659,2026-05-29 05:30:47.174154,2026-05-29 05:30:47.174154,BFIT,브랜드: BFIT 제조사: 나노소프트 카테고리: 요가/필라테스,https://shopping-phinf.pstatic.net/main_1143369/11433698101.21.jpg,1,비핏 앱코치,34500,34500,비핏 요가매트 TPE 10mm 와이드 대형 층간소음방지 두꺼운 운동매트 홈트 헬스,11433698101,스포츠/레저,100,요가/필라테스
1660,2026-05-29 05:30:47.176013,2026-05-29 05:30:47.176013,모아클래스,브랜드: 모아클래스 제조사: 모아그룹 카테고리: 요가/필라테스,https://shopping-phinf.pstatic.net/main_8237261/82372611813.15.jpg,1,모아클래스,27900,27900,모아클래스 TPE 요가매트 논슬립 두꺼운 홈트 헬스 운동 스트레칭 매트 필라테스 6mm,82372611813,스포츠/레저,100,요가/필라테스
1661,2026-05-29 05:30:47.177928,2026-05-29 05:30:47.177928,홈베스트,브랜드: 홈베스트 제조사: 해피원솔루션 카테고리: 요가/필라테스,https://shopping-phinf.pstatic.net/main_5832804/58328040574.20251230111721.jpg,1,네이버,89000,89000,해피원솔루션 홈베스트 두꺼운 접이식 요가매트,58328040574,스포츠/레저,100,요가/필라테스
1662,2026-05-29 05:30:47.179736,2026-05-29 05:30:47.179736,"",카테고리: 요가/필라테스,https://shopping-phinf.pstatic.net/main_8422066/84220668578.6.jpg,1,비슈누 Vishnu,49000,49000,비슈누 요가매트 5mm 라인 논슬립 천연고무 요가 매트 KCL 통과 몰입,84220668578,스포츠/레저,100,요가/필라테스
1663,2026-05-29 05:30:47.181561,2026-05-29 05:30:47.181561,가네샤요가프랍스,브랜드: 가네샤요가프랍스 제조사: 엔씨엔스페이스 카테고리: 요가/필라테스,https://shopping-phinf.pstatic.net/main_2170054/21700543161.20240807171523.jpg,1,네이버,47330,47330,엔씨엔스페이스 가네샤요가프랍스 요가 매트 플랫 4mm,21700543161,스포츠/레저,100,요가/필라테스
1664,2026-05-29 05:30:47.185206,2026-05-29 05:30:47.185206,아리프,브랜드: 아리프 제조사: 우성레포츠 카테고리: 요가/필라테스,https://shopping-phinf.pstatic.net/main_8985519/89855195193.2.jpg,1,아리프 스포츠,22900,22900,아리프 NBR 요가매트 스탠다드 보관밴드 포함 20mm,89855195193,스포츠/레저,100,요가/필라테스
1665,2026-05-29 05:30:47.192852,2026-05-29 05:30:47.192852,홈베스트,브랜드: 홈베스트 제조사: 해피원솔루션 카테고리: 요가/필라테스,https://shopping-phinf.pstatic.net/main_8428062/84280625177.7.jpg,1,홈베스트:,89000,89000,홈베스트 요가 매트 두꺼운 접이식 운동 홈트 국산 헬스 트레이닝,84280625177,스포츠/레저,100,요가/필라테스
1666,2026-05-29 05:30:47.196107,2026-05-29 05:30:47.196107,엑피트,브랜드: 엑피트 카테고리: 요가/필라테스,https://shopping-phinf.pstatic.net/main_5938661/59386615787.20260325142039.jpg,1,네이버,18500,18500,엑피트 벽걸이 요가매트 NBR,59386615787,스포츠/레저,100,요가/필라테스
1667,2026-05-29 05:30:47.199288,2026-05-29 05:30:47.199288,밸런시스,브랜드: 밸런시스 제조사: 밸런시스 카테고리: 요가/필라테스,https://shopping-phinf.pstatic.net/main_5362825/53628258314.20250318171713.jpg,1,네이버,45000,45000,밸런시스 TPE 와이드 매트,53628258314,스포츠/레저,100,요가/필라테스
1668,2026-05-29 05:30:47.202451,2026-05-29 05:30:47.202451,이고진,브랜드: 이고진 제조사: 이고진 카테고리: 요가/필라테스,https://shopping-phinf.pstatic.net/main_8888233/88882339616.1.jpg,1,이고진헬스,22400,22400,이고진 요가매트 미끄럼방지 TPE 8mm,88882339616,스포츠/레저,100,요가/필라테스
1669,2026-05-29 05:30:47.205388,2026-05-29 05:30:47.205388,고무나라,브랜드: 고무나라 제조사: 고무나라 카테고리: 요가/필라테스,https://shopping-phinf.pstatic.net/main_5938672/59386724771.20260518173919.jpg,1,네이버,21500,21500,고무나라 와이드 NBR 요가매트,59386724771,스포츠/레저,100,요가/필라테스
1670,2026-05-29 05:30:47.208455,2026-05-29 05:30:47.208455,멜킨스포츠,브랜드: 멜킨스포츠 카테고리: 요가/필라테스,https://shopping-phinf.pstatic.net/main_8357658/83576586813.6.jpg,1,멜킨스포츠,65900,65900,멜킨 요가매트 운동 홈트 두꺼운 접이식 대형 그라운드 슈퍼싱글M 두께50x650x1800,83576586813,스포츠/레저,100,요가/필라테스
1671,2026-05-29 05:30:47.210829,2026-05-29 05:30:47.210829,멜킨스포츠,브랜드: 멜킨스포츠 카테고리: 요가/필라테스,https://shopping-phinf.pstatic.net/main_5938661/59386616777.20260325142050.jpg,1,네이버,65900,65900,멜킨스포츠 그라운드 매트 슈퍼싱글 MK-GM502,59386616777,스포츠/레저,100,요가/필라테스
1672,2026-05-29 05:30:47.212999,2026-05-29 05:30:47.212999,아리프,브랜드: 아리프 제조사: 우성레포츠 카테고리: 요가/필라테스,https://shopping-phinf.pstatic.net/main_5654344/56543448434.20250905181637.jpg,1,네이버,9900,9900,우성레포츠 아리프 NBR 요가매트 스탠다드 10mm,56543448434,스포츠/레저,100,요가/필라테스
1673,2026-05-29 05:30:47.214919,2026-05-29 05:30:47.214919,모아클래스,브랜드: 모아클래스 제조사: 모아그룹 카테고리: 요가/필라테스,https://shopping-phinf.pstatic.net/main_5938679/59386794329.20260325142246.jpg,1,네이버,37490,37490,모아그룹 모아클래스 TPE 와이드 요가매트,59386794329,스포츠/레저,100,요가/필라테스
1674,2026-05-29 05:30:47.216858,2026-05-29 05:30:47.216858,멜킨스포츠,브랜드: 멜킨스포츠 카테고리: 요가/필라테스,https://shopping-phinf.pstatic.net/main_5450910/54509109346.20250430163723.jpg,1,네이버,24900,24900,멜킨스포츠 코르크 스탠다드 요가매트 6mm,54509109346,스포츠/레저,100,요가/필라테스
1675,2026-05-29 05:30:47.218606,2026-05-29 05:30:47.218606,고무나라,브랜드: 고무나라 제조사: 고무나라 카테고리: 요가/필라테스,https://shopping-phinf.pstatic.net/main_5921766/59217669486.20260311160124.jpg,1,네이버,25500,25500,고무나라 와이드 TPE 요가매트 8mm,59217669486,스포츠/레저,100,요가/필라테스
1676,2026-05-29 05:30:47.220342,2026-05-29 05:30:47.220342,젝시믹스,브랜드: 젝시믹스 제조사: 젝시믹스 카테고리: 요가/필라테스,https://shopping-phinf.pstatic.net/main_5578307/55783078354.20250714123935.jpg,1,네이버,49000,49000,젝시믹스 밸런스 듀얼 와이드 요가매트 8mm,55783078354,스포츠/레저,100,요가/필라테스
1677,2026-05-29 05:30:47.222245,2026-05-29 05:30:47.222245,나이팅핏,브랜드: 나이팅핏 제조사: 글로벌이노스 카테고리: 요가/필라테스,https://shopping-phinf.pstatic.net/main_5938661/59386616143.20260325142044.jpg,1,네이버,26900,26900,글로벌이노스 나이팅핏 TPE 요가매트,59386616143,스포츠/레저,100,요가/필라테스
1678,2026-05-29 05:30:47.223956,2026-05-29 05:30:47.223956,비슈누,브랜드: 비슈누 카테고리: 요가/필라테스,https://shopping-phinf.pstatic.net/main_8543932/85439320405.2.jpg,1,비슈누 Vishnu,42000,42000,비슈누 얇은 요가매트 1mm 휴대용 여행용 야외요가 트래블 매트,85439320405,스포츠/레저,100,요가/필라테스
1679,2026-05-29 05:30:47.22573,2026-05-29 05:30:47.22573,BFIT,브랜드: BFIT 카테고리: 요가/필라테스,https://shopping-phinf.pstatic.net/main_8934714/89347141546.3.jpg,1,비핏 앱코치,41900,41900,비핏 자연소재 코르크 8mm 와이드 요가매트 층간소음방지 두꺼운 대형 운동매트 홈트 헬스,89347141546,스포츠/레저,100,요가/필라테스
1680,2026-05-29 05:30:47.227362,2026-05-29 05:30:47.227362,레토,브랜드: 레토 제조사: 레토 카테고리: 요가/필라테스,https://shopping-phinf.pstatic.net/main_5938680/59386803825.20260325142335.jpg,1,네이버,14800,14800,레토 NBR 요가매트 LYM-N16,59386803825,스포츠/레저,100,요가/필라테스
1681,2026-05-29 05:30:47.229075,2026-05-29 05:30:47.229075,TRATAC,브랜드: TRATAC 카테고리: 요가/필라테스,https://shopping-phinf.pstatic.net/main_5581551/55815514772.20251201154019.jpg,1,네이버,32670,32670,TRATAC 휘트니스 요가매트 10mm,55815514772,스포츠/레저,100,요가/필라테스
1682,2026-05-29 05:30:47.23067,2026-05-29 05:30:47.23067,밸런시스,브랜드: 밸런시스 제조사: 밸런시스 카테고리: 요가/필라테스,https://shopping-phinf.pstatic.net/main_8807375/88073751296.3.jpg,1,밸런시스  본사,45000,45000,밸런시스 TPE 10mm 와이드요가매트 소프트베이지 요가 운동 필라테스 스트레칭 홈트레이닝,88073751296,스포츠/레저,100,요가/필라테스
1683,2026-05-29 05:30:47.232896,2026-05-29 05:30:47.232896,이디티씨,브랜드: 이디티씨 제조사: 이디티씨 카테고리: 요가/필라테스,https://shopping-phinf.pstatic.net/main_8165858/81658587131.4.jpg,1,EDTC,7000,7000,이디티씨 헬스장 매트 홈트 헬스 운동 스포츠 홈짐 바닥 프리미엄코팅매트 점박이 15T,81658587131,스포츠/레저,100,요가/필라테스
1684,2026-05-29 05:30:47.234842,2026-05-29 05:30:47.234842,가네샤요가프랍스,브랜드: 가네샤요가프랍스 제조사: 엔씨엔스페이스 카테고리: 요가/필라테스,https://shopping-phinf.pstatic.net/main_3757690/37576909618.20240620115229.jpg,1,네이버,32670,32670,엔씨엔스페이스 가네샤요가프랍스 피트니스 TPE 요가매트,37576909618,스포츠/레저,100,요가/필라테스
1685,2026-05-29 05:30:47.236587,2026-05-29 05:30:47.236587,이고진,브랜드: 이고진 제조사: 이고진 카테고리: 요가/필라테스,https://shopping-phinf.pstatic.net/main_5921721/59217210078.20260406094722.jpg,1,네이버,14400,14400,이고진 소프 NBR 요가매트 10mm,59217210078,스포츠/레저,100,요가/필라테스
1686,2026-05-29 05:30:47.238413,2026-05-29 05:30:47.238413,"",카테고리: 요가/필라테스,https://shopping-phinf.pstatic.net/main_5529463/55294638986.jpg,1,쿠팡,39990,39990,코멧 스포츠 3단 접이식 운동매트 50mm,55294638986,스포츠/레저,100,요가/필라테스
1687,2026-05-29 05:30:47.240125,2026-05-29 05:30:47.240125,라라애플,브랜드: 라라애플 카테고리: 요가/필라테스,https://shopping-phinf.pstatic.net/main_5771586/57715861493.20251110173214.jpg,1,네이버,10900,10900,라라애플 NBR 요가매트 릴렉스,57715861493,스포츠/레저,100,요가/필라테스
1688,2026-05-29 05:30:47.241914,2026-05-29 05:30:47.241914,"",카테고리: 요가/필라테스,https://shopping-phinf.pstatic.net/main_8944142/89441420527.3.jpg,1,비슈누 Vishnu,59000,59000,비슈누 요가매트 6mm 고품질 고밀도 PER 소재 평생매트,89441420527,스포츠/레저,100,요가/필라테스
1689,2026-05-29 05:30:47.243607,2026-05-29 05:30:47.243607,스케쳐스피트니스,브랜드: 스케쳐스피트니스 제조사: 스케쳐스 카테고리: 요가/필라테스,https://shopping-phinf.pstatic.net/main_5861460/58614604430.20260122155853.jpg,1,네이버,44900,44900,스케쳐스 스케쳐스피트니스 리버서블 에센셜 요가 매트 와이드 16mm,58614604430,스포츠/레저,100,요가/필라테스
1690,2026-05-29 05:30:47.245413,2026-05-29 05:30:47.245413,모아클래스,브랜드: 모아클래스 제조사: 모아그룹 카테고리: 요가/필라테스,https://shopping-phinf.pstatic.net/main_8352964/83529642549.1.jpg,1,모아클래스,31900,31900,모아클래스 리버서블 요가매트 tpe 6mm 와이드 홈트 운동 필라테스 양면사용 매트,83529642549,스포츠/레저,100,요가/필라테스
1691,2026-05-29 05:30:47.247092,2026-05-29 05:30:47.247092,모아클래스,브랜드: 모아클래스 제조사: 모아그룹 카테고리: 요가/필라테스,https://shopping-phinf.pstatic.net/main_8536451/85364517869.jpg,1,모아클래스,39900,39900,모아클래스 와이드 요가매트 TPE 8mm 대형 넓은 임산부 플랭크매트,85364517869,스포츠/레저,100,요가/필라테스
1692,2026-05-29 05:30:47.248842,2026-05-29 05:30:47.248842,액티브,브랜드: 액티브 카테고리: 요가/필라테스,https://shopping-phinf.pstatic.net/main_9063605/90636053769.jpg,1,액티브,16500,16500,두꺼운 요가매트 필라테스 층간소음방지 홈트레이닝 스트레칭 헬스,90636053769,스포츠/레저,100,요가/필라테스
1693,2026-05-29 05:30:47.25048,2026-05-29 05:30:47.25048,고무나라,브랜드: 고무나라 제조사: 고무나라 카테고리: 요가/필라테스,https://shopping-phinf.pstatic.net/main_8003057/80030576831.6.jpg,1,고무나라,22900,22900,고무나라 TPE 요가매트 10mm 안밀리는 운동 헬스 두꺼운 헬스장 스포츠 필라테스,80030576831,스포츠/레저,100,요가/필라테스
1694,2026-05-29 05:30:47.253078,2026-05-29 05:30:47.253078,멜킨스포츠,브랜드: 멜킨스포츠 카테고리: 요가/필라테스,https://shopping-phinf.pstatic.net/main_8505033/85050334680.jpg,1,멜킨스포츠,24900,24900,멜킨 요가매트 홈트 운동 필라테스 논슬립 안밀리는 얇은 코르크 스탠다드 6mm 매트,85050334680,스포츠/레저,100,요가/필라테스
1695,2026-05-29 05:30:47.257432,2026-05-29 05:30:47.257432,바디엑스,브랜드: 바디엑스 카테고리: 요가/필라테스,https://shopping-phinf.pstatic.net/main_1211533/12115330702.5.jpg,1,바디엑스,39000,39000,바디엑스 운동매트 두꺼운 접이식 요가 홈트 링피트 3단 폴딩 헬스 매트,12115330702,스포츠/레저,100,요가/필라테스
1696,2026-05-29 05:30:47.260451,2026-05-29 05:30:47.260451,"",카테고리: 요가/필라테스,https://shopping-phinf.pstatic.net/main_8365345/83653455127.jpg,1,루비브라운,25800,25800,샤만타 TPE 요가매트 6mm 냄새없는 두꺼운 넓은 안밀리는 홈트매트 운동 헬스 필라테스,83653455127,스포츠/레저,100,요가/필라테스
1697,2026-05-29 05:30:47.263381,2026-05-29 05:30:47.263381,비슈누,브랜드: 비슈누 카테고리: 요가/필라테스,https://shopping-phinf.pstatic.net/main_8885087/88850873245.1.jpg,1,비슈누 Vishnu,59000,59000,비슈누 휴대용 요가 매트 2mm 트래블 여행용 야외 요가 구름매트,88850873245,스포츠/레저,100,요가/필라테스
1698,2026-05-29 05:30:47.266297,2026-05-29 05:30:47.266297,이고진,브랜드: 이고진 제조사: 이고진 카테고리: 요가/필라테스,https://shopping-phinf.pstatic.net/main_5449070/54490707412.20260406094241.jpg,1,네이버,7400,7400,이고진 소프트 NBR 요가매트 8mm,54490707412,스포츠/레저,100,요가/필라테스
1699,2026-05-29 05:30:47.269389,2026-05-29 05:30:47.269389,다이소,브랜드: 다이소 카테고리: 요가/필라테스,https://shopping-phinf.pstatic.net/main_4478858/44788582412.2.jpg,1,다이소몰,2000,2000,다이소 헬스 보조용 매트 2개입 1029715,44788582412,스포츠/레저,100,요가/필라테스
1700,2026-05-29 05:30:47.272496,2026-05-29 05:30:47.272496,"",카테고리: 요가/필라테스,https://shopping-phinf.pstatic.net/main_8622598/86225989328.36.jpg,1,LA FRIGIA,288000,288000,라프리지아 방탄매트 요가매트 접이식 두꺼운 홈트매트,86225989328,스포츠/레저,100,요가/필라테스
1701,2026-05-29 05:30:47.672063,2026-05-29 05:30:47.672063,바르엘,브랜드: 바르엘 카테고리: 보호용품,https://shopping-phinf.pstatic.net/main_8820078/88200781693.2.jpg,1,바르엘,11900,11900,손목보호대 아대 얇은 골프 테니스 헬스 운동 바르엘 블랙 1개입,88200781693,스포츠/레저,100,보호용품
1702,2026-05-29 05:30:47.674899,2026-05-29 05:30:47.674899,"",제조사: 메디테크 카테고리: 보호용품,https://shopping-phinf.pstatic.net/main_8696910/86969109073.5.jpg,1,메디테크 공식몰,11900,11900,얇은 손목보호대 헬스 건초염 엄지 손가락 터널증후군 손목 아대 밴드 한쪽,86969109073,스포츠/레저,100,보호용품
1703,2026-05-29 05:30:47.67744,2026-05-29 05:30:47.67744,"",카테고리: 보호용품,https://shopping-phinf.pstatic.net/main_9078794/90787943150.jpg,1,아르드,14900,14900,손목보호대 2개입 의료용 얇은 기능성 손목 아대 헬스,90787943150,스포츠/레저,100,보호용품
1704,2026-05-29 05:30:47.679779,2026-05-29 05:30:47.679779,바로핏,브랜드: 바로핏 제조사: 메디테크 카테고리: 보호용품,https://shopping-phinf.pstatic.net/main_9065428/90654281892.jpg,1,메디테크 공식몰,11700,11700,얇은 손목보호대 헬스 건초염 손목 아대 엄지 손가락 보호대 왼손S,90654281892,스포츠/레저,100,보호용품
1705,2026-05-29 05:30:47.68205,2026-05-29 05:30:47.68205,디베코,브랜드: 디베코 제조사: 꿀잼컴퍼니 카테고리: 보호용품,https://shopping-phinf.pstatic.net/main_8339363/83393637900.8.jpg,1,디베코,17000,17000,기능성 손목보호대 아대 밴드 얇은 골프 테니스 헬스 운동 디베코,83393637900,스포츠/레저,100,보호용품
1706,2026-05-29 05:30:47.684008,2026-05-29 05:30:47.684008,라인벨라,브랜드: 라인벨라 제조사: 엠비헬스케어 카테고리: 보호용품,https://shopping-phinf.pstatic.net/main_8388507/83885078912.10.jpg,1,라인벨라,15000,15000,1+1 라인벨라 의료용 손목보호대 얇은 손목 아대 임산부 팔목 압박밴드 S 블랙,83885078912,스포츠/레저,100,보호용품
1707,2026-05-29 05:30:47.685997,2026-05-29 05:30:47.685997,ANAPA,브랜드: ANAPA 제조사: 아나파 카테고리: 보호용품,https://shopping-phinf.pstatic.net/main_3135825/31358250615.20240828175409.jpg,1,네이버,15900,15900,아나파 ANAPA 미세전류 손목 보호대 얇은 엄지 헬스 골프 테니스 아대 약국,31358250615,스포츠/레저,100,보호용품
1708,2026-05-29 05:30:47.69048,2026-05-29 05:30:47.69048,"",카테고리: 보호용품,https://shopping-phinf.pstatic.net/main_8921745/89217457489.1.jpg,1,리빙 메이커,4900,4900,손목보호대 손목 아대 붕대 보호대 헬스 밴드 블랙 크로스핏 엄지 터널증후군 기본 메쉬형,89217457489,스포츠/레저,100,보호용품
1709,2026-05-29 05:30:47.693418,2026-05-29 05:30:47.693418,"",카테고리: 보호용품,https://shopping-phinf.pstatic.net/main_9053157/90531576457.jpg,1,랩리움,10500,10500,엄지손가락 손목보호대 아대 TFCC 압박밴드 고탄력 오른손S,90531576457,스포츠/레저,100,보호용품
1710,2026-05-29 05:30:47.696286,2026-05-29 05:30:47.696286,볼렌데트,브랜드: 볼렌데트 카테고리: 보호용품,https://shopping-phinf.pstatic.net/main_8371032/83710321863.8.jpg,1,볼렌데트,9900,9900,볼렌데트 손목보호대 헬스 골프 테니스 크로스핏 밴드 스트랩 좌우공용 한쪽,83710321863,스포츠/레저,100,보호용품
1711,2026-05-29 05:30:47.6986,2026-05-29 05:30:47.6986,바로핏,브랜드: 바로핏 제조사: 메디테크 카테고리: 보호용품,https://shopping-phinf.pstatic.net/main_9065422/90654223125.jpg,1,메디테크 공식몰,12000,12000,헬스 스트랩 얇은 손목보호대 엄지 테니스 손목 아대 밴드 건초염 tfcc,90654223125,스포츠/레저,100,보호용품
1712,2026-05-29 05:30:47.700788,2026-05-29 05:30:47.700788,고핏,브랜드: 고핏 카테고리: 보호용품,https://shopping-phinf.pstatic.net/main_8965154/89651545887.8.jpg,1,GOFIT,12900,12900,고핏 손목보호대 밴드 얇은 골프 테니스 헬스 운동 컴퓨터 구형 1+1,89651545887,스포츠/레저,100,보호용품
1713,2026-05-29 05:30:47.702807,2026-05-29 05:30:47.702807,투도,브랜드: 투도 카테고리: 보호용품,https://shopping-phinf.pstatic.net/main_8859218/88592181525.5.jpg,1,TUDO,24000,24000,투도 크로스핏 그립 풀업 턱걸이 손바닥 보호대 카본 헬스 용품,88592181525,스포츠/레저,100,보호용품
1714,2026-05-29 05:30:47.704891,2026-05-29 05:30:47.704891,잠스트,브랜드: 잠스트 카테고리: 보호용품,https://shopping-phinf.pstatic.net/main_8238518/82385189830.16.jpg,1,인펄스,24300,24300,잠스트 손목보호대 리스트랩 골프 테니스 육아 헬스 스트랩,82385189830,스포츠/레저,100,보호용품
1715,2026-05-29 05:30:47.706991,2026-05-29 05:30:47.706991,"",카테고리: 보호용품,https://shopping-phinf.pstatic.net/main_8281488/82814884752.4.jpg,1,디오홈리빙,8500,8500,디오메디 실리콘 손목보호대 약국 방수 산모 임산부 주방 설거지 등산 헬스 아대,82814884752,스포츠/레저,100,보호용품
1716,2026-05-29 05:30:47.70915,2026-05-29 05:30:47.70915,"",카테고리: 보호용품,https://shopping-phinf.pstatic.net/main_8378223/83782238148.19.jpg,1,스포츠1번가,22900,22900,모찌그립 헬스스트랩 손바닥보호대 턱걸이 풀업 크로스핏 용품 그립 조그립 프리미엄 블랙 M,83782238148,스포츠/레저,100,보호용품
1717,2026-05-29 05:30:47.711112,2026-05-29 05:30:47.711112,말랑하니,브랜드: 말랑하니 카테고리: 보호용품,https://shopping-phinf.pstatic.net/main_8562471/85624716615.8.jpg,1,말랑하니,15900,15900,말랑하니 엄지프리 손목보호대 얇은 헬스 스트랩 아대 왼오세트,85624716615,스포츠/레저,100,보호용품
1718,2026-05-29 05:30:47.713155,2026-05-29 05:30:47.713155,피코밴드,브랜드: 피코밴드 제조사: 피코코리아 카테고리: 보호용품,https://shopping-phinf.pstatic.net/main_8766561/87665615953.10.jpg,1,피코밴드,34800,34800,피코밴드 손목보호대 TFCC 아대 밴드 얇은 임산부 헬스 골프 테니스 밴드,87665615953,스포츠/레저,100,보호용품
1719,2026-05-29 05:30:47.715081,2026-05-29 05:30:47.715081,투도,브랜드: 투도 카테고리: 보호용품,https://shopping-phinf.pstatic.net/main_8866725/88667250796.3.jpg,1,TUDO,8900,8900,투도 손목아대 스웻밴드 크로스핏 헬스 손목보호대 골프 테니스 운동,88667250796,스포츠/레저,100,보호용품
1720,2026-05-29 05:30:47.717065,2026-05-29 05:30:47.717065,"",카테고리: 보호용품,https://shopping-phinf.pstatic.net/main_8863155/88631556433.9.jpg,1,브릿지뷰.,12800,12800,브릿지뷰 손목보호대 팔목아대 얇은 TFCC 클라이밍 헬스 임산부 손목 압박 밴드 스트랩,88631556433,스포츠/레저,100,보호용품
1721,2026-05-29 05:30:47.719016,2026-05-29 05:30:47.719016,베르사그립,브랜드: 베르사그립 제조사: 베르사그립 카테고리: 보호용품,https://shopping-phinf.pstatic.net/main_1174165/11741654399.15.jpg,1,피트니스코리아,129800,129800,베르사그립 PRO 좌우 1세트,11741654399,스포츠/레저,100,보호용품
1722,2026-05-29 05:30:47.721094,2026-05-29 05:30:47.721094,나이키,브랜드: 나이키 제조사: 나이키 카테고리: 보호용품,https://shopping-phinf.pstatic.net/main_8637514/86375144274.10.jpg,1,정품만,6900,6900,나이키 손목 보호대 아대 더블 와이드 스우시 테니스 헬스 밴드 스트랩 AC2287 1p,86375144274,스포츠/레저,100,보호용품
1723,2026-05-29 05:30:47.722991,2026-05-29 05:30:47.722991,잠스트,브랜드: 잠스트 제조사: 잠스트 카테고리: 보호용품,https://shopping-phinf.pstatic.net/main_8411218/84112189234.7.jpg,1,트라택 공식스토어,24300,24300,잠스트 손목보호대 서포터 리스트밴드 골프 육아 테니스 헬스 배드민턴 김연경 착용,84112189234,스포츠/레저,100,보호용품
1724,2026-05-29 05:30:47.725165,2026-05-29 05:30:47.725165,레토,브랜드: 레토 제조사: 레토 카테고리: 보호용품,https://shopping-phinf.pstatic.net/main_4719060/47190609449.20260116121520.jpg,1,네이버,6800,6800,레토 슬림핏 손목보호대 LSL-WB07,47190609449,스포츠/레저,100,보호용품
1725,2026-05-29 05:30:47.727085,2026-05-29 05:30:47.727085,베르사그립,브랜드: 베르사그립 제조사: 베르사그립 카테고리: 보호용품,https://shopping-phinf.pstatic.net/main_8478986/84789867476.jpg,1,프라이스킬,119000,119000,베르사그립 헬스스트랩 PRO 프로,84789867476,스포츠/레저,100,보호용품
1726,2026-05-29 05:30:47.729085,2026-05-29 05:30:47.729085,제로투히어로,브랜드: 제로투히어로 제조사: 제로투히어로 카테고리: 보호용품,https://shopping-phinf.pstatic.net/main_5451035/54510352153.20260312191037.jpg,1,네이버,28900,28900,제로투히어로 프로 그립 헬스 리프팅 스트랩 손목보호대,54510352153,스포츠/레저,100,보호용품
1727,2026-05-29 05:30:47.734605,2026-05-29 05:30:47.734605,아이언빅,브랜드: 아이언빅 카테고리: 보호용품,https://shopping-phinf.pstatic.net/main_3169613/31696133561.20241021175940.jpg,1,네이버,15800,15800,아이언빅 헬스 스트랩 퀵그립 데드리프트 리프팅 랫풀다운 덤벨 원암 턱걸이 풀업 바벨로우,31696133561,스포츠/레저,100,보호용품
1728,2026-05-29 05:30:47.737012,2026-05-29 05:30:47.737012,WSF,브랜드: WSF 카테고리: 보호용품,https://shopping-phinf.pstatic.net/main_2963972/29639723967.20220902171444.jpg,1,네이버,16400,16400,WSF 그립테크 헬스스트랩,29639723967,스포츠/레저,100,보호용품
1729,2026-05-29 05:30:47.739141,2026-05-29 05:30:47.739141,에이더,브랜드: 에이더 제조사: 에이더 카테고리: 보호용품,https://shopping-phinf.pstatic.net/main_5812941/58129416271.20260414105603.jpg,1,네이버,24800,24800,에이더 TFCC 손목 보호대 T4 헬스 골프 필라테스 크로스핏 스트랩,58129416271,스포츠/레저,100,보호용품
1730,2026-05-29 05:30:47.741166,2026-05-29 05:30:47.741166,쉴드,브랜드: 쉴드 카테고리: 보호용품,https://shopping-phinf.pstatic.net/main_4536215/45362152282.20260116162458.jpg,1,네이버,24890,24890,쉴드 NEW 파워리프팅 스트랩 헬스 그립,45362152282,스포츠/레저,100,보호용품
1731,2026-05-29 05:30:47.7431,2026-05-29 05:30:47.7431,"",카테고리: 보호용품,https://shopping-phinf.pstatic.net/main_8002415/80024159267.12.jpg,1,풋스토리,9000,9000,실리콘 손목보호대 방수 얇은 손목보호대 밴드 산모 아대 터널증후군 건초염 엄지 골프 헬스,80024159267,스포츠/레저,100,보호용품
1732,2026-05-29 05:30:47.745047,2026-05-29 05:30:47.745047,아디다스피트니스,브랜드: 아디다스피트니스 제조사: 아디다스 카테고리: 보호용품,https://shopping-phinf.pstatic.net/main_8241857/82418570932.4.jpg,1,아디다스피트니스,11800,11800,아디다스 리프팅 면 헬스 스트랩 역도 데드리프트 크로스핏 손목 보호대 아대 밴드 헬스용품,82418570932,스포츠/레저,100,보호용품
1733,2026-05-29 05:30:47.746925,2026-05-29 05:30:47.746925,더스크랙,브랜드: 더스크랙 제조사: 더스크랙 카테고리: 보호용품,https://shopping-phinf.pstatic.net/main_8309979/83099790035.6.jpg,1,더스크랙,15900,15900,더스크랙 헬스스트랩 그립 리프팅 손목 밴드 보호대 웨이트 턱걸이 여자 풀업 데드리프트,83099790035,스포츠/레저,100,보호용품
1734,2026-05-29 05:30:47.748831,2026-05-29 05:30:47.748831,"",카테고리: 보호용품,https://shopping-phinf.pstatic.net/main_8982444/89824442711.2.jpg,1,생활채움,15000,15000,생활채움 헬스 스트랩 논슬립 운동 퀵그립 리프팅 그립 손목 보호대 턱걸이 풀업 크로스핏,89824442711,스포츠/레저,100,보호용품
1735,2026-05-29 05:30:47.750607,2026-05-29 05:30:47.750607,ANAPA,브랜드: ANAPA 제조사: 아나파 카테고리: 보호용품,https://shopping-phinf.pstatic.net/main_8396828/83968286221.9.jpg,1,아나파코리아,15900,15900,아나파 손목 보호대 하드 소프트 얇은 헬스 골프 테니스 아대,83968286221,스포츠/레저,100,보호용품
1736,2026-05-29 05:30:47.752358,2026-05-29 05:30:47.752358,언더레스,브랜드: 언더레스 카테고리: 보호용품,https://shopping-phinf.pstatic.net/main_3631980/36319802259.20241029070947.jpg,1,네이버,31800,31800,언더레스 찜질 손목보호대 아대 밴드 얇은 임산부 헬스 골프 테니스,36319802259,스포츠/레저,100,보호용품
1737,2026-05-29 05:30:47.754185,2026-05-29 05:30:47.754185,아디다스피트니스,브랜드: 아디다스피트니스 제조사: 아디다스 카테고리: 보호용품,https://shopping-phinf.pstatic.net/main_5484672/54846727986.20250519001809.jpg,1,네이버,29800,29800,아디다스 아디다스피트니스 리프팅 헬스 스트랩,54846727986,스포츠/레저,100,보호용품
1738,2026-05-29 05:30:47.755879,2026-05-29 05:30:47.755879,베르사그립,브랜드: 베르사그립 제조사: 베르사그립 카테고리: 보호용품,https://shopping-phinf.pstatic.net/main_4375503/43755037144.20251218194316.jpg,1,네이버,85790,85790,베르사그립 헬스 스트랩 손목 보호대 pro550,43755037144,스포츠/레저,100,보호용품
1739,2026-05-29 05:30:47.757646,2026-05-29 05:30:47.757646,잠스트,브랜드: 잠스트 제조사: 잠스트 카테고리: 보호용품,https://shopping-phinf.pstatic.net/main_8042145/80421459598.5.jpg,1,트라택 공식스토어,24300,24300,잠스트 손목보호대 리스트랩 골프 육아 테니스 헬스 배드민턴 김연경 착용,80421459598,스포츠/레저,100,보호용품
1740,2026-05-29 05:30:47.759323,2026-05-29 05:30:47.759323,그리핏,브랜드: 그리핏 카테고리: 보호용품,https://shopping-phinf.pstatic.net/main_8773086/87730867169.3.jpg,1,GRIPIT,18900,18900,그리핏 두줄 얇은 손목보호대 손목 터널증후군 건초염 TFCC 아대 헬스 테니스 클라이밍,87730867169,스포츠/레저,100,보호용품
1741,2026-05-29 05:30:47.761078,2026-05-29 05:30:47.761078,WSF,브랜드: WSF 카테고리: 보호용품,https://shopping-phinf.pstatic.net/main_8555228/8555228238.1.jpg,1,쿠스포츠,25000,25000,WSF 레드라인 리스트랩 손목보호대 헬스 스트랩,8555228238,스포츠/레저,100,보호용품
1742,2026-05-29 05:30:47.762779,2026-05-29 05:30:47.762779,나이키,브랜드: 나이키 제조사: 나이키 카테고리: 보호용품,https://shopping-phinf.pstatic.net/main_8377809/83778092538.1.jpg,1,스포츠이즈,17000,17000,나이키 프로 손목보호대 아대 밴드 테니스 헬스 스트랩,83778092538,스포츠/레저,100,보호용품
1743,2026-05-29 05:30:47.764483,2026-05-29 05:30:47.764483,런워크,브랜드: 런워크 카테고리: 보호용품,https://shopping-phinf.pstatic.net/main_8956036/89560366871.2.jpg,1,런워크,24500,24500,런워크 TFCC 손목보호대 헬스 스트랩 아대 산후 테이핑 기본,89560366871,스포츠/레저,100,보호용품
1744,2026-05-29 05:30:47.766688,2026-05-29 05:30:47.766688,라인벨라,브랜드: 라인벨라 제조사: 엠비헬스케어 카테고리: 보호용품,https://shopping-phinf.pstatic.net/main_8576171/85761714309.5.jpg,1,라인벨라,15000,15000,라인벨라 의료용 국산 손목보호대 얇은 압박밴드 라이크라 임산부 출산 손목아대 XS 양손,85761714309,스포츠/레저,100,보호용품
1745,2026-05-29 05:30:47.768757,2026-05-29 05:30:47.768757,매시브,브랜드: 매시브 카테고리: 보호용품,https://shopping-phinf.pstatic.net/main_5009614/50096142682.20260114014636.jpg,1,네이버,21900,21900,매시브 헬스 스트랩 리프팅 퀵 그립 손목보호대,50096142682,스포츠/레저,100,보호용품
1746,2026-05-29 05:30:47.770628,2026-05-29 05:30:47.770628,"",카테고리: 보호용품,https://shopping-phinf.pstatic.net/main_5984569/59845690265.jpg,1,파로레몰,16900,16900,1+1 프리미엄 얇은 손목보호대 팔목 테니스 골프 헬스 임산부 터널 산모 손목아대,59845690265,스포츠/레저,100,보호용품
1747,2026-05-29 05:30:47.789589,2026-05-29 05:30:47.789589,브렁크,브랜드: 브렁크 카테고리: 보호용품,https://shopping-phinf.pstatic.net/main_8501236/85012368278.1.jpg,1,브렁크,29800,29800,브렁크 퀵그립 헬스 스트랩 손목보호대 그립 턱걸이 풀업 아대,85012368278,스포츠/레저,100,보호용품
1748,2026-05-29 05:30:47.796262,2026-05-29 05:30:47.796262,SCHIEK,브랜드: SCHIEK 제조사: SCHIEK 카테고리: 보호용품,https://shopping-phinf.pstatic.net/main_1201146/12011461628.6.jpg,1,시크코리아,26900,26900,SCHIEK 1100WS 헬스 손목 보호대 리스트 서포트 스트랩 블랙 시크 쉬크,12011461628,스포츠/레저,100,보호용품
1749,2026-05-29 05:30:47.799596,2026-05-29 05:30:47.799596,제로투히어로,브랜드: 제로투히어로 제조사: 제로투히어로 카테고리: 보호용품,https://shopping-phinf.pstatic.net/main_1890483/18904831754.20260310155551.jpg,1,네이버,10900,10900,제로투히어로 헬스 손목보호대 리스트랩,18904831754,스포츠/레저,100,보호용품
1750,2026-05-29 05:30:47.802684,2026-05-29 05:30:47.802684,WSF,브랜드: WSF 카테고리: 보호용품,https://shopping-phinf.pstatic.net/main_1028008/10280089677.1.jpg,1,럭스피트,17900,17900,WSF 그립테크 헬스스트랩 Griptech Rubberized Lifting Straps,10280089677,스포츠/레저,100,보호용품
1751,2026-05-29 05:30:47.805819,2026-05-29 05:30:47.805819,"",카테고리: 보호용품,https://shopping-phinf.pstatic.net/main_9001771/90017718020.4.jpg,1,오니르 ONIIR,49800,49800,머신암 헬스 스트랩 풀업 그립 철봉스트랩 턱걸이 리프팅 장갑,90017718020,스포츠/레저,100,보호용품
1752,2026-05-29 05:30:47.808817,2026-05-29 05:30:47.808817,핏플렉스,브랜드: 핏플렉스 제조사: 핏플렉스 카테고리: 보호용품,https://shopping-phinf.pstatic.net/main_8436706/84367062051.15.jpg,1,핏플렉스,73000,73000,핏플렉스 그립 프로 헬스 스트랩,84367062051,스포츠/레저,100,보호용품
1753,2026-05-29 05:30:47.811879,2026-05-29 05:30:47.811879,아디다스피트니스,브랜드: 아디다스피트니스 제조사: 아디다스 카테고리: 보호용품,https://shopping-phinf.pstatic.net/main_8938874/89388749928.1.jpg,1,아디다스피트니스,29800,29800,아디다스 리프팅 헬스 스트랩 장갑 손목 팔목 아대 손목 보호대 풀업 퀵 그립 용품,89388749928,스포츠/레저,100,보호용품
1754,2026-05-29 05:30:47.814905,2026-05-29 05:30:47.814905,엑스포디움,브랜드: 엑스포디움 카테고리: 보호용품,https://shopping-phinf.pstatic.net/main_4771943/47719437744.20250602235305.jpg,1,네이버,45000,45000,엑스포디움 스티키 그립 마그네핏 손바닥보호대 크로스핏그립 짐내스틱 헬스,47719437744,스포츠/레저,100,보호용품
1755,2026-05-29 05:30:47.817943,2026-05-29 05:30:47.817943,제로투히어로,브랜드: 제로투히어로 제조사: 제로투히어로 카테고리: 보호용품,https://shopping-phinf.pstatic.net/main_8094955/80949551253.7.jpg,1,제로투히어로,29900,29900,제로투히어로 프로 그립 헬스 리프팅 스트랩 손목보호대,80949551253,스포츠/레저,100,보호용품
1756,2026-05-29 05:30:47.820845,2026-05-29 05:30:47.820845,크리오로지,브랜드: 크리오로지 제조사: 크리오로지 카테고리: 보호용품,https://shopping-phinf.pstatic.net/main_5497097/54970978932.20251016094601.jpg,1,네이버,22000,22000,크리오로지 선수용 손목붕대,54970978932,스포츠/레저,100,보호용품
1757,2026-05-29 05:30:47.823835,2026-05-29 05:30:47.823835,제로투히어로,브랜드: 제로투히어로 제조사: 제로투히어로 카테고리: 보호용품,https://shopping-phinf.pstatic.net/main_5351005/53510052764.20260312191212.jpg,1,네이버,10900,10900,제로투히어로 헬스 카모 손목보호대 리스트랩,53510052764,스포츠/레저,100,보호용품
1758,2026-05-29 05:30:47.826883,2026-05-29 05:30:47.826883,3M,브랜드: 3M 카테고리: 보호용품,https://shopping-phinf.pstatic.net/main_3536849/35368495339.20260122151727.jpg,1,네이버,5490,5490,3M 후투로 스트랩형 손목 관절 보호대,35368495339,스포츠/레저,100,보호용품
1759,2026-05-29 05:30:47.829803,2026-05-29 05:30:47.829803,아이언빅,브랜드: 아이언빅 카테고리: 보호용품,https://shopping-phinf.pstatic.net/main_3524483/35244833034.20240329171512.jpg,1,네이버,17700,17700,아이언빅 리스트서포트 손목보호대,35244833034,스포츠/레저,100,보호용품
1760,2026-05-29 05:30:47.83272,2026-05-29 05:30:47.83272,"",카테고리: 보호용품,https://shopping-phinf.pstatic.net/main_9011483/90114836449.1.jpg,1,인피니티 스포츠,14900,14900,모션핏 손목보호대 아대 밴드 건초염 터널증후군 골프 테니스 헬스 운동 TFCC,90114836449,스포츠/레저,100,보호용품
1761,2026-05-29 05:30:47.83585,2026-05-29 05:30:47.83585,아디다스피트니스,브랜드: 아디다스피트니스 제조사: 아디다스 카테고리: 보호용품,https://shopping-phinf.pstatic.net/main_8938871/89388711949.2.jpg,1,아디다스피트니스,14800,14800,아디다스 손목 아대 12cm 세트 밴드 보호대 헬스 스트랩 테니스 러닝 골프 스포츠 운동,89388711949,스포츠/레저,100,보호용품
1762,2026-05-29 05:30:47.838805,2026-05-29 05:30:47.838805,쿠스포츠,브랜드: 쿠스포츠 제조사: 쿠스포츠 카테고리: 보호용품,https://shopping-phinf.pstatic.net/main_8220409/82204097464.12.jpg,1,쿠스포츠,19000,19000,크라토스 손목붕대 역도 손목보호대 크로스핏 헬스,82204097464,스포츠/레저,100,보호용품
1763,2026-05-29 05:30:47.841856,2026-05-29 05:30:47.841856,"",카테고리: 보호용품,https://shopping-phinf.pstatic.net/main_1303414/13034141461.3.jpg,1,아워헬스,4400,4400,OH-705 깁스 손가락보호대 손가락깁스 손가락골절깁스 엄지손가락 새끼손가락 보호대,13034141461,스포츠/레저,100,보호용품
1764,2026-05-29 05:30:47.844878,2026-05-29 05:30:47.844878,언더아머,브랜드: 언더아머 제조사: 언더아머 카테고리: 보호용품,https://shopping-phinf.pstatic.net/main_5834181/58341817310.20251231151214.jpg,1,네이버,3500,3500,언더아머 트레이닝 손목밴드 보호대 1276991,58341817310,스포츠/레저,100,보호용품
1801,2026-05-31 14:57:44.558329,2026-05-31 14:57:44.558329,"",제조사: 바이온셀 카테고리: 스킨케어,https://shopping-phinf.pstatic.net/main_5824523/58245236959.20251223164225.jpg,1,네이버,34900,34900,"디온세라 PDRN 보습 탄력 글로우 연어크림 70ml, 1개",58245236959,화장품/미용,100,스킨케어
1765,2026-05-29 05:30:47.847809,2026-05-29 05:30:47.847809,베르사그립,브랜드: 베르사그립 제조사: 베르사그립 카테고리: 보호용품,https://shopping-phinf.pstatic.net/main_5894508/58945082888.20260216202151.jpg,1,네이버,81710,81710,베르사그립 핏 프로 헬스 스트랩 풀업 턱걸이 손목 보호대 fit575,58945082888,스포츠/레저,100,보호용품
1766,2026-05-29 05:30:47.850883,2026-05-29 05:30:47.850883,크리오로지,브랜드: 크리오로지 제조사: 크리오로지 카테고리: 보호용품,https://shopping-phinf.pstatic.net/main_1059006/10590065079.45.jpg,1,마고샵,22000,22000,크리오로지 역도선수용 손목붕대 손목보호대 2개1세트 헬스 크로스핏 용품,10590065079,스포츠/레저,100,보호용품
1767,2026-05-29 05:30:47.853871,2026-05-29 05:30:47.853871,언더레스,브랜드: 언더레스 카테고리: 보호용품,https://shopping-phinf.pstatic.net/main_8434459/84344593173.9.jpg,1,언더레스,31800,31800,언더레스 찜질 손목보호대 아대 밴드 얇은 임산부 헬스 골프 테니스 1개 FREE,84344593173,스포츠/레저,100,보호용품
1768,2026-05-29 05:30:47.856826,2026-05-29 05:30:47.856826,엑스포디움,브랜드: 엑스포디움 카테고리: 보호용품,https://shopping-phinf.pstatic.net/main_8689925/86899253120.7.jpg,1,XPODIUM 엑스포디움,45000,45000,엑스포디움 스티키 그립 마그네핏 손바닥보호대 크로스핏그립 짐내스틱 헬스,86899253120,스포츠/레저,100,보호용품
1769,2026-05-29 05:30:47.859722,2026-05-29 05:30:47.859722,아이언빅,브랜드: 아이언빅 카테고리: 보호용품,https://shopping-phinf.pstatic.net/main_8316170/83161702120.9.jpg,1,아이언빅,15800,15800,헬스 스트랩 아이언빅 퀵그립 데드리프트 리프팅 랫풀다운 덤벨 원암 턱걸이 풀업 PU일반형,83161702120,스포츠/레저,100,보호용품
1770,2026-05-29 05:30:47.862591,2026-05-29 05:30:47.862591,레토,브랜드: 레토 제조사: 레토 카테고리: 보호용품,https://shopping-phinf.pstatic.net/main_8978656/89786562966.3.jpg,1,레토캠프,6800,6800,레토 슬림핏 손목보호대 헬스 팔목 얇은 아대 밴드 LSL-WB07,89786562966,스포츠/레저,100,보호용품
1771,2026-05-29 05:30:47.865433,2026-05-29 05:30:47.865433,제로투히어로,브랜드: 제로투히어로 제조사: 제로투히어로 카테고리: 보호용품,https://shopping-phinf.pstatic.net/main_5528934/55289343456.110.jpg,1,쿠팡,28900,28900,제로투히어로 리프팅 프로 그립 일체형 헬스 스트랩,55289343456,스포츠/레저,100,보호용품
1772,2026-05-29 05:30:47.86818,2026-05-29 05:30:47.86818,에이더,브랜드: 에이더 제조사: 에이더 카테고리: 보호용품,https://shopping-phinf.pstatic.net/main_5834277/58342773181.20260226101800.jpg,1,네이버,29800,29800,에이더 데일리그립 손목 보호대 골프 테니스 헬스 아대 스트랩,58342773181,스포츠/레저,100,보호용품
1773,2026-05-29 05:30:47.870916,2026-05-29 05:30:47.870916,베르사그립,브랜드: 베르사그립 제조사: 베르사그립 카테고리: 보호용품,https://shopping-phinf.pstatic.net/main_5884585/58845850999.20260208011015.jpg,1,네이버,153520,153520,베르사그립 익스트림 헬스 스트랩 아대 보호대 XTR600,58845850999,스포츠/레저,100,보호용품
1774,2026-05-29 05:30:47.873543,2026-05-29 05:30:47.873543,WSF,브랜드: WSF 카테고리: 보호용품,https://shopping-phinf.pstatic.net/main_1195166/11951664145.8.jpg,1,제트리션,17900,17900,WSF GripTech Lifting Straps 그립테크 리프팅 패드 헬스 스트랩,11951664145,스포츠/레저,100,보호용품
1775,2026-05-29 05:30:47.876215,2026-05-29 05:30:47.876215,에이더,브랜드: 에이더 제조사: 에이더 카테고리: 보호용품,https://shopping-phinf.pstatic.net/main_1105988/11059888823.12.jpg,1,에이더,24800,24800,에이더 TFCC 손목 보호대 T4 헬스 골프 필라테스 크로스핏 스트랩,11059888823,스포츠/레저,100,보호용품
1776,2026-05-29 05:30:47.878684,2026-05-29 05:30:47.878684,아디다스,브랜드: 아디다스 제조사: 아디다스 카테고리: 보호용품,https://shopping-phinf.pstatic.net/main_8244090/82440903715.3.jpg,1,케이웨이컴퍼니,10500,10500,아디다스 리스트 손목밴드 숏 아대 테니스 운동 스포츠 보호대,82440903715,스포츠/레저,100,보호용품
1777,2026-05-29 05:30:47.881202,2026-05-29 05:30:47.881202,아디다스피트니스,브랜드: 아디다스피트니스 제조사: 아디다스 카테고리: 보호용품,https://shopping-phinf.pstatic.net/main_8367697/83676977345.3.jpg,1,아디다스피트니스,26800,26800,아디다스 핸드 그립 맥스 헬스 스트랩 장갑 아대 손목보호대 퀵그립 데드리프트 리프팅 풀업,83676977345,스포츠/레저,100,보호용품
1778,2026-05-29 05:30:47.883775,2026-05-29 05:30:47.883775,"",제조사: 나투라 카테고리: 보호용품,https://shopping-phinf.pstatic.net/main_8944538/89445386849.4.jpg,1,나투라 공식스토어,16900,16900,손목아대 TFCC 손목보호대 건초염 헬스 터널증후군 밴드,89445386849,스포츠/레저,100,보호용품
1779,2026-05-29 05:30:47.886284,2026-05-29 05:30:47.886284,보드미,브랜드: 보드미 카테고리: 보호용품,https://shopping-phinf.pstatic.net/main_4325527/43255279319.20231015125856.jpg,1,네이버,1700,1700,보드미 스타스포츠 손목밴드 LONG 블랙 TD440,43255279319,스포츠/레저,100,보호용품
1780,2026-05-29 05:30:47.888837,2026-05-29 05:30:47.888837,각성,브랜드: 각성 카테고리: 보호용품,https://shopping-phinf.pstatic.net/main_8669536/86695367407.13.jpg,1,각성,19900,19900,각성 헬스 스트랩 퀵그립 리프팅 데드리프트 그립 여자 남자,86695367407,스포츠/레저,100,보호용품
1781,2026-05-29 05:30:47.891362,2026-05-29 05:30:47.891362,핏플렉스,브랜드: 핏플렉스 제조사: 핏플렉스 카테고리: 보호용품,https://shopping-phinf.pstatic.net/main_3654522/36545228618.20221215181529.jpg,1,네이버,27900,27900,핏플렉스 알칸타라 헬스 스트랩,36545228618,스포츠/레저,100,보호용품
1782,2026-05-29 05:30:47.893924,2026-05-29 05:30:47.893924,아이언빅,브랜드: 아이언빅 카테고리: 보호용품,https://shopping-phinf.pstatic.net/main_8321106/83211069870.5.jpg,1,아이언빅,17700,17700,아이언빅 손목보호대 헬스 스트랩 아대 밴드 크로스핏 리스트랩,83211069870,스포츠/레저,100,보호용품
1783,2026-05-29 05:30:47.896491,2026-05-29 05:30:47.896491,프로스펙스피트니스,브랜드: 프로스펙스피트니스 제조사: 코리아스포츠 카테고리: 보호용품,https://shopping-phinf.pstatic.net/main_4585323/45853234346.20251030180548.jpg,1,네이버,22900,22900,코리아스포츠 프로스펙스피트니스 다이얼 손목 보호대 아대 밴드 고정,45853234346,스포츠/레저,100,보호용품
1784,2026-05-29 05:30:47.899182,2026-05-29 05:30:47.899182,"",카테고리: 보호용품,https://shopping-phinf.pstatic.net/main_5039878/50398784357.3.jpg,1,카링몰,8500,8500,손목 보호대 헬스 스트랩 크로스핏 테니스 리프팅 압박 테이핑 보호 얇은 아대 밴드,50398784357,스포츠/레저,100,보호용품
1785,2026-05-29 05:30:47.90201,2026-05-29 05:30:47.90201,혁선생,브랜드: 혁선생 카테고리: 보호용품,https://shopping-phinf.pstatic.net/main_8419273/84192732488.3.jpg,1,혁선생,25900,25900,혁선생 의료용 손목보호대 반깁스 아대 Wrist H-03,84192732488,스포츠/레저,100,보호용품
1786,2026-05-29 05:30:47.905047,2026-05-29 05:30:47.905047,반테린,브랜드: 반테린 카테고리: 보호용품,https://shopping-phinf.pstatic.net/main_8588491/85884910558.1.jpg,1,좋은메디케어,17500,17500,오타니 반테린코와 서포터 손목보호대 일본 2024년 최신리뉴얼V 헬스 의료용 약국 건초염,85884910558,스포츠/레저,100,보호용품
1787,2026-05-29 05:30:47.908272,2026-05-29 05:30:47.908272,아디다스,브랜드: 아디다스 제조사: 아디다스 카테고리: 보호용품,https://shopping-phinf.pstatic.net/main_8333203/83332033410.15.jpg,1,핏블레스,11900,11900,나이키 손목밴드 AC2286 손목보호대 헬스 테니스 운동 땀 흡수,83332033410,스포츠/레저,100,보호용품
1788,2026-05-29 05:30:47.911545,2026-05-29 05:30:47.911545,제로투히어로,브랜드: 제로투히어로 제조사: 제로투히어로 카테고리: 보호용품,https://shopping-phinf.pstatic.net/main_8095158/80951581091.7.jpg,1,제로투히어로,10900,10900,제로투히어로 헬스 카모 손목보호대 리스트랩 스트랩 EXCLUSIVE Black camo,80951581091,스포츠/레저,100,보호용품
1789,2026-05-29 05:30:47.91476,2026-05-29 05:30:47.91476,슈퍼비스트,브랜드: 슈퍼비스트 카테고리: 보호용품,https://shopping-phinf.pstatic.net/main_8144464/81444641158.1.jpg,1,시즌온,13500,13500,슈퍼비스트 손목보호대 [일반] 양손2개 1세트 김성환헬스아대 SUPERBEAST WRIST,81444641158,스포츠/레저,100,보호용품
1791,2026-05-29 05:30:47.921088,2026-05-29 05:30:47.921088,아이워너,브랜드: 아이워너 제조사: 아이워너 카테고리: 보호용품,https://shopping-phinf.pstatic.net/main_4826118/48261181552.20240731155733.jpg,1,네이버,5000,5000,아이워너 슬림 핏 손목 보호대,48261181552,스포츠/레저,100,보호용품
1792,2026-05-29 05:30:47.924328,2026-05-29 05:30:47.924328,쉴드,브랜드: 쉴드 카테고리: 보호용품,https://shopping-phinf.pstatic.net/main_8161738/81617386037.18.jpg,1,개근질마트,24900,24900,쉴드 헬스 스트랩 손목 보호대 아대 / 리프팅 크로스핏 프로 헬스용품,81617386037,스포츠/레저,100,보호용품
1793,2026-05-29 05:30:47.92785,2026-05-29 05:30:47.92785,SCHIEK,브랜드: SCHIEK 제조사: SCHIEK 카테고리: 보호용품,https://shopping-phinf.pstatic.net/main_1254974/12549747184.11.jpg,1,시크코리아,24900,24900,SCHIEK 1112W 헬스 리스트랩 손목 보호대 스트랩 화이트 시크 쉬크,12549747184,스포츠/레저,100,보호용품
1794,2026-05-29 05:30:47.933516,2026-05-29 05:30:47.933516,WSF,브랜드: WSF 카테고리: 보호용품,https://shopping-phinf.pstatic.net/main_1195167/11951670585.5.jpg,1,제트리션,25000,25000,WSF 레드라인 리스트랩 손목보호대 헬스 스트랩,11951670585,스포츠/레저,100,보호용품
1795,2026-05-29 05:30:47.939056,2026-05-29 05:30:47.939056,SCHIEK,브랜드: SCHIEK 제조사: SCHIEK 카테고리: 보호용품,https://shopping-phinf.pstatic.net/main_1201214/12012140939.8.jpg,1,시크코리아,28900,28900,SCHIEK 1000PLS 파워 리프팅 헬스 스트랩 블랙 시크 쉬크,12012140939,스포츠/레저,100,보호용품
1796,2026-05-29 05:30:47.969555,2026-05-29 05:30:47.969555,제로투히어로,브랜드: 제로투히어로 제조사: 제로투히어로 카테고리: 보호용품,https://shopping-phinf.pstatic.net/main_5370636/53706363029.20260312191603.jpg,1,네이버,10900,10900,제로투히어로 면 헬스 손목보호대 리스트랩 손목붕대 역도붕대,53706363029,스포츠/레저,100,보호용품
1797,2026-05-29 05:30:47.982864,2026-05-29 05:30:47.982864,"",카테고리: 보호용품,https://shopping-phinf.pstatic.net/main_1198218/11982181788.8.jpg,1,BODYRECIPE,19000,19000,[바디레시피] 헬스 스트랩 5종 손목 보호대 리프팅 그립,11982181788,스포츠/레저,100,보호용품
1798,2026-05-29 05:30:47.986537,2026-05-29 05:30:47.986537,SCHIEK,브랜드: SCHIEK 제조사: SCHIEK 카테고리: 보호용품,https://shopping-phinf.pstatic.net/main_8222845/82228457995.10.jpg,1,시크코리아,41500,41500,SCHIEK 1900 헬스 그립 리프팅 스트랩 크로스핏 턱걸이 풀업 블랙 시크 쉬크,82228457995,스포츠/레저,100,보호용품
1799,2026-05-29 05:30:47.989537,2026-05-29 05:30:47.989537,베르사그립,브랜드: 베르사그립 제조사: 베르사그립 카테고리: 보호용품,https://shopping-phinf.pstatic.net/main_8161867/81618674397.4.jpg,1,피트니스코리아,99800,99800,베르사그립 클래식 좌우 1세트,81618674397,스포츠/레저,100,보호용품
1800,2026-05-29 05:30:47.992347,2026-05-29 05:30:47.992347,하빈져,브랜드: 하빈져 제조사: IMPLUS 카테고리: 보호용품,https://shopping-phinf.pstatic.net/main_3918305/39183050068.20260122142113.jpg,1,네이버,38500,38500,IMPLUS 하빈져 헬스스트랩 리프팅 그립,39183050068,스포츠/레저,100,보호용품
1802,2026-05-31 14:57:44.579978,2026-05-31 14:57:44.579978,센텔리안24,브랜드: 센텔리안24 제조사: 동국제약 카테고리: 스킨케어,https://shopping-phinf.pstatic.net/main_5192925/51929255915.20260331165502.jpg,1,네이버,23480,23480,"센텔리안24 동국제약 마데카크림 시즌7 타임 리버스 50ml, 3개",51929255915,화장품/미용,100,스킨케어
1803,2026-05-31 14:57:44.583253,2026-05-31 14:57:44.583253,메디필,브랜드: 메디필 제조사: 아주화장품 카테고리: 스킨케어,https://shopping-phinf.pstatic.net/main_5192923/51929231217.20250724104107.jpg,1,네이버,11780,11780,"메디필 멜라논 엑스 크림 30ml, 2개",51929231217,화장품/미용,100,스킨케어
1804,2026-05-31 14:57:44.589275,2026-05-31 14:57:44.589275,에르띠,브랜드: 에르띠 제조사: 일진코스메틱 카테고리: 스킨케어,https://shopping-phinf.pstatic.net/main_5192951/51929513875.20241213220819.jpg,1,네이버,44490,44490,"에르띠 37 인텐시브 셀룰러 이알 크림 45ml, 1개",51929513875,화장품/미용,100,스킨케어
1805,2026-05-31 14:57:44.593489,2026-05-31 14:57:44.593489,제로이드,브랜드: 제로이드 제조사: 네오팜 카테고리: 스킨케어,https://shopping-phinf.pstatic.net/main_5192901/51929011624.20241213202257.jpg,1,네이버,43400,43400,"제로이드 인텐시브 리치 크림 엠디 160ml, 1개",51929011624,화장품/미용,100,스킨케어
1806,2026-05-31 14:57:44.595897,2026-05-31 14:57:44.595897,에스트라,브랜드: 에스트라 제조사: 코스비전 카테고리: 스킨케어,https://shopping-phinf.pstatic.net/main_9024167/90241673962.8.jpg,1,B.N.S,25800,25800,에스트라 아토베리어 365 크림 80ml 1개+로션 30ml(증정품) 3개+마스크팩 1장,90241673962,화장품/미용,100,스킨케어
1807,2026-05-31 14:57:44.6013,2026-05-31 14:57:44.6013,피지오겔,브랜드: 피지오겔 제조사: NEOCOSMED 카테고리: 스킨케어,https://shopping-phinf.pstatic.net/main_5192920/51929202767.20241213204824.jpg,1,네이버,34390,34390,"피지오겔 데일리 모이스쳐 테라피 페이셜 크림 75ml, 3개",51929202767,화장품/미용,100,스킨케어
1808,2026-05-31 14:57:44.608734,2026-05-31 14:57:44.608734,"",제조사: 바이온셀 카테고리: 스킨케어,https://shopping-phinf.pstatic.net/main_9031904/90319046303.7.jpg,1,뷰티나무,34900,34900,디온세라 PDRN 연어 재생크림 고보습 탄력 수분크림 70ml,90319046303,화장품/미용,100,스킨케어
1809,2026-05-31 14:57:44.611571,2026-05-31 14:57:44.611571,펠로디,브랜드: 펠로디 제조사: 에이티바이오제약 카테고리: 스킨케어,https://shopping-phinf.pstatic.net/main_9103845/91038451372.5.jpg,1,펠로디,29000,29000,리포좀 300MG 수분 크림 재생 NMN 비타민 C 보습 영양 미백 시카 EGF 주름개선,91038451372,화장품/미용,100,스킨케어
1810,2026-05-31 14:57:44.614935,2026-05-31 14:57:44.614935,키엘,브랜드: 키엘 제조사: 키엘 카테고리: 스킨케어,https://shopping-phinf.pstatic.net/main_8878197/88781970600.19.jpg,1,어반더블랑,54900,54900,"(국문라벨) 키엘 수분크림 울트라 훼이셜 페이셜 수분 크림 125ml, 1개",88781970600,화장품/미용,100,스킨케어
1811,2026-05-31 14:57:44.617406,2026-05-31 14:57:44.617406,피지오겔,브랜드: 피지오겔 제조사: 엘지생활건강 카테고리: 스킨케어,https://shopping-phinf.pstatic.net/main_5192955/51929552648.20241213221051.jpg,1,네이버,51450,51450,"피지오겔 레드 수딩 AI 리페어 크림 100ml(건성, 민감성), 2개",51929552648,화장품/미용,100,스킨케어
1812,2026-05-31 14:57:44.625005,2026-05-31 14:57:44.625005,펠로디,브랜드: 펠로디 제조사: 에이티바이오제약 카테고리: 스킨케어,https://shopping-phinf.pstatic.net/main_9012657/90126577567.16.jpg,1,펠로디,27900,27900,리포좀 300MG 수분 크림 재생 콜라겐 달팽이 보습 탄력 영양 시카 EGF 미백 주름개선,90126577567,화장품/미용,100,스킨케어
1813,2026-05-31 14:57:44.629254,2026-05-31 14:57:44.629254,에스트라,브랜드: 에스트라 제조사: 코스비전 카테고리: 스킨케어,https://shopping-phinf.pstatic.net/main_5803131/58031313441.20260515161242.jpg,1,네이버,17630,17630,"에스트라 아토베리어 365 크림 80ml(신형), 1개",58031313441,화장품/미용,100,스킨케어
1814,2026-05-31 14:57:44.637638,2026-05-31 14:57:44.637638,시바산,브랜드: 시바산 제조사: 이엔비에스 카테고리: 스킨케어,https://shopping-phinf.pstatic.net/main_5192929/51929294728.20241213210926.jpg,1,네이버,77000,77000,"시바산 메쓰 크림 35ml, 1개",51929294728,화장품/미용,100,스킨케어
1815,2026-05-31 14:57:44.640156,2026-05-31 14:57:44.640156,뉴스킨,브랜드: 뉴스킨 제조사: 뉴스킨 카테고리: 스킨케어,https://shopping-phinf.pstatic.net/main_5192930/51929302145.20241213211235.jpg,1,네이버,18000,18000,"뉴스킨 인핸서 스킨 컨디셔닝 젤 100ml, 1개",51929302145,화장품/미용,100,스킨케어
1816,2026-05-31 14:57:44.641911,2026-05-31 14:57:44.641911,한율,브랜드: 한율 제조사: 코스비전 카테고리: 스킨케어,https://shopping-phinf.pstatic.net/main_5192949/51929499452.20241213220916.jpg,1,네이버,18900,18900,"한율 어린쑥 수분진정 크림 55ml(신형), 1개",51929499452,화장품/미용,100,스킨케어
1817,2026-05-31 14:57:44.643497,2026-05-31 14:57:44.643497,동아제약,브랜드: 동아제약 제조사: 코스맥스 카테고리: 스킨케어,https://shopping-phinf.pstatic.net/main_9080917/90809172974.jpg,1,깔끄미,29900,29900,동아제약 멜라토닝 크림 45ml 기미잡티 트리플 크림 + 기미 마스크팩,90809172974,화장품/미용,100,스킨케어
1818,2026-05-31 14:57:44.646461,2026-05-31 14:57:44.646461,미라클뮤즈,브랜드: 미라클뮤즈 카테고리: 스킨케어,https://shopping-phinf.pstatic.net/main_8644841/86448412196.4.jpg,1,미라클뮤즈,43500,43500,미라클뮤즈 히알 세라크림 [약국 EGF 5gf 멜라논멜라토닌멜라토닝 색소침착재생 스티바a],86448412196,화장품/미용,100,스킨케어
1819,2026-05-31 14:57:44.648436,2026-05-31 14:57:44.648436,피지오겔,브랜드: 피지오겔 제조사: 엘지생활건강 카테고리: 스킨케어,https://shopping-phinf.pstatic.net/main_5192950/51929501443.20241213221314.jpg,1,네이버,21500,21500,"피지오겔 레드수딩 시카밸런스 크림 80ml, 1개",51929501443,화장품/미용,100,스킨케어
1820,2026-05-31 14:57:44.650398,2026-05-31 14:57:44.650398,SNP,브랜드: SNP 제조사: SNP 카테고리: 스킨케어,https://shopping-phinf.pstatic.net/main_6013172/60131726807.20260522004057.jpg,1,네이버,25000,25000,"SNP 콜라겐 PDRN 판테놀 바운스업 속광 듀얼 수분크림 60ml, 1개",60131726807,화장품/미용,100,스킨케어
1821,2026-05-31 14:57:45.08258,2026-05-31 14:57:45.08258,맥,브랜드: 맥 제조사: 맥 카테고리: 색조메이크업,https://shopping-phinf.pstatic.net/main_6002853/60028534264.20260513164912.jpg,1,네이버,27900,27900,"맥 맥시멀 슬릭 새틴 립스틱 피치스톡, 3.5g",60028534264,화장품/미용,100,색조메이크업
1822,2026-05-31 14:57:45.097543,2026-05-31 14:57:45.097543,맥,브랜드: 맥 제조사: 맥 카테고리: 색조메이크업,https://shopping-phinf.pstatic.net/main_8069881/80698814867.72.jpg,1,리치캣,21800,21800,[백화점] 맥 립스틱 루비우 3g,80698814867,화장품/미용,100,색조메이크업
1823,2026-05-31 14:57:45.100361,2026-05-31 14:57:45.100361,맥,브랜드: 맥 카테고리: 색조메이크업,https://shopping-phinf.pstatic.net/main_6021511/60215111114.20260528111649.jpg,1,네이버,32300,32300,"맥 레트로 매트 립스틱 705 플랫아웃 패뷸러스, 3g",60215111114,화장품/미용,100,색조메이크업
1824,2026-05-31 14:57:45.105468,2026-05-31 14:57:45.105468,디올뷰티,브랜드: 디올뷰티 제조사: DIOR 카테고리: 색조메이크업,https://shopping-phinf.pstatic.net/main_5848562/58485628908.20260113144233.jpg,1,네이버,55900,55900,디올뷰티 어딕트 립스틱 380 핑크 디 자이어,58485628908,화장품/미용,100,색조메이크업
1825,2026-05-31 14:57:45.10846,2026-05-31 14:57:45.10846,롬앤,브랜드: 롬앤 제조사: 코스맥스 카테고리: 색조메이크업,https://shopping-phinf.pstatic.net/main_5999983/59999837362.20260511145001.jpg,1,네이버,7490,7490,롬앤 제로 매트 립스틱 어썸,59999837362,화장품/미용,100,색조메이크업
1826,2026-05-31 14:57:45.11408,2026-05-31 14:57:45.11408,피폴,브랜드: 피폴 카테고리: 색조메이크업,https://shopping-phinf.pstatic.net/main_5938659/59386592803.20260325141744.jpg,1,네이버,820,820,피폴 피펄 립스틱 3.2g 1개,59386592803,화장품/미용,100,색조메이크업
1827,2026-05-31 14:57:45.117877,2026-05-31 14:57:45.117877,케이트,브랜드: 케이트 제조사: 가네보 카테고리: 색조메이크업,https://shopping-phinf.pstatic.net/main_8446353/84463534199.15.jpg,1,케이트,43200,43200,[1+1] 케이트 립몬스터 립스틱,84463534199,화장품/미용,100,색조메이크업
1828,2026-05-31 14:57:45.119997,2026-05-31 14:57:45.119997,지방시,브랜드: 지방시 제조사: 엘브이엠에이치코스메틱스 카테고리: 색조메이크업,https://shopping-phinf.pstatic.net/main_5938660/59386600157.20260325141853.jpg,1,네이버,36000,36000,지방시 르 루즈 벨벳 매트 2.3g 1개,59386600157,화장품/미용,100,색조메이크업
1829,2026-05-31 14:57:45.122565,2026-05-31 14:57:45.122565,MISSHA,브랜드: MISSHA 제조사: 한국콜마 카테고리: 색조메이크업,https://shopping-phinf.pstatic.net/main_5793975/57939757166.20251128103923.jpg,1,네이버,7410,7410,MISSHA 듀이 루즈 페어리 드림,57939757166,화장품/미용,100,색조메이크업
1830,2026-05-31 14:57:45.124685,2026-05-31 14:57:45.124685,3CE,브랜드: 3CE 제조사: 코스맥스 카테고리: 색조메이크업,https://shopping-phinf.pstatic.net/main_5692690/56926901159.20250925145921.jpg,1,네이버,17000,17000,3CE 소프트 매트 립스틱 WAY BACK,56926901159,화장품/미용,100,색조메이크업
1831,2026-05-31 14:57:45.126742,2026-05-31 14:57:45.126742,시코르,브랜드: 시코르 제조사: 씨앤씨인터네셔날 카테고리: 색조메이크업,https://shopping-phinf.pstatic.net/main_8676600/86766006642.10.jpg,1,시코르 컬렉션,16800,16800,시코르 글레이즈 립 볼류마이저 1.7g,86766006642,화장품/미용,100,색조메이크업
1832,2026-05-31 14:57:45.129682,2026-05-31 14:57:45.129682,틴톤,브랜드: 틴톤 카테고리: 색조메이크업,https://shopping-phinf.pstatic.net/main_5694391/56943911152.20250926144458.jpg,1,네이버,9430,9430,틴톤 시크릿 젤리 립스틱 플라워 립스틱 샹그리아퍼플,56943911152,화장품/미용,100,색조메이크업
1833,2026-05-31 14:57:45.131634,2026-05-31 14:57:45.131634,웨이크메이크,브랜드: 웨이크메이크 제조사: 코스맥스 카테고리: 색조메이크업,https://shopping-phinf.pstatic.net/main_8985871/89858711751.3.jpg,1,웨이크메이크,11900,11900,[쿄카 PICK] 웨이크메이크 소프트 블러링 밤 스틱 3.5g,89858711751,화장품/미용,100,색조메이크업
1835,2026-05-31 14:57:45.53244,2026-05-31 14:57:45.53244,담톤,브랜드: 담톤 제조사: 한국콜마 카테고리: 선케어,https://shopping-phinf.pstatic.net/main_5805199/58051994356.20260212172805.jpg,1,네이버,18120,18120,"담톤 맑은 톤업 마일드 선크림 50ml, 2개",58051994356,화장품/미용,100,선케어
1836,2026-05-31 14:57:45.537158,2026-05-31 14:57:45.537158,온고리즘,브랜드: 온고리즘 제조사: 엠앤코스 카테고리: 선케어,https://shopping-phinf.pstatic.net/main_8923735/89237356992.5.jpg,1,온고리즘,19900,19900,온고리즘 선크림 UV 파데프리 톤업 썬크림,89237356992,화장품/미용,100,선케어
1837,2026-05-31 14:57:45.558862,2026-05-31 14:57:45.558862,푸드어홀릭,브랜드: 푸드어홀릭 제조사: 베로베코스메틱 카테고리: 선케어,https://shopping-phinf.pstatic.net/main_5192936/51929362696.20241213211642.jpg,1,네이버,1640,1640,"푸드어홀릭 멀티 선크림 70ml(SPF50+), 1개",51929362696,화장품/미용,100,선케어
1838,2026-05-31 14:57:45.564076,2026-05-31 14:57:45.564076,더페이스샵,브랜드: 더페이스샵 제조사: 더페이스샵 카테고리: 선케어,https://shopping-phinf.pstatic.net/main_5192958/51929588709.20241213221546.jpg,1,네이버,9020,9020,"더페이스샵 내추럴 선 에코 파워 롱래스팅 선크림 50ml(SPF50+), 1개",51929588709,화장품/미용,100,선케어
1839,2026-05-31 14:57:45.569593,2026-05-31 14:57:45.569593,상떼,브랜드: 상떼 제조사: 에버코스 카테고리: 선케어,https://shopping-phinf.pstatic.net/main_5192925/51929253990.20241213210155.jpg,1,네이버,54990,54990,"상떼 아줄렌 수더 선에센스 75ml(신형, SPF50+), 2개",51929253990,화장품/미용,100,선케어
1840,2026-05-31 14:57:45.572394,2026-05-31 14:57:45.572394,아트델리,브랜드: 아트델리 카테고리: 선케어,https://shopping-phinf.pstatic.net/main_5192951/51929515941.20241213220827.jpg,1,네이버,10380,10380,"아트델리 멜라 컷 톤 업 선크림 50ml(SPF50+), 1개",51929515941,화장품/미용,100,선케어
1841,2026-05-31 14:57:45.57452,2026-05-31 14:57:45.57452,터치미,브랜드: 터치미 제조사: 예나 카테고리: 선케어,https://shopping-phinf.pstatic.net/main_8026235/80262353586.23.jpg,1,에스세이지,18900,18900,대용량 선크림 500ml+알로에수딩젤 백탁없는 남자 여자 바디 썬크림 톤업 수분 선세럼,80262353586,화장품/미용,100,선케어
1842,2026-05-31 14:57:45.579527,2026-05-31 14:57:45.579527,"",카테고리: 선케어,https://shopping-phinf.pstatic.net/main_9101997/91019970417.jpg,1,달링태그,88000,88000,(1+1)상떼 선크림 수더 선에센스 듀오세트 보습 자외선 차단제 75ml+S1-4번들셋,91019970417,화장품/미용,100,선케어
1843,2026-05-31 14:57:45.581457,2026-05-31 14:57:45.581457,터치미,브랜드: 터치미 제조사: 송죽화장품 카테고리: 선케어,https://shopping-phinf.pstatic.net/main_5192930/51929306699.20250414145251.jpg,1,네이버,14800,14800,"터치미 퍼펙트 선크림 500ml(SPF50+), 1개",51929306699,화장품/미용,100,선케어
1844,2026-05-31 14:57:45.58305,2026-05-31 14:57:45.58305,닥터문,브랜드: 닥터문 제조사: 에스제이엠코스메틱 카테고리: 선케어,https://shopping-phinf.pstatic.net/main_5192953/51929539784.20241213221059.jpg,1,네이버,18800,18800,"닥터문 알로에베라 선크림 1000ml(SPF50+), 1개",51929539784,화장품/미용,100,선케어
1845,2026-05-31 14:57:45.585274,2026-05-31 14:57:45.585274,아로셀,브랜드: 아로셀 제조사: 한국콜마 카테고리: 선케어,https://shopping-phinf.pstatic.net/main_5574602/55746021014.20250711144204.jpg,1,네이버,36890,36890,"아로셀 멜라 트라넥스 선세럼 40ml(SPF50+), 2개",55746021014,화장품/미용,100,선케어
1846,2026-05-31 14:57:45.586663,2026-05-31 14:57:45.586663,본트리,브랜드: 본트리 제조사: 이에스코스메틱 카테고리: 선케어,https://shopping-phinf.pstatic.net/main_5192948/51929483578.20241213220810.jpg,1,네이버,14680,14680,"본트리 베리 에센스 선 블럭 50ml(SPF50+), 2개",51929483578,화장품/미용,100,선케어
1847,2026-05-31 14:57:45.587962,2026-05-31 14:57:45.587962,리포브,브랜드: 리포브 제조사: 리봄화장품 카테고리: 선케어,https://shopping-phinf.pstatic.net/main_5802277/58022778242.20260212154411.jpg,1,네이버,26890,26890,"리포브 선 프로텍터 선크림 6세대 50ml(SPF50+), 1개",58022778242,화장품/미용,100,선케어
1848,2026-05-31 14:57:45.589514,2026-05-31 14:57:45.589514,후시다인,브랜드: 후시다인 제조사: 코스맥스 카테고리: 선케어,https://shopping-phinf.pstatic.net/main_5192952/51929528241.20241213221607.jpg,1,네이버,31330,31330,"후시다인 더마 트러블 징크 카밍 선크림 50ml(SPF50+), 2개",51929528241,화장품/미용,100,선케어
1849,2026-05-31 14:57:45.59076,2026-05-31 14:57:45.59076,벤튼,브랜드: 벤튼 제조사: 벤튼 카테고리: 선케어,https://shopping-phinf.pstatic.net/main_5192946/51929467107.20241213220132.jpg,1,네이버,13000,13000,"벤튼 스킨핏 미네랄 선크림 50ml(SPF50+), 1개",51929467107,화장품/미용,100,선케어
1850,2026-05-31 14:57:45.594187,2026-05-31 14:57:45.594187,아이오페,브랜드: 아이오페 제조사: 아모레퍼시픽 카테고리: 선케어,https://shopping-phinf.pstatic.net/main_5192919/51929192864.20241213204539.jpg,1,네이버,21730,21730,"아이오페 유브이 쉴드 에센셜 톤업 선 50ml(SPF50+), 1개",51929192864,화장품/미용,100,선케어
1851,2026-05-31 14:57:45.60019,2026-05-31 14:57:45.60019,에스트라,브랜드: 에스트라 제조사: 코스비전 카테고리: 선케어,https://shopping-phinf.pstatic.net/main_5192929/51929296784.20241213210820.jpg,1,네이버,37980,37980,"에스트라 더마 유브이 365 톤업 선크림 40ml(SPF50+), 2개",51929296784,화장품/미용,100,선케어
1852,2026-05-31 14:57:45.606232,2026-05-31 14:57:45.606232,아이오페,브랜드: 아이오페 제조사: 아모레퍼시픽 카테고리: 선케어,https://shopping-phinf.pstatic.net/main_5698727/56987274817.20260310152509.jpg,1,네이버,20000,20000,"아이오페 유브이 쉴드 톤업 선 50ml(SPF50+), 1개",56987274817,화장품/미용,100,선케어
1853,2026-05-31 14:57:45.613247,2026-05-31 14:57:45.613247,스킨1004,브랜드: 스킨1004 제조사: 한국콜마 카테고리: 선케어,https://shopping-phinf.pstatic.net/main_5192931/51929311627.20241213211135.jpg,1,네이버,13080,13080,"스킨1004 마다가스카르 센텔라 히알루 시카 워터핏 선 세럼 100ml((SPF50+), 1개",51929311627,화장품/미용,100,선케어
1854,2026-05-31 14:57:45.615737,2026-05-31 14:57:45.615737,디엠에스,브랜드: 디엠에스 카테고리: 선케어,https://shopping-phinf.pstatic.net/main_5192962/51929621749.20241213222117.jpg,1,네이버,28990,28990,"디엠에스 코르테 더모 프로텍션 선 레스큐 크림 50ml(SPF50+), 1개",51929621749,화장품/미용,100,선케어
1855,2026-05-31 14:57:45.617914,2026-05-31 14:57:45.617914,이니스프리,브랜드: 이니스프리 제조사: 한국콜마 카테고리: 선케어,https://shopping-phinf.pstatic.net/main_5192912/51929123019.20241213203821.jpg,1,네이버,7000,7000,"이니스프리 인텐시브 롱래스팅 선스크린 이엑스 60ml(SPF50+), 2개",51929123019,화장품/미용,100,선케어
1856,2026-05-31 14:57:45.915567,2026-05-31 14:57:45.915567,메종키츠네,브랜드: 메종키츠네 카테고리: 여성의류,https://shopping-phinf.pstatic.net/main_6023270/60232707328.20260529205842.jpg,1,네이버,88130,88130,메종키츠네 폭스헤드 여성 반팔티셔츠 P100 PW00113KJ7026,60232707328,패션의류,100,여성의류
1857,2026-05-31 14:57:45.92028,2026-05-31 14:57:45.92028,지오다노,브랜드: 지오다노 제조사: 지오다노 카테고리: 여성의류,https://shopping-phinf.pstatic.net/main_6023198/60231988790.20260529193922.jpg,1,네이버,10620,10620,지오다노 나시티 골지 여성 레이어드 이너 6530 02아이보리브라운STR S 577968,60231988790,패션의류,100,여성의류
1858,2026-05-31 14:57:45.929326,2026-05-31 14:57:45.929326,시슬리,브랜드: 시슬리 제조사: 베네통 카테고리: 여성의류,https://shopping-phinf.pstatic.net/main_5972608/59726080188.20260424093956.jpg,1,네이버,73190,73190,시슬리 허리스트링 뷔스티에 티셔츠 SATSC5631,59726080188,패션의류,100,여성의류
1859,2026-05-31 14:57:45.932354,2026-05-31 14:57:45.932354,"",카테고리: 여성의류,https://shopping-phinf.pstatic.net/main_5953769/59537697839.20260404224304.jpg,1,네이버,79000,79000,블루핏 NEW 스트라이프 티셔츠,59537697839,패션의류,100,여성의류
1860,2026-05-31 14:57:45.935904,2026-05-31 14:57:45.935904,"",카테고리: 여성의류,https://shopping-phinf.pstatic.net/main_8933774/89337749199.1.jpg,1,모아유몰,10500,10500,모아유 헨리넥 나시 부유방커버 레이어드 단추 면 스판 골지 민소매티,89337749199,패션의류,100,여성의류
1861,2026-05-31 14:57:45.939076,2026-05-31 14:57:45.939076,행텐,브랜드: 행텐 제조사: 브랜디드라이프스타일코리아 카테고리: 여성의류,https://shopping-phinf.pstatic.net/main_5960818/59608182788.20260410014904.jpg,1,네이버,14830,14830,행텐 슬림핏 웨일 가디건 레이어드 반팔 티셔츠 1057013149869,59608182788,패션의류,100,여성의류
1862,2026-05-31 14:57:45.94583,2026-05-31 14:57:45.94583,마리끌레르,브랜드: 마리끌레르 제조사: 마리끌레르 카테고리: 여성의류,https://shopping-phinf.pstatic.net/main_5893802/58938024443.20260216012444.jpg,1,네이버,14700,14700,클래식 마리끌레르 로고 티셔츠 MAGBTS09M,58938024443,패션의류,100,여성의류
1863,2026-05-31 14:57:45.952061,2026-05-31 14:57:45.952061,마리끌레르,브랜드: 마리끌레르 제조사: 마리끌레르 카테고리: 여성의류,https://shopping-phinf.pstatic.net/main_5878670/58786705000.20260204021639.jpg,1,네이버,22440,22440,마리끌레르 클래식 로고 레귤러핏 티셔츠 MAGBTS19M,58786705000,패션의류,100,여성의류
1864,2026-05-31 14:57:45.95396,2026-05-31 14:57:45.95396,"",카테고리: 여성의류,https://shopping-phinf.pstatic.net/main_5964795/59647951730.20260413205247.jpg,1,네이버,16900,16900,그레이스153 실크 새틴 라운드 나시 민소매 이너,59647951730,패션의류,100,여성의류
1865,2026-05-31 14:57:45.956564,2026-05-31 14:57:45.956564,무인양품,브랜드: 무인양품 제조사: 양품계획 카테고리: 여성의류,https://shopping-phinf.pstatic.net/main_5895153/58951536930.20260218064456.jpg,1,네이버,12900,12900,무인양품 저지 크루넥 반소매 티셔츠 BB2SBA6S,58951536930,패션의류,100,여성의류
1866,2026-05-31 14:57:45.958458,2026-05-31 14:57:45.958458,"",카테고리: 여성의류,https://shopping-phinf.pstatic.net/main_8256797/82567978647.2.jpg,1,epllle,29900,29900,빅사이즈 아사면 레이스 레이어드 나시 탑 사계절 면 이너 티,82567978647,패션의류,100,여성의류
1867,2026-05-31 14:57:45.963196,2026-05-31 14:57:45.963196,젝시믹스,브랜드: 젝시믹스 카테고리: 여성의류,https://shopping-phinf.pstatic.net/main_5635482/56354826330.20250820175550.jpg,1,네이버,44000,44000,젝시믹스 필리퍼 오버핏 티셔츠 XA5204T,56354826330,패션의류,100,여성의류
1868,2026-05-31 14:57:45.964564,2026-05-31 14:57:45.964564,ZOOC,브랜드: ZOOC 제조사: 대현 카테고리: 여성의류,https://shopping-phinf.pstatic.net/main_5972630/59726309613.20260421102526.jpg,1,네이버,83400,83400,ZOOC 보트넥 셔링포인트 슬림핏 티셔츠,59726309613,패션의류,100,여성의류
1869,2026-05-31 14:57:45.96646,2026-05-31 14:57:45.96646,마리떼프랑소와저버,브랜드: 마리떼프랑소와저버 카테고리: 여성의류,https://shopping-phinf.pstatic.net/main_6003115/60031152949.20260513233253.jpg,1,네이버,24080,24080,마리떼프랑소와저버 RAGLAN REGULAR LOGO TEE,60031152949,패션의류,100,여성의류
1870,2026-05-31 14:57:45.967929,2026-05-31 14:57:45.967929,"",카테고리: 여성의류,https://shopping-phinf.pstatic.net/main_8764959/87649599536.jpg,1,인생옷장,9900,9900,여름티셔츠 여성쿨티 시원한 냉장고 레이어드 이너 찰랑 텐셀 루즈핏 유넥 핑크 반팔티,87649599536,패션의류,100,여성의류
1871,2026-05-31 14:57:45.969697,2026-05-31 14:57:45.969697,"",카테고리: 여성의류,https://shopping-phinf.pstatic.net/main_8661243/86612436905.8.jpg,1,티공사서울,10900,10900,[왼가슴기본인쇄] 기능성 티셔츠 주문제작 커스텀 단체티 반팔티 로고 문구 인쇄 나염 자수,86612436905,패션의류,100,여성의류
1872,2026-05-31 14:57:46.388452,2026-05-31 14:57:46.388452,리바이스,브랜드: 리바이스 제조사: 리바이스 카테고리: 남성의류,https://shopping-phinf.pstatic.net/main_5924346/59243463118.20260313122941.jpg,1,네이버,68000,68000,리바이스 502 쿨진 레귤러 테이퍼 진 29507 1445,59243463118,패션의류,100,남성의류
1873,2026-05-31 14:57:46.393442,2026-05-31 14:57:46.393442,"",카테고리: 여성의류,https://shopping-phinf.pstatic.net/main_5963961/59639613134.20260412214251.jpg,1,네이버,51030,51030,인디코드 26SS 여성 썸머 라이트 스트레치 데님,59639613134,패션의류,100,여성의류
1874,2026-05-31 14:57:46.395699,2026-05-31 14:57:46.395699,이상봉,브랜드: 이상봉 카테고리: 여성의류,https://shopping-phinf.pstatic.net/main_5894380/58943802566.20260217133827.jpg,1,네이버,33900,33900,이상봉 아트 드로잉 데님 팬츠,58943802566,패션의류,100,여성의류
1875,2026-05-31 14:57:46.400157,2026-05-31 14:57:46.400157,폴햄,브랜드: 폴햄 제조사: 에이션패션 카테고리: 남성의류,https://shopping-phinf.pstatic.net/main_5816489/58164890978.20251217222038.jpg,1,네이버,21000,21000,폴햄 컴포트 와이드핏 데님 팬츠 PHG1DP1039,58164890978,패션의류,100,남성의류
1876,2026-05-31 14:57:46.402637,2026-05-31 14:57:46.402637,"",카테고리: 남성의류,https://shopping-phinf.pstatic.net/main_4728799/47287994059.20240425193239.jpg,1,네이버,27880,27880,몬스 텐셀 와이드 데님,47287994059,패션의류,100,남성의류
1877,2026-05-31 14:57:46.407297,2026-05-31 14:57:46.407297,리바이스,브랜드: 리바이스 제조사: 리바이스 카테고리: 여성의류,https://shopping-phinf.pstatic.net/main_5519717/55197174831.20250608154129.jpg,1,네이버,46750,46750,리바이스 배기 진 A3510-0035,55197174831,패션의류,100,여성의류
1878,2026-05-31 14:57:46.409348,2026-05-31 14:57:46.409348,프랭키뉴욕,브랜드: 프랭키뉴욕 제조사: FNFG코리아 카테고리: 남성의류,https://shopping-phinf.pstatic.net/main_8198076/81980761261.30.jpg,1,디자인서플라이,19800,19800,남자 청바지 여름 텐셀 연청바지 세미 와이드 스판 일자 테이퍼드 밴딩 데님 벌룬 빅사이즈,81980761261,패션의류,100,남성의류
1879,2026-05-31 14:57:46.411371,2026-05-31 14:57:46.411371,탑텐,브랜드: 탑텐 제조사: 탑텐 카테고리: 남성의류,https://shopping-phinf.pstatic.net/main_5378967/53789670292.20250804233136.jpg,1,네이버,15900,15900,탑텐 COOL 밴딩 데님 쇼츠 MSF2DH1901,53789670292,패션의류,100,남성의류
1880,2026-05-31 14:57:46.41301,2026-05-31 14:57:46.41301,게스,브랜드: 게스 제조사: 게스 카테고리: 여성의류,https://shopping-phinf.pstatic.net/main_5917761/59177615766.20260308001945.jpg,1,네이버,38420,38420,게스 와이드핏 청바지,59177615766,패션의류,100,여성의류
1881,2026-05-31 14:57:46.414214,2026-05-31 14:57:46.414214,리바이스,브랜드: 리바이스 제조사: 리바이스 카테고리: 남성의류,https://shopping-phinf.pstatic.net/main_5782675/57826753001.20251120151526.jpg,1,네이버,49000,49000,리바이스 스테이 루즈 쇼츠 A8461,57826753001,패션의류,100,남성의류
1882,2026-05-31 14:57:46.416075,2026-05-31 14:57:46.416075,지오다노,브랜드: 지오다노 제조사: 지오다노 카테고리: 남성의류,https://shopping-phinf.pstatic.net/main_5954769/59547692492.20260405203357.jpg,1,네이버,19200,19200,지오다노 LW 스탠다드슬림 데님 114545,59547692492,패션의류,100,남성의류
1883,2026-05-31 14:57:46.417368,2026-05-31 14:57:46.417368,"",카테고리: 여성의류,https://shopping-phinf.pstatic.net/main_8455136/84551364920.jpg,1,심플이즈베스트,29400,29400,여름 부츠컷 롱 데님 팬츠 히든 밴딩 하이웨스트 봄 가을 사계절,84551364920,패션의류,100,여성의류
1884,2026-05-31 14:57:46.41852,2026-05-31 14:57:46.41852,던스트,브랜드: 던스트 카테고리: 여성의류,https://shopping-phinf.pstatic.net/main_5995451/59954516879.20260507142820.jpg,1,네이버,88290,88290,던스트 릴렉스드 썸머 데님 팬츠 UDPA6B223,59954516879,패션의류,100,여성의류
1885,2026-05-31 14:57:46.419655,2026-05-31 14:57:46.419655,리바이스,브랜드: 리바이스 제조사: 리바이스 카테고리: 남성의류,https://shopping-phinf.pstatic.net/main_5678730/56787301299.20250918225030.jpg,1,네이버,65080,65080,리바이스 478 배기 쇼츠 001jm,56787301299,패션의류,100,남성의류
1886,2026-05-31 14:57:46.421207,2026-05-31 14:57:46.421207,리바이스,브랜드: 리바이스 제조사: 리바이스 카테고리: 여성의류,https://shopping-phinf.pstatic.net/main_5829826/58298260054.20251227232346.jpg,1,네이버,44132,44132,리바이스 루즈 부츠컷진 006d10001,58298260054,패션의류,100,여성의류
1887,2026-05-31 14:57:46.846407,2026-05-31 14:57:46.846407,JJ지고트,브랜드: JJ지고트 제조사: 바바패션 카테고리: 여성의류,https://shopping-phinf.pstatic.net/main_5980153/59801531618.20260425235925.jpg,1,네이버,126650,126650,JJ지고트 리본 자수 원피스 +블라우스 세트 GS5P0OP531,59801531618,패션의류,100,여성의류
1888,2026-05-31 14:57:46.848558,2026-05-31 14:57:46.848558,잇미샤,브랜드: 잇미샤 제조사: 시선인터내셔널 카테고리: 여성의류,https://shopping-phinf.pstatic.net/main_5972617/59726174371.20260421133840.jpg,1,네이버,290030,290030,잇미샤 카울넥 랩 원피스 ITQ5WOP780,59726174371,패션의류,100,여성의류
1889,2026-05-31 14:57:46.851089,2026-05-31 14:57:46.851089,타미힐피거,브랜드: 타미힐피거 제조사: 타미힐피거 카테고리: 여성의류,https://shopping-phinf.pstatic.net/main_6013181/60131811417.20260522010801.jpg,1,네이버,263720,263720,타미힐피거 시어서커 슬리브리스 미디 드레스 T22G3TDR091WT1,60131811417,패션의류,100,여성의류
1890,2026-05-31 14:57:46.854842,2026-05-31 14:57:46.854842,"",카테고리: 여성의류,https://shopping-phinf.pstatic.net/main_8947210/89472103780.3.jpg,1,바이엘르,27800,27800,여름 원피스 지지미 카라 단추 A라인 롱 원피스 빅사이즈,89472103780,패션의류,100,여성의류
1891,2026-05-31 14:57:46.857556,2026-05-31 14:57:46.857556,르네디피,브랜드: 르네디피 카테고리: 여성의류,https://shopping-phinf.pstatic.net/main_5945958/59459586031.20260330190837.jpg,1,네이버,94910,94910,르네디피 더블페이스 튜닉 풀오버 원피스 2종,59459586031,패션의류,100,여성의류
1892,2026-05-31 14:57:46.860297,2026-05-31 14:57:46.860297,폴햄,브랜드: 폴햄 제조사: 에이션패션 카테고리: 여성의류,https://shopping-phinf.pstatic.net/main_5977676/59776764332.20260423231704.jpg,1,네이버,29900,29900,폴햄 알래스카 아노락형 원피스 PHF2OO2993,59776764332,패션의류,100,여성의류
1893,2026-05-31 14:57:46.863073,2026-05-31 14:57:46.863073,김서룡,브랜드: 김서룡 카테고리: 여성의류,https://shopping-phinf.pstatic.net/main_6023297/60232971817.20260529214836.jpg,1,네이버,27810,27810,김서룡 시그니처 훌 원피스 라이트베이지 44,60232971817,패션의류,100,여성의류
1894,2026-05-31 14:57:46.864643,2026-05-31 14:57:46.864643,로엠,브랜드: 로엠 제조사: 로엠 카테고리: 여성의류,https://shopping-phinf.pstatic.net/main_5929002/59290023040.20260320043750.jpg,1,네이버,104490,104490,로엠 뷔스티에 레이어드 원피스 RMOWG24R11,59290023040,패션의류,100,여성의류
1895,2026-05-31 14:57:46.866649,2026-05-31 14:57:46.866649,스튜디오톰보이,브랜드: 스튜디오톰보이 제조사: 신세계인터내셔날 카테고리: 여성의류,https://shopping-phinf.pstatic.net/main_5365050/53650502096.20250517044014.jpg,1,네이버,79287,79287,스튜디오톰보이 카라 데님원피스 9175341973,53650502096,패션의류,100,여성의류
1896,2026-05-31 14:57:46.869243,2026-05-31 14:57:46.869243,타미진스,브랜드: 타미진스 제조사: HANDSOME 카테고리: 여성의류,https://shopping-phinf.pstatic.net/main_5824543/58245435172.20251223165656.jpg,1,네이버,89550,89550,타미진스 맥시 포플린 롱 셔츠 원피스 T32F1WOP30TWT2,58245435172,패션의류,100,여성의류
1897,2026-05-31 14:57:46.871502,2026-05-31 14:57:46.871502,스튜디오톰보이,브랜드: 스튜디오톰보이 제조사: 신세계인터내셔날 카테고리: 여성의류,https://shopping-phinf.pstatic.net/main_5813812/58138120972.20251214231718.jpg,1,네이버,86140,86140,스튜디오톰보이 셔링 끈 원피스 9175241987,58138120972,패션의류,100,여성의류
1898,2026-05-31 14:57:46.874158,2026-05-31 14:57:46.874158,스테파넬,브랜드: 스테파넬 제조사: 스테파넬 카테고리: 여성의류,https://shopping-phinf.pstatic.net/main_5977690/59776908164.20260424001848.jpg,1,네이버,27840,27840,스테파넬 크링클 슬리브리스 원피스,59776908164,패션의류,100,여성의류
1899,2026-05-31 14:57:46.876006,2026-05-31 14:57:46.876006,마리끌레르,브랜드: 마리끌레르 제조사: 마리끌레르 카테고리: 여성의류,https://shopping-phinf.pstatic.net/main_6005034/60050346416.20260515105105.jpg,1,네이버,35190,35190,마리끌레르 바스락 백리본 반팔 원피스 MAGBOP09M,60050346416,패션의류,100,여성의류
1900,2026-05-31 14:57:46.878701,2026-05-31 14:57:46.878701,스노우피크어패럴,브랜드: 스노우피크어패럴 제조사: 감성코퍼레이션 카테고리: 여성의류,https://shopping-phinf.pstatic.net/main_5974831/59748310123.20260421172353.jpg,1,네이버,160550,160550,스노우피크어패럴 씬테크 베이직 원피스 S26MWSOP31,59748310123,패션의류,100,여성의류
1901,2026-05-31 14:57:46.880128,2026-05-31 14:57:46.880128,써스데이아일랜드,브랜드: 써스데이아일랜드 제조사: 지엔코 카테고리: 여성의류,https://shopping-phinf.pstatic.net/main_5988531/59885312558.20260502180745.jpg,1,네이버,188910,188910,써스데이아일랜드 A라인 풀오픈 데님 원피스 T264MOP231W,59885312558,패션의류,100,여성의류
1902,2026-05-31 14:57:46.882665,2026-05-31 14:57:46.882665,잇미샤,브랜드: 잇미샤 제조사: 시선인터내셔널 카테고리: 여성의류,https://shopping-phinf.pstatic.net/main_5550193/55501937278.20250805232523.jpg,1,네이버,129500,129500,잇미샤 버튼 포인트 데님 원피스 ITP5DOP730,55501937278,패션의류,100,여성의류
1903,2026-05-31 14:57:46.88588,2026-05-31 14:57:46.88588,제로스트릿,브랜드: 제로스트릿 카테고리: 여성의류,https://shopping-phinf.pstatic.net/main_5497087/54970879025.20250814001149.jpg,1,네이버,68960,68960,6 18 제로스트릿 소프트 셔츠 원피스 SOFT SHIRT ONE-PIECE,54970879025,패션의류,100,여성의류
1904,2026-05-31 14:57:46.887487,2026-05-31 14:57:46.887487,JJ지고트,브랜드: JJ지고트 제조사: 바바패션 카테고리: 여성의류,https://shopping-phinf.pstatic.net/main_5962922/59629223530.20260411230247.jpg,1,네이버,105000,105000,JJ지고트 슬리브리스 원피스 재킷 세트 GP5A0OP611,59629223530,패션의류,100,여성의류
1905,2026-05-31 14:57:46.889387,2026-05-31 14:57:46.889387,듀엘,브랜드: 듀엘 제조사: 듀엘 카테고리: 여성의류,https://shopping-phinf.pstatic.net/main_5722002/57220027131.20251211200518.jpg,1,네이버,104700,104700,듀엘 브이넥 퍼프소매 셔링 원피스 L253PSE01,57220027131,패션의류,100,여성의류
1906,2026-05-31 14:57:46.891781,2026-05-31 14:57:46.891781,폴햄,브랜드: 폴햄 제조사: 에이션패션 카테고리: 여성의류,https://shopping-phinf.pstatic.net/main_5413542/54135426640.20250416145738.jpg,1,네이버,29900,29900,폴햄 쿨링 셔츠형 원피스 PHF2OO2260,54135426640,패션의류,100,여성의류
1907,2026-05-31 14:57:47.190725,2026-05-31 14:57:47.190725,LG그램,브랜드: LG그램 제조사: LG전자 카테고리: 노트북,https://shopping-phinf.pstatic.net/main_5938784/59387849995.20260325163533.jpg,1,네이버,1848250,1848250,"LG전자 LG그램 노트북 14ZD95U-GX59K RAM 32GB, 512GB",59387849995,디지털/가전,100,노트북
1908,2026-05-31 14:57:47.21383,2026-05-31 14:57:47.21383,LG전자,브랜드: LG전자 제조사: LG전자 카테고리: 노트북,https://shopping-phinf.pstatic.net/main_8741784/87417841319.12.jpg,1,카인드스토어몰,999000,999000,2026 LG전자 노트북 그램북 Ai 8GB NVMe256GB win11 인강용 대학생 포토샵 사무용,87417841319,디지털/가전,100,노트북
1909,2026-05-31 14:57:47.216309,2026-05-31 14:57:47.216309,갤럭시북4 프로360,브랜드: 갤럭시북4 프로360 제조사: 삼성전자 카테고리: 노트북,https://shopping-phinf.pstatic.net/main_5264736/52647361771.20250605094756.jpg,1,네이버,2699000,2699000,"삼성전자 갤럭시북4 프로360 NT960QGQ-A51A 16GB, 256GB",52647361771,디지털/가전,100,노트북
1910,2026-05-31 14:57:47.220316,2026-05-31 14:57:47.220316,LG그램,브랜드: LG그램 제조사: LG전자 카테고리: 노트북,https://shopping-phinf.pstatic.net/main_5930553/59305533964.20260318141214.jpg,1,네이버,2519000,2519000,"LG전자 LG그램 노트북 16ZD90TL-GX56K RAM 16GB, 3TB",59305533964,디지털/가전,100,노트북
1911,2026-05-31 14:57:47.230821,2026-05-31 14:57:47.230821,갤럭시북5 프로,브랜드: 갤럭시북5 프로 제조사: 삼성전자 카테고리: 노트북,https://shopping-phinf.pstatic.net/main_5359981/53599810243.20250411164048.jpg,1,네이버,2397960,2397960,"삼성전자 갤럭시북5 프로 노트북 NT940XHA-K51A 16GB, 256GB",53599810243,디지털/가전,100,노트북
1912,2026-05-31 14:57:47.23418,2026-05-31 14:57:47.23418,LG그램,브랜드: LG그램 제조사: LG전자 카테고리: 노트북,https://shopping-phinf.pstatic.net/main_8999808/89998089230.2.jpg,1,온라인총판대리점,1499000,1499000,LG그램 노트북 2026 AMD AI 고르곤포인트 16GB 256GB 업무용 사무용 인강용,89998089230,디지털/가전,100,노트북
1913,2026-05-31 14:57:47.23589,2026-05-31 14:57:47.23589,ASUS,브랜드: ASUS 제조사: ASUS 카테고리: 노트북,https://shopping-phinf.pstatic.net/main_5390249/53902497170.20260416150844.jpg,1,네이버,3799000,3799000,"ASUS ROG Flow Z13 GZ302EA-RU110W 64GB, 1TB",53902497170,디지털/가전,100,노트북
1914,2026-05-31 14:57:47.237903,2026-05-31 14:57:47.237903,ASUS,브랜드: ASUS 제조사: ASUS 카테고리: 노트북,https://shopping-phinf.pstatic.net/main_8975999/89759995918.2.jpg,1,제이 씨앤에스,569000,569000,ASUS 노트북 2026 비보북15 라이젠5 AI 8GB 256GB 윈도우11 사무용 포토샵 대학생 인강용,89759995918,디지털/가전,100,노트북
1915,2026-05-31 14:57:47.651337,2026-05-31 14:57:47.651337,갤럭시,브랜드: 갤럭시 제조사: 삼성전자 카테고리: 휴대폰,https://shopping-phinf.pstatic.net/main_9037747/90377476459.jpg,1,메인 라이프,376000,376000,갤럭시 퀀텀6 128GB Galaxy A56 SM-A566N 새제품 키즈폰 효도폰,90377476459,디지털/가전,100,휴대폰
1916,2026-05-31 14:57:47.655586,2026-05-31 14:57:47.655586,갤럭시,브랜드: 갤럭시 제조사: 삼성전자 카테고리: 휴대폰,https://shopping-phinf.pstatic.net/main_2962747/29627473566.5.jpg,1,모바일센터,175000,175000,"삼성전자 갤럭시 S21 공기계 SM-G991N 256GB 휴대폰,알뜰폰",29627473566,디지털/가전,100,휴대폰
1917,2026-05-31 14:57:47.671583,2026-05-31 14:57:47.671583,갤럭시,브랜드: 갤럭시 제조사: 삼성전자 카테고리: 휴대폰,https://shopping-phinf.pstatic.net/main_5572745/55727450229.20250715142328.jpg,1,네이버,1340420,1340420,삼성전자 갤럭시 Z 폴드7 5G 256GB [자급제],55727450229,디지털/가전,100,휴대폰
1918,2026-05-31 14:57:47.681957,2026-05-31 14:57:47.681957,Apple,브랜드: Apple 제조사: Apple 카테고리: 휴대폰,https://shopping-phinf.pstatic.net/main_9091214/90912146383.jpg,1,휴대폰핫딜마켓,690000,690000,Apple 아이폰16프로 256GB Apple 미개봉 새상품,90912146383,디지털/가전,100,휴대폰
1919,2026-05-31 14:57:47.690726,2026-05-31 14:57:47.690726,갤럭시,브랜드: 갤럭시 제조사: 삼성전자 카테고리: 휴대폰,https://shopping-phinf.pstatic.net/main_9058007/90580073771.jpg,1,민트폰,609000,609000,갤럭시 S25플러스 256GB SM-S936 자급제 중고 중고폰 공기계 유심옮기면 바로사용가능 F급,90580073771,디지털/가전,100,휴대폰
1920,2026-05-31 14:57:47.692307,2026-05-31 14:57:47.692307,Apple,브랜드: Apple 제조사: Apple 카테고리: 휴대폰,https://shopping-phinf.pstatic.net/main_8992692/89926920107.jpg,1,로트박스,29600,29600,[대여] 애플 17 프로 아이폰 대여 렌탈 합정 잠실 서울역,89926920107,디지털/가전,100,휴대폰
1921,2026-05-31 14:57:47.695291,2026-05-31 14:57:47.695291,갤럭시,브랜드: 갤럭시 제조사: 삼성전자 카테고리: 휴대폰,https://shopping-phinf.pstatic.net/main_5354970/53549707337.20250314155109.jpg,1,네이버,791000,791000,삼성전자 갤럭시 S24 FE 5G 256GB [자급제],53549707337,디지털/가전,100,휴대폰
1922,2026-05-31 14:57:47.698533,2026-05-31 14:57:47.698533,Apple,브랜드: Apple 제조사: Apple 카테고리: 휴대폰,https://shopping-phinf.pstatic.net/main_5666546/56665469844.20251118101705.jpg,1,네이버,1390000,1390000,아이폰 에어 256GB [자급제],56665469844,디지털/가전,100,휴대폰
1923,2026-05-31 14:57:47.700725,2026-05-31 14:57:47.700725,샤오미,브랜드: 샤오미 제조사: 샤오미 카테고리: 휴대폰,https://shopping-phinf.pstatic.net/main_5967442/59674421923.20260415115537.jpg,1,네이버,699000,699000,포코 X8 PRO Max 512GB,59674421923,디지털/가전,100,휴대폰
1924,2026-05-31 14:57:48.121059,2026-05-31 14:57:48.121059,"",카테고리: 음향가전,https://shopping-phinf.pstatic.net/main_8208446/82084466427.23.jpg,1,준준베베,29900,29900,차이팟 아이나인팟2 프로 3세대 블루투스 무선이어폰 가성비 아이폰 갤럭시 샤오미 맥스 호환,82084466427,디지털/가전,100,음향가전
1925,2026-05-31 14:57:48.127196,2026-05-31 14:57:48.127196,티버디,브랜드: 티버디 카테고리: 음향가전,https://shopping-phinf.pstatic.net/main_5646587/56465875628.20250828114424.jpg,1,네이버,33300,33300,티버디 골전도 오픈형 무선 이어폰,56465875628,디지털/가전,100,음향가전
1926,2026-05-31 14:57:48.142685,2026-05-31 14:57:48.142685,갤럭시,브랜드: 갤럭시 제조사: 삼성전자 카테고리: 음향가전,https://shopping-phinf.pstatic.net/main_8992035/89920351910.7.jpg,1,삼성공식파트너사 포디아이,159000,159000,삼성전자 갤럭시 버즈3 FE 무선 블루투스 이어폰 ANC SM-R420N,89920351910,디지털/가전,100,음향가전
1927,2026-05-31 14:57:48.146024,2026-05-31 14:57:48.146024,갤럭시,브랜드: 갤럭시 제조사: 삼성전자 카테고리: 음향가전,https://shopping-phinf.pstatic.net/main_8841507/88415077976.11.jpg,1,삼성공식파트너사 포디아이,239000,239000,삼성전자 갤럭시 버즈3 프로 무선 블루투스 이어폰 ANC SM-R630N,88415077976,디지털/가전,100,음향가전
1928,2026-05-31 14:57:48.147953,2026-05-31 14:57:48.147953,BOSE,브랜드: BOSE 제조사: BOSE 카테고리: 음향가전,https://shopping-phinf.pstatic.net/main_8921150/89211507460.6.jpg,1,보스 공식스토어,309000,309000,[공식] [BOSE] 보스 울트라 오픈 이어버드,89211507460,디지털/가전,100,음향가전
1929,2026-05-31 14:57:48.151291,2026-05-31 14:57:48.151291,샥즈,브랜드: 샥즈 카테고리: 음향가전,https://shopping-phinf.pstatic.net/main_8834745/88347457981.3.jpg,1,샥즈 코리아,224100,224100,[샥즈] 오픈런 프로 2 S820 골전도 헬스 운동 러닝 마라톤 자전거 이어폰 애프터샥,88347457981,디지털/가전,100,음향가전
1930,2026-05-31 14:57:48.15283,2026-05-31 14:57:48.15283,샥즈,브랜드: 샥즈 카테고리: 음향가전,https://shopping-phinf.pstatic.net/main_5520908/55209086412.20250609095916.jpg,1,네이버,181900,181900,샥즈 오픈컴 2 C타입 C120,55209086412,디지털/가전,100,음향가전
1931,2026-05-31 14:57:48.155444,2026-05-31 14:57:48.155444,블라우풍트,브랜드: 블라우풍트 제조사: 하나인더스트리 카테고리: 음향가전,https://shopping-phinf.pstatic.net/main_9017840/90178406373.1.jpg,1,블라우풍트,48700,48700,블라우풍트 블루투스 무선 오픈형 귀걸이 귀찌형 이어폰 귀걸이형 이어클립 러닝 귀찌이어폰,90178406373,디지털/가전,100,음향가전
1932,2026-05-31 14:57:48.456381,2026-05-31 14:57:48.456381,홈리아,브랜드: 홈리아 제조사: 도어스코리아 카테고리: 청소기,https://shopping-phinf.pstatic.net/main_8792443/87924434850.11.jpg,1,홈리아,119800,119800,홈리아 무선 청소기 차이슨 원룸 BLDC 진공 가벼운 핸디 더스트제로,87924434850,디지털/가전,100,청소기
1933,2026-05-31 14:57:48.462641,2026-05-31 14:57:48.462641,신일전자,브랜드: 신일전자 제조사: SHINIL 카테고리: 청소기,https://shopping-phinf.pstatic.net/main_8845861/88458613549.5.jpg,1,온라인공식파트너,43900,43900,신일 유선 스틱 핸디 진공 청소기 가벼운 저렴한 소형 미니 원룸 핸드,88458613549,디지털/가전,100,청소기
1934,2026-05-31 14:57:48.464845,2026-05-31 14:57:48.464845,델리팬,브랜드: 델리팬 제조사: 더이엔 카테고리: 청소기,https://shopping-phinf.pstatic.net/main_5994114/59941147071.20260518143420.jpg,1,네이버,189200,189200,더이엔 델리팬 DEL-VS65,59941147071,디지털/가전,100,청소기
1936,2026-05-31 14:57:48.480561,2026-05-31 14:57:48.480561,다이슨,브랜드: 다이슨 제조사: 다이슨 카테고리: 청소기,https://shopping-phinf.pstatic.net/main_5380714/53807146932.20250327160245.jpg,1,네이버,371790,371790,"다이슨 V10 플러피 오리진 레드 레드, 단품",53807146932,디지털/가전,100,청소기
1937,2026-05-31 14:57:48.495515,2026-05-31 14:57:48.495515,일렉트로룩스,브랜드: 일렉트로룩스 제조사: 일렉트로룩스 카테고리: 청소기,https://shopping-phinf.pstatic.net/main_5507715/55077150408.20250602122848.jpg,1,네이버,154220,154220,일렉트로룩스 EFC52611 라이트 데님 블루,55077150408,디지털/가전,100,청소기
1938,2026-05-31 14:57:48.504419,2026-05-31 14:57:48.504419,오브제컬렉션,브랜드: 오브제컬렉션 제조사: LG전자 카테고리: 청소기,https://shopping-phinf.pstatic.net/main_5390317/53903177869.20250401150320.jpg,1,네이버,922350,922350,"LG전자 오브제컬렉션 A9S AX958BWE 카밍 베이지, 단품",53903177869,디지털/가전,100,청소기
1939,2026-05-31 14:57:48.512984,2026-05-31 14:57:48.512984,기펠,브랜드: 기펠 제조사: 모젠인터내셔널 카테고리: 청소기,https://shopping-phinf.pstatic.net/main_5938759/59387590816.20260325155640.jpg,1,네이버,350000,350000,"모젠인터내셔널 기펠 GDA-100W 화이트, 단품",59387590816,디지털/가전,100,청소기
1940,2026-05-31 14:57:48.515149,2026-05-31 14:57:48.515149,테팔,브랜드: 테팔 제조사: 테팔 카테고리: 청소기,https://shopping-phinf.pstatic.net/main_5390317/53903178561.20250401151721.jpg,1,네이버,123140,123140,"테팔 TY6545KL 블랙, 단품",53903178561,디지털/가전,100,청소기
1941,2026-05-31 14:57:48.516626,2026-05-31 14:57:48.516626,"",카테고리: 청소기,https://shopping-phinf.pstatic.net/main_9095750/90957500122.jpg,1,인포벨홈쇼핑,89900,89900,무선 괴물 청소기 블랙홀 강력한 가벼운 핸디스틱 청소기,90957500122,디지털/가전,100,청소기
1942,2026-05-31 14:57:48.518899,2026-05-31 14:57:48.518899,디베아,브랜드: 디베아 제조사: 디베아 카테고리: 청소기,https://shopping-phinf.pstatic.net/main_8671808/86718086865.15.jpg,1,Dibea,169000,169000,디베아 차이슨 무선 청소기 최신형 BLDC 진공 원룸 가벼운 물걸레 청소기,86718086865,디지털/가전,100,청소기
1943,2026-05-31 14:57:49.033199,2026-05-31 14:57:49.033199,은나노스텝,브랜드: 은나노스텝 제조사: 한국미라클피플사 카테고리: 생활용품,https://shopping-phinf.pstatic.net/main_5938680/59386804764.20260325142339.jpg,1,네이버,29790,29790,한국미라클피플사 은나노스텝 시즌3 다용도 세정제 550ml 1개 + 1100ml 리필 3개 1개,59386804764,생활/건강,100,생활용품
1944,2026-05-31 14:57:49.038151,2026-05-31 14:57:49.038151,"",카테고리: 주방용품,https://shopping-phinf.pstatic.net/main_5928509/59285091382.20260317103055.jpg,1,네이버,30500,30500,"테이크아웃 종이컵 390ml(13온스), 1000개입, 1개",59285091382,생활/건강,100,주방용품
1945,2026-05-31 14:57:49.04704,2026-05-31 14:57:49.04704,CAS,브랜드: CAS 제조사: CAS 카테고리: 주방용품,https://shopping-phinf.pstatic.net/main_4242221/42422218415.20251217080315.jpg,1,네이버,39700,39700,CAS 카스 전자 주방 저울 WA-41D,42422218415,생활/건강,100,주방용품
1946,2026-05-31 14:57:49.050332,2026-05-31 14:57:49.050332,"",카테고리: 주방용품,https://shopping-phinf.pstatic.net/main_6024221/60242211624.20260530172642.jpg,1,네이버,74900,74900,업소용 주방 야채 슬라이서 감자 양배추 햄 마늘 레몬 채썰기 채칼,60242211624,생활/건강,100,주방용품
1947,2026-05-31 14:57:49.052775,2026-05-31 14:57:49.052775,스탠리1913,브랜드: 스탠리1913 제조사: 스탠리 카테고리: 주방용품,https://shopping-phinf.pstatic.net/main_5525348/55253485059.20250611153300.jpg,1,네이버,39000,39000,"스탠리 스탠리1913 아이스플로우 플립스트로 2.0 텀블러 591ml, 1개",55253485059,생활/건강,100,주방용품
1948,2026-05-31 14:57:49.054312,2026-05-31 14:57:49.054312,닥터그린,브랜드: 닥터그린 카테고리: 반려동물,https://shopping-phinf.pstatic.net/main_9014029/90140294588.1.jpg,1,해피 키친,17900,17900,"닥터그린 배변패드 일본SAP 미국펄프 강아지 반려견 애견패드 프리미엄 소형(50x40cm), 100매입, 2개",90140294588,생활/건강,100,반려동물
1949,2026-05-31 14:57:49.056264,2026-05-31 14:57:49.056264,"",카테고리: 주방용품,https://shopping-phinf.pstatic.net/main_8552413/85524135648.9.jpg,1,그랜드리빙,19900,19900,양배추 만능 라페 회전 무 돌돌이 채칼 야채슬라이서 당근채썰기 양파슬라이스 감자채써는기계,85524135648,생활/건강,100,주방용품
1950,2026-05-31 14:57:49.058883,2026-05-31 14:57:49.058883,"",카테고리: 주방용품,https://shopping-phinf.pstatic.net/main_8450210/84502101462.3.jpg,1,위드키친,7400,7400,국산 컬러 쟁반 카페 트레이 플라스틱 쟁반 사각 트레이 일반형 1호,84502101462,생활/건강,100,주방용품
1951,2026-05-31 14:57:49.060349,2026-05-31 14:57:49.060349,스탠리1913,브랜드: 스탠리1913 제조사: 스탠리 카테고리: 주방용품,https://shopping-phinf.pstatic.net/main_5938759/59387590905.20260325155825.jpg,1,네이버,42000,42000,"스탠리 스탠리1913 카페투고 트래블 머그 텀블러 473ml, 트와일라잇",59387590905,생활/건강,100,주방용품
1952,2026-05-31 14:57:49.061985,2026-05-31 14:57:49.061985,부국비닐봉투,브랜드: 부국비닐봉투 카테고리: 주방용품,https://shopping-phinf.pstatic.net/main_8881956/88819560936.2.jpg,1,부국비닐봉투,2700,2700,검정비닐봉투 재활용 쓰레기 분리수거 특대3호100매 손잡이마트 비닐봉투,88819560936,생활/건강,100,주방용품
1953,2026-05-31 14:57:49.063364,2026-05-31 14:57:49.063364,생활공작소,브랜드: 생활공작소 카테고리: 생활용품,https://shopping-phinf.pstatic.net/main_5192921/51929210723.20241213204911.jpg,1,네이버,20370,20370,"생활공작소 쌀뜨물 주방세제 4L, 2개",51929210723,생활/건강,100,생활용품
1954,2026-05-31 14:57:49.065674,2026-05-31 14:57:49.065674,디아르,브랜드: 디아르 카테고리: 주방용품,https://shopping-phinf.pstatic.net/main_5594975/55949752808.20250728123640.jpg,1,네이버,7900,7900,디아르 시그니쳐 초내열 실리콘 인덕션 보호매트 M,55949752808,생활/건강,100,주방용품
1955,2026-05-31 14:57:49.06749,2026-05-31 14:57:49.06749,도블레,브랜드: 도블레 카테고리: 주방용품,https://shopping-phinf.pstatic.net/main_8214588/82145885904.14.jpg,1,도블레,14900,14900,도블레 이유식도마 FDA 주방 TPU 위생 캠핑 항균 소형,82145885904,생활/건강,100,주방용품
1956,2026-05-31 14:57:49.507125,2026-05-31 14:57:49.507125,"",카테고리: 수납/정리용품,https://shopping-phinf.pstatic.net/main_6024191/60241914188.20260530163748.jpg,1,네이버,37500,37500,무볼트 앵글선반 3단 랙 조립식 경량랙 펜트리 베란다 철제 진열 창고 건조기 페리코 FRCW3-949,60241914188,생활/건강,100,수납/정리용품
1957,2026-05-31 14:57:49.50998,2026-05-31 14:57:49.50998,"",카테고리: 수납/정리용품,https://shopping-phinf.pstatic.net/main_8576087/85760870884.3.jpg,1,꿀템요정,17900,17900,플라스틱 대형 리빙박스 투명 수납 박스 펜트리 수납함 옷 정리함 5071B 40L,85760870884,생활/건강,100,수납/정리용품
1958,2026-05-31 14:57:49.511275,2026-05-31 14:57:49.511275,스피드랙,브랜드: 스피드랙 제조사: 스피드랙 카테고리: 수납가구,https://shopping-phinf.pstatic.net/main_8635026/86350266593.8.jpg,1,스피드랙 스토어,77200,77200,스피드랙 수납선반 다용도 다용도실 선반장 팬트리 시스템 무볼트 조립 랙 404075 5단,86350266593,가구/인테리어,100,수납가구
1959,2026-05-31 14:57:49.514308,2026-05-31 14:57:49.514308,"",카테고리: 수납/정리용품,https://shopping-phinf.pstatic.net/main_8990189/89901893311.2.jpg,1,일상드로우,29700,29700,"일상드로우 신발정리대 간이 신발장 현관 신발수납장 선반 거치대 5단, 투명, 1개",89901893311,생활/건강,100,수납/정리용품
1960,2026-05-31 14:57:49.518394,2026-05-31 14:57:49.518394,자연품으로,브랜드: 자연품으로 카테고리: 수납/정리용품,https://shopping-phinf.pstatic.net/main_4964236/49642368229.20250823001706.jpg,1,네이버,1340,1340,자연품으로 정육고리 S자 고기걸이 바베큐 후크,49642368229,생활/건강,100,수납/정리용품
1961,2026-05-31 14:57:49.519578,2026-05-31 14:57:49.519578,스피드랙,브랜드: 스피드랙 제조사: 스피드랙 카테고리: 수납/정리용품,https://shopping-phinf.pstatic.net/main_9022826/90228262293.2.jpg,1,코지웰,70100,70100,스피드랙 V2 철제 선반 조립식 앵글 고릴라랙 경량랙 코스트코 렉 5단 403060cm,90228262293,생활/건강,100,수납/정리용품
1962,2026-05-31 14:57:49.934755,2026-05-31 14:57:49.934755,"",카테고리: 빵/베이커리,https://shopping-phinf.pstatic.net/main_8216252/82162523014.1.jpg,1,카페 365,6000,6000,파티쉐봉 톰과 제리 치즈케이크 (아이스박스배송),82162523014,식품,100,빵/베이커리
1963,2026-05-31 14:57:49.940837,2026-05-31 14:57:49.940837,"",제조사: 코스트코 카테고리: 빵/베이커리,https://shopping-phinf.pstatic.net/main_6023312/60233127067.20260529222435.jpg,1,네이버,18490,18490,코스트코 상하치즈 바스크 치즈케이크 1개,60233127067,식품,100,빵/베이커리
1964,2026-05-31 14:57:49.944111,2026-05-31 14:57:49.944111,"",카테고리: 빵/베이커리,https://shopping-phinf.pstatic.net/main_5977753/59777530308.20260424012752.jpg,1,네이버,5300,5300,무설탕 티라미수 초콜릿 케이크 저당 디저트 떠먹케 110g,59777530308,식품,100,빵/베이커리
1965,2026-05-31 14:57:49.945805,2026-05-31 14:57:49.945805,끼리,브랜드: 끼리 카테고리: 빵/베이커리,https://shopping-phinf.pstatic.net/main_5977680/59776808517.20260425100421.jpg,1,네이버,33200,33200,끼리 리얼스틱 치즈케익 플레인 디저트 치즈케이크 아기간식 30g 1개입 20개,59776808517,식품,100,빵/베이커리
1966,2026-05-31 14:57:49.947972,2026-05-31 14:57:49.947972,말렌카,브랜드: 말렌카 제조사: 말렌카 카테고리: 빵/베이커리,https://shopping-phinf.pstatic.net/main_3949599/39495991618.20251013150426.jpg,1,네이버,34500,34500,말렌카 꿀케이크 코코아 800g,39495991618,식품,100,빵/베이커리
1967,2026-05-31 14:57:49.953071,2026-05-31 14:57:49.953071,"",카테고리: 빵/베이커리,https://shopping-phinf.pstatic.net/main_6000381/60003816646.20260512002105.jpg,1,네이버,4400,4400,마루토 나가사키 카스테라 1개,60003816646,식품,100,빵/베이커리
1968,2026-05-31 14:57:49.960245,2026-05-31 14:57:49.960245,무화당,브랜드: 무화당 제조사: 나준베이커리 카테고리: 빵/베이커리,https://shopping-phinf.pstatic.net/main_6023311/60233111737.20260529221941.jpg,1,네이버,26930,26930,나준베이커리 무화당 저당 바스크치즈케이크 플레인 1개,60233111737,식품,100,빵/베이커리
1969,2026-05-31 14:57:49.961976,2026-05-31 14:57:49.961976,"",카테고리: 빵/베이커리,https://shopping-phinf.pstatic.net/main_5957754/59577549040.20260408013128.jpg,1,네이버,4500,4500,알버트파크 레밍턴 케이크 1개,59577549040,식품,100,빵/베이커리
1970,2026-05-31 14:57:49.964624,2026-05-31 14:57:49.964624,"",카테고리: 빵/베이커리,https://shopping-phinf.pstatic.net/main_8652208/86522082275.3.jpg,1,비채 베이크,25500,25500,(미니&amp;1호 사이즈)비건&amp;글루텐프리 곰돌이 마들렌 케이크 DIY,86522082275,식품,100,빵/베이커리
1971,2026-05-31 14:57:49.968361,2026-05-31 14:57:49.968361,"",카테고리: 빵/베이커리,https://shopping-phinf.pstatic.net/main_4766403/47664031287.20240511174740.jpg,1,네이버,14630,14630,롯데제과 초코파이 480g 4개,47664031287,식품,100,빵/베이커리
1972,2026-05-31 14:57:49.971421,2026-05-31 14:57:49.971421,"",카테고리: 빵/베이커리,https://shopping-phinf.pstatic.net/main_8966925/89669258058.jpg,1,라라네케이크,52000,52000,수원 어린이집 유치원 백일 아기 생일 돌 곰돌이 마들렌 케이크주문제작 레터링케이크,89669258058,식품,100,빵/베이커리
1973,2026-05-31 14:57:49.97305,2026-05-31 14:57:49.97305,롯데웰푸드,브랜드: 롯데웰푸드 제조사: 롯데웰푸드 카테고리: 빵/베이커리,https://shopping-phinf.pstatic.net/main_5663112/56631129009.20250907221814.jpg,1,네이버,14250,14250,롯데웰푸드 제로 카카오 케이크 초코케익 제로간식 171g 4곽,56631129009,식품,100,빵/베이커리
1974,2026-05-31 14:57:49.974201,2026-05-31 14:57:49.974201,"",카테고리: 빵/베이커리,https://shopping-phinf.pstatic.net/main_5949135/59491357172.20260401151047.jpg,1,네이버,8000,8000,티라미수 떠먹는 쌀케이크 1개,59491357172,식품,100,빵/베이커리
1975,2026-05-31 14:57:49.979028,2026-05-31 14:57:49.979028,노브랜드,브랜드: 노브랜드 카테고리: 빵/베이커리,https://shopping-phinf.pstatic.net/main_6013149/60131490009.20260521233613.jpg,1,네이버,5460,5460,노브랜드 마블 롱 케이크 1개,60131490009,식품,100,빵/베이커리
1976,2026-05-31 14:57:49.985176,2026-05-31 14:57:49.985176,PEACOCK,브랜드: PEACOCK 제조사: 신세계푸드 카테고리: 빵/베이커리,https://shopping-phinf.pstatic.net/main_6023332/60233320406.20260529231849.jpg,1,네이버,19980,19980,신세계푸드 PEACOCK 치즈케익 1개,60233320406,식품,100,빵/베이커리
1977,2026-05-31 14:57:49.990187,2026-05-31 14:57:49.990187,나폴레옹,브랜드: 나폴레옹 카테고리: 빵/베이커리,https://shopping-phinf.pstatic.net/main_5954873/59548731379.20260406014719.jpg,1,네이버,29500,29500,나폴레옹 구로칸토슈니탱 1개,59548731379,식품,100,빵/베이커리
1978,2026-05-31 14:57:49.992901,2026-05-31 14:57:49.992901,"",카테고리: 빵/베이커리,https://shopping-phinf.pstatic.net/main_8498463/84984637446.1.jpg,1,케이크 어 위시,32900,32900,로또케이크 포토 레터링케이크 주문제작 블루베리맛 미니,84984637446,식품,100,빵/베이커리
1979,2026-05-31 14:57:50.410072,2026-05-31 14:57:50.410072,롯데,브랜드: 롯데 제조사: 삼진식품 카테고리: 스낵/과자,https://shopping-phinf.pstatic.net/main_6012476/60124764135.20260521100554.jpg,1,네이버,9310,9310,"삼진식품 롯데 명가 찰떡파이 돼지바맛 25g, 6개입, 2개",60124764135,식품,100,스낵/과자
1980,2026-05-31 14:57:50.412525,2026-05-31 14:57:50.412525,소이조이,브랜드: 소이조이 제조사: 동아오츠카 카테고리: 스낵/과자,https://shopping-phinf.pstatic.net/main_9079516/90795162577.1.jpg,1,잭팟-몰,30900,30900,소이조이 콩 단백질바 고단백 간식 맛보기팩 8종 16개입,90795162577,식품,100,스낵/과자
1981,2026-05-31 14:57:50.416377,2026-05-31 14:57:50.416377,"",카테고리: 스낵/과자,https://shopping-phinf.pstatic.net/main_8888926/88889268145.jpg,1,쑤니맘베이커리2,5820,5820,쑤니볼과 프로틴라인(구매창),88889268145,식품,100,스낵/과자
1982,2026-05-31 14:57:50.418026,2026-05-31 14:57:50.418026,"",카테고리: 스낵/과자,https://shopping-phinf.pstatic.net/main_9026164/90261649514.3.jpg,1,윈윈몬스터,2980,2980,"(MD’s Pick 리얼) 블랙트러플 하몽 소다 크래커 퀴노아, 294g, 1개",90261649514,식품,100,스낵/과자
1983,2026-05-31 14:57:50.421952,2026-05-31 14:57:50.421952,소이조이,브랜드: 소이조이 제조사: 오츠카 카테고리: 스낵/과자,https://shopping-phinf.pstatic.net/main_5948852/59488527728.20260401104716.jpg,1,네이버,17900,17900,"오츠카 소이조이 스위트포테이토 30g, 1개입, 12개",59488527728,식품,100,스낵/과자
1984,2026-05-31 14:57:50.424328,2026-05-31 14:57:50.424328,"",제조사: RICHY 카테고리: 스낵/과자,https://shopping-phinf.pstatic.net/main_5626231/56262317741.20260112174305.jpg,1,네이버,8200,8200,"RICHY 오트밀 미니 바이트 1kg, 1개",56262317741,식품,100,스낵/과자
1985,2026-05-31 14:57:50.426556,2026-05-31 14:57:50.426556,켈로그,브랜드: 켈로그 제조사: 켈로그 카테고리: 스낵/과자,https://shopping-phinf.pstatic.net/main_5670754/56707540192.20250912151530.jpg,1,네이버,10190,10190,"켈로그 오곡으로 만든 첵스초코 , 1.2kg, 1개",56707540192,식품,100,스낵/과자
1986,2026-05-31 14:57:50.43466,2026-05-31 14:57:50.43466,켈로그,브랜드: 켈로그 카테고리: 스낵/과자,https://shopping-phinf.pstatic.net/main_5559662/55596624358.20250702144849.jpg,1,네이버,11900,11900,"켈로그 스페셜K 오리지널 1.3kg, 1개",55596624358,식품,100,스낵/과자
1987,2026-05-31 14:57:50.439596,2026-05-31 14:57:50.439596,메고지고,브랜드: 메고지고 제조사: UNKNOWN 카테고리: 스낵/과자,https://shopping-phinf.pstatic.net/main_9044507/90445072879.4.jpg,1,감성먹투어,3900,3900,"찹쌀 누룽지팝 스낵 라이스팝 쌀과자 개별포장간식 무가당검은콩, 300g, 1개",90445072879,식품,100,스낵/과자
1988,2026-05-31 14:57:50.441788,2026-05-31 14:57:50.441788,포스트,브랜드: 포스트 제조사: 동서식품 카테고리: 스낵/과자,https://shopping-phinf.pstatic.net/main_5314350/53143503128.20250327192332.jpg,1,네이버,6860,6860,"동서식품 포스트 단백질바 50g, 10개입, 1개",53143503128,식품,100,스낵/과자
1989,2026-05-31 14:57:50.444248,2026-05-31 14:57:50.444248,"",카테고리: 스낵/과자,https://shopping-phinf.pstatic.net/main_8937475/89374754736.5.jpg,1,이스터서울,3400,3400,이스터서울 수제 구움과자 플레인휘낭시에 티그레 디저트 선물 세트,89374754736,식품,100,스낵/과자
1990,2026-05-31 14:57:50.44669,2026-05-31 14:57:50.44669,켈로그,브랜드: 켈로그 제조사: 켈로그 카테고리: 스낵/과자,https://shopping-phinf.pstatic.net/main_5233955/52339557622.20250107142525.jpg,1,네이버,8540,8540,"켈로그 리얼 그래놀라 오리지널 400g, 2개",52339557622,식품,100,스낵/과자
1991,2026-05-31 14:57:50.448337,2026-05-31 14:57:50.448337,크라운,브랜드: 크라운 제조사: 크라운제과 카테고리: 스낵/과자,https://shopping-phinf.pstatic.net/main_5688625/56886250022.20250923112351.jpg,1,네이버,2320,2320,"크라운제과 크라운 참 크래커 280g, 1개",56886250022,식품,100,스낵/과자
1992,2026-05-31 14:57:50.451276,2026-05-31 14:57:50.451276,원사부,브랜드: 원사부 카테고리: 스낵/과자,https://shopping-phinf.pstatic.net/main_8758818/87588189219.3.jpg,1,원사부쿠키,3300,3300,수제 쿠키 답례품 결혼식 결혼 돌잔치 답례 디저트 원사부 4종,87588189219,식품,100,스낵/과자
1993,2026-05-31 14:57:50.453335,2026-05-31 14:57:50.453335,"",제조사: 오리온 카테고리: 스낵/과자,https://shopping-phinf.pstatic.net/main_9105800/91058007820.1.jpg,1,오리온공식스토어,23040,23040,[오리온] 후레쉬베리 펑리수 360g 4개,91058007820,식품,100,스낵/과자
1994,2026-05-31 14:57:50.454876,2026-05-31 14:57:50.454876,프링글스,브랜드: 프링글스 제조사: 켈로그 카테고리: 스낵/과자,https://shopping-phinf.pstatic.net/main_6002596/60025963071.20260513105019.jpg,1,네이버,1230,1230,"켈로그 프링글스 하트 미니 로즈, 35g, 1개",60025963071,식품,100,스낵/과자
1995,2026-05-31 14:57:50.871436,2026-05-31 14:57:50.871436,코카콜라,브랜드: 코카콜라 제조사: 코카콜라 카테고리: 음료,https://shopping-phinf.pstatic.net/main_5416619/54166199731.20250515102951.jpg,1,네이버,13610,13610,"코카콜라 콜라 , 190ml, 30개",54166199731,식품,100,음료
1996,2026-05-31 14:57:50.901887,2026-05-31 14:57:50.901887,베지밀,브랜드: 베지밀 제조사: 정식품 카테고리: 음료,https://shopping-phinf.pstatic.net/main_8293007/82930077790.6.jpg,1,한잎클로버,23400,23400,베지밀 A B 검은콩 고칼슘 아몬드 호두 시니어 고소한 저당 두유 각5팩씩 총30팩,82930077790,식품,100,음료
1997,2026-05-31 14:57:50.903678,2026-05-31 14:57:50.903678,문제적커피,브랜드: 문제적커피 제조사: 엠케이트렌드 카테고리: 음료,https://shopping-phinf.pstatic.net/main_8280551/82805514345.21.jpg,1,문제적커피,990,990,문제적커피 드립백 커피 싱글오리진 드립커피 10g 브라질 세하도,82805514345,식품,100,음료
1998,2026-05-31 14:57:50.905423,2026-05-31 14:57:50.905423,솔리몬,브랜드: 솔리몬 제조사: Derivados Citricos 카테고리: 음료,https://shopping-phinf.pstatic.net/main_5884569/58845690639.20260207235928.jpg,1,네이버,11890,11890,"Derivados Citricos 솔리몬 스퀴즈드 레몬즙 1L, 1개",58845690639,식품,100,음료
2138,2026-06-01 16:14:17.314524,2026-06-01 16:14:17.314524,"",카테고리: 보호용품,https://shopping-phinf.pstatic.net/main_8804800/88048005285.jpg,1,조은상점,7800,7800,얇은 손목보호대 헬스 골프 테니스 손목아대 프리사이즈 -에덴-,88048005285,스포츠/레저,100,보호용품
1999,2026-05-31 14:57:50.910462,2026-05-31 14:57:50.910462,포카리스웨트,브랜드: 포카리스웨트 제조사: 동아오츠카 카테고리: 음료,https://shopping-phinf.pstatic.net/main_8563844/85638444374.4.jpg,1,파슬리마켓,16500,16500,동아오츠카 포카리스웨트 이온음료 340ml x 20페트,85638444374,식품,100,음료
2000,2026-05-31 14:57:50.912331,2026-05-31 14:57:50.912331,RITA,브랜드: RITA 제조사: 리타 카테고리: 음료,https://shopping-phinf.pstatic.net/main_5613529/56135291097.20260518120809.jpg,1,네이버,24900,24900,"리타 RITA 비트 주스, 200ml, 30개",56135291097,식품,100,음료
2001,2026-05-31 14:57:50.915025,2026-05-31 14:57:50.915025,"",카테고리: 음료,https://shopping-phinf.pstatic.net/main_8235436/82354363384.30.jpg,1,플랜 88,24600,24600,맥심 카누 미니 다크 로스트 블랙커피 120T +카누 5T 드림 ID당1개,82354363384,식품,100,음료
2002,2026-05-31 14:57:50.918615,2026-05-31 14:57:50.918615,매일유업,브랜드: 매일유업 제조사: 매일유업 카테고리: 음료,https://shopping-phinf.pstatic.net/main_5616706/56167061505.20250808153331.jpg,1,네이버,14790,14790,"매일유업 매일야채 고농축 당근의힘, 125ml, 24개",56167061505,식품,100,음료
2003,2026-05-31 14:57:50.922977,2026-05-31 14:57:50.922977,매일유업,브랜드: 매일유업 제조사: 자연과사람들 카테고리: 음료,https://shopping-phinf.pstatic.net/main_5957122/59571224422.20260407110944.jpg,1,네이버,25200,25200,"자연과사람들 매일유업 두유 99.9 플레인, 950ml, 12개",59571224422,식품,100,음료
2004,2026-05-31 14:57:50.92489,2026-05-31 14:57:50.92489,모먼트빈,브랜드: 모먼트빈 카테고리: 음료,https://shopping-phinf.pstatic.net/main_9078872/90788729971.2.jpg,1,모먼트빈,7920,7920,모먼트빈 캡슐커피 네스프레소 호환 캡슐 스페셜티 원두 1박스 10캡슐 모카바인,90788729971,식품,100,음료
2005,2026-05-31 14:57:50.929063,2026-05-31 14:57:50.929063,조지아,브랜드: 조지아 제조사: 코카콜라 카테고리: 음료,https://shopping-phinf.pstatic.net/main_5282078/52820783724.20250205154347.jpg,1,네이버,7550,7550,"코카콜라 조지아 오리지널, 175ml, 30개",52820783724,식품,100,음료
2006,2026-05-31 14:57:50.932865,2026-05-31 14:57:50.932865,"",카테고리: 음료,https://shopping-phinf.pstatic.net/main_8260873/82608739524.8.jpg,1,커피프리,440,440,당일생산 초신선 드립백커피 기본 로부스타 G1(생산1일50일) 싱글 대용량 인쇄서비스 원두,82608739524,식품,100,음료
2007,2026-05-31 14:57:50.934621,2026-05-31 14:57:50.934621,그때커피,브랜드: 그때커피 카테고리: 음료,https://shopping-phinf.pstatic.net/main_9270801/9270801925.33.jpg,1,그때커피,3600,3600,결혼식 결혼 답례품 수제쿠키 디저트 더치커피 퇴사선물 승진 웨딩 선물세트A,9270801925,식품,100,음료
2008,2026-05-31 14:57:50.937346,2026-05-31 14:57:50.937346,코카콜라,브랜드: 코카콜라 제조사: 코카콜라 카테고리: 음료,https://shopping-phinf.pstatic.net/main_8616869/86168699090.2.jpg,1,막스몰,12900,12900,미니 캔음료 음료수 제로 코카콜라 칠성사이다 맥콜 190ml 15캔 각3개씩 도매,86168699090,식품,100,음료
2009,2026-05-31 14:57:51.377558,2026-05-31 14:57:51.377558,아디다스,브랜드: 아디다스 제조사: 아디다스 카테고리: 남성신발,https://shopping-phinf.pstatic.net/main_1040604/10406042786.7.jpg,1,Ez multi,65900,65900,아디다스 스니커즈 그라다스 흰검 화이트 블랙,10406042786,패션잡화,100,남성신발
2010,2026-05-31 14:57:51.388329,2026-05-31 14:57:51.388329,나이키,브랜드: 나이키 제조사: 나이키 카테고리: 남성신발,https://shopping-phinf.pstatic.net/main_6004043/60040436843.20260514154419.jpg,1,네이버,106910,106910,나이키 줌 플라이 6 로드 레이싱화 FN8454,60040436843,패션잡화,100,남성신발
2011,2026-05-31 14:57:51.394335,2026-05-31 14:57:51.394335,스케쳐스,브랜드: 스케쳐스 제조사: 스케쳐스 카테고리: 남성신발,https://shopping-phinf.pstatic.net/main_8331751/83317515062.17.jpg,1,스케쳐스 청주,129000,129000,스케쳐스 남성 아치핏 2.0 슬립인스 SL0ＭPCGX061,83317515062,패션잡화,100,남성신발
2012,2026-05-31 14:57:51.396577,2026-05-31 14:57:51.396577,"",제조사: 나이키 카테고리: 여성신발,https://shopping-phinf.pstatic.net/main_8968323/89683231125.2.jpg,1,구름스니커즈,119900,119900,나이키 에어맥스 키높이 굽높은 어글리 여성 운동화 런닝화 HF3053 블랙,89683231125,패션잡화,100,여성신발
2013,2026-05-31 14:57:51.39877,2026-05-31 14:57:51.39877,아식스,브랜드: 아식스 제조사: 아식스 카테고리: 여성신발,https://shopping-phinf.pstatic.net/main_8871916/88719165602.9.jpg,1,플레이그라운드 도쿄,159000,159000,아식스 노바블라스트 5 여자 런닝화 1012B765,88719165602,패션잡화,100,여성신발
2014,2026-05-31 14:57:51.40227,2026-05-31 14:57:51.40227,나이키,브랜드: 나이키 제조사: 나이키 카테고리: 남성신발,https://shopping-phinf.pstatic.net/main_8266347/82663476654.24.jpg,1,블리에이,79000,79000,(매장판) 나이키 제이크루 킬샷 2 레더 스니커즈,82663476654,패션잡화,100,남성신발
2015,2026-05-31 14:57:51.406356,2026-05-31 14:57:51.406356,호카,브랜드: 호카 제조사: 호카 카테고리: 남성신발,https://shopping-phinf.pstatic.net/main_5532332/55323323899.20250616121940.jpg,1,네이버,199950,199950,호카 클리프톤 10 와이드 1162032 BBLC 블랙,55323323899,패션잡화,100,남성신발
2016,2026-05-31 14:57:51.408458,2026-05-31 14:57:51.408458,미즈노,브랜드: 미즈노 제조사: 미즈노 카테고리: 남성신발,https://shopping-phinf.pstatic.net/main_5984417/59844172115.20260429145811.jpg,1,네이버,79500,79500,미즈노 웨이브 라이더 10 D1GA2431,59844172115,패션잡화,100,남성신발
2017,2026-05-31 14:57:51.704981,2026-05-31 14:57:51.704981,액티브,브랜드: 액티브 카테고리: 요가/필라테스,https://shopping-phinf.pstatic.net/main_9063608/90636081177.jpg,1,액티브,10500,10500,6mm 미니 요가매트 2P 논슬립 필라테스 플랭크 여행용 층간소음방지 홈트 헬스,90636081177,스포츠/레저,100,요가/필라테스
2018,2026-05-31 14:57:51.716058,2026-05-31 14:57:51.716058,아리프,브랜드: 아리프 제조사: 우성레포츠 카테고리: 요가/필라테스,https://shopping-phinf.pstatic.net/main_5654348/56543486295.20250905180702.jpg,1,네이버,22900,22900,우성레포츠 아리프 NBR 요가매트 스탠다드 20mm,56543486295,스포츠/레저,100,요가/필라테스
2019,2026-05-31 14:57:51.721575,2026-05-31 14:57:51.721575,가네샤요가프랍스,브랜드: 가네샤요가프랍스 제조사: 엔씨엔스페이스 카테고리: 요가/필라테스,https://shopping-phinf.pstatic.net/main_8423294/84232940447.46.jpg,1,GANESHA,42900,42900,가네샤요가프랍스 가네샤 비기너 요가매트 베이직 TPE 6MM 비기너시리즈,84232940447,스포츠/레저,100,요가/필라테스
2020,2026-05-31 14:57:51.725137,2026-05-31 14:57:51.725137,고무나라,브랜드: 고무나라 제조사: 고무나라 카테고리: 요가/필라테스,https://shopping-phinf.pstatic.net/main_5938672/59386724772.20260518173919.jpg,1,네이버,25500,25500,고무나라 와이드 NBR 요가매트,59386724772,스포츠/레저,100,요가/필라테스
2021,2026-05-31 14:57:51.726775,2026-05-31 14:57:51.726775,이고진,브랜드: 이고진 제조사: 이고진 카테고리: 요가/필라테스,https://shopping-phinf.pstatic.net/main_5938661/59386616098.20260402173622.jpg,1,네이버,65480,65480,이고진 3단 접이식 요핏 운동매트 와이드형,59386616098,스포츠/레저,100,요가/필라테스
2311,2026-06-07 01:42:59.069278,2026-06-07 01:42:59.069278,"",카테고리: 빵/베이커리,https://shopping-phinf.pstatic.net/main_6032518/60325187089.20260606003021.jpg,1,네이버,24000,24000,레터링 케이크 커플 낙서 디자인 1개,60325187089,식품,100,빵/베이커리
2022,2026-05-31 14:57:51.72978,2026-05-31 14:57:51.72978,바벨라토르,브랜드: 바벨라토르 카테고리: 요가/필라테스,https://shopping-phinf.pstatic.net/main_8248936/82489363456.10.jpg,1,바벨라토르,89000,89000,바벨라토르 KC인증 운동매트 두꺼운 홈트 요가 매트 층간소음 접이식 뉴 리쌤매트,82489363456,스포츠/레저,100,요가/필라테스
2023,2026-05-31 14:57:51.734727,2026-05-31 14:57:51.734727,TRATAC,브랜드: TRATAC 제조사: 나음케어 카테고리: 요가/필라테스,https://shopping-phinf.pstatic.net/main_5938660/59386604954.20260325141927.jpg,1,네이버,58400,58400,나음케어 TRATAC TPE 폴더블 요가매트,59386604954,스포츠/레저,100,요가/필라테스
2024,2026-05-31 14:57:51.737137,2026-05-31 14:57:51.737137,이고진,브랜드: 이고진 제조사: 이고진 카테고리: 요가/필라테스,https://shopping-phinf.pstatic.net/main_4598635/45986359675.3.jpg,1,이고진,18600,18600,이고진 TPE 요가매트 미끄럼방지 6mm,45986359675,스포츠/레저,100,요가/필라테스
2025,2026-05-31 14:57:51.738682,2026-05-31 14:57:51.738682,스케쳐스피트니스,브랜드: 스케쳐스피트니스 제조사: 스케쳐스 카테고리: 요가/필라테스,https://shopping-phinf.pstatic.net/main_5921834/59218348250.20260311171311.jpg,1,네이버,31520,31520,스케쳐스 스케쳐스피트니스 리버서블 에센셜 요가 매트 와이드 10mm,59218348250,스포츠/레저,100,요가/필라테스
2026,2026-05-31 14:57:51.740046,2026-05-31 14:57:51.740046,BFIT,브랜드: BFIT 제조사: 나노소프트 카테고리: 요가/필라테스,https://shopping-phinf.pstatic.net/main_5832803/58328039166.20251230110300.jpg,1,네이버,49300,49300,나노소프트 BFIT TPE 초대형 자이언트 요가매트 10mm,58328039166,스포츠/레저,100,요가/필라테스
2027,2026-05-31 14:57:51.743582,2026-05-31 14:57:51.743582,만두카,브랜드: 만두카 제조사: 만두카 카테고리: 요가/필라테스,https://shopping-phinf.pstatic.net/main_8305857/83058573341.1.jpg,1,만두카,105000,105000,프로 트래블 요가 매트 - 세이지,83058573341,스포츠/레저,100,요가/필라테스
2028,2026-05-31 14:57:51.746964,2026-05-31 14:57:51.746964,이고진,브랜드: 이고진 제조사: 이고진 카테고리: 요가/필라테스,https://shopping-phinf.pstatic.net/main_9040806/90408069283.1.jpg,1,이고진헬스,14400,14400,이고진 요가매트 소프트 NBR 15mm,90408069283,스포츠/레저,100,요가/필라테스
2029,2026-05-31 14:57:51.7486,2026-05-31 14:57:51.7486,호스커스,브랜드: 호스커스 카테고리: 요가/필라테스,https://shopping-phinf.pstatic.net/main_8303114/83031142631.1.jpg,1,호스커스,14900,14900,두꺼운 요가 매트 운동 헬스 필라테스 홈트 운동 TPE 논슬립 호스커스 기본형 6mm,83031142631,스포츠/레저,100,요가/필라테스
2030,2026-05-31 14:57:51.751922,2026-05-31 14:57:51.751922,"",카테고리: 요가/필라테스,https://shopping-phinf.pstatic.net/main_8885967/88859671255.1.jpg,1,삼촌은다판다,29800,29800,충격완화 넓은 요가매트 대형 홈트 헬스 스트레칭 접이식 운동 매트 7mm,88859671255,스포츠/레저,100,요가/필라테스
2031,2026-05-31 14:57:51.753401,2026-05-31 14:57:51.753401,"",카테고리: 요가/필라테스,https://shopping-phinf.pstatic.net/main_8891351/88913516299.jpg,1,BINBIN-STUDIO,38490,38490,프리미엄 퀄리티 요가매트 45mm 헬스 필라테스 요가,88913516299,스포츠/레저,100,요가/필라테스
2032,2026-05-31 14:57:52.153596,2026-05-31 14:57:52.153596,"",제조사: 현대메디칼 카테고리: 보호용품,https://shopping-phinf.pstatic.net/main_8747248/87472482692.2.jpg,1,바디넥스,9900,9900,[편한 엄지고리형] 국산 손목보호대 손목아대 얇은 헬스 스트랩,87472482692,스포츠/레저,100,보호용품
2033,2026-05-31 14:57:52.172408,2026-05-31 14:57:52.172408,액티브워시,브랜드: 액티브워시 카테고리: 보호용품,https://shopping-phinf.pstatic.net/main_9046709/90467096971.jpg,1,액티브,10000,10000,손목보호대 손목터널증후군 엄지손가락 건초염 아대 골프 테니스 보호대 1pc,90467096971,스포츠/레저,100,보호용품
2034,2026-05-31 14:57:52.189726,2026-05-31 14:57:52.189726,엑스포디움,브랜드: 엑스포디움 카테고리: 보호용품,https://shopping-phinf.pstatic.net/main_8216294/82162944376.3.jpg,1,왓유니드,45000,45000,모찌그립 마그네핏 손바닥보호대 크로스핏그립 짐내스틱 헬스,82162944376,스포츠/레저,100,보호용품
2035,2026-05-31 14:57:52.191371,2026-05-31 14:57:52.191371,블랙터프,브랜드: 블랙터프 카테고리: 보호용품,https://shopping-phinf.pstatic.net/main_8220842/82208420377.11.jpg,1,블랙터프,29900,29900,블랙터프 헬스 스트랩 프로 헬스그립 턱걸이 퀵그립 리프팅 strap,82208420377,스포츠/레저,100,보호용품
2036,2026-05-31 14:57:52.193295,2026-05-31 14:57:52.193295,에이더,브랜드: 에이더 제조사: 에이더 카테고리: 보호용품,https://shopping-phinf.pstatic.net/main_9035748/90357487939.2.jpg,1,에이더,29800,29800,에이더 데일리그립 손목 보호대 골프 테니스 헬스 아대 스트랩,90357487939,스포츠/레저,100,보호용품
2037,2026-05-31 14:57:52.195144,2026-05-31 14:57:52.195144,아디다스피트니스,브랜드: 아디다스피트니스 제조사: 아디다스 카테고리: 보호용품,https://shopping-phinf.pstatic.net/main_8241717/82417173580.7.jpg,1,아디다스피트니스,13800,13800,아디다스 길이조절 손목 보호대 팔목 아대 밴드 헬스 스트랩 테니스 배드민턴 골프 얇은,82417173580,스포츠/레저,100,보호용품
2038,2026-05-31 14:57:52.197471,2026-05-31 14:57:52.197471,에이더,브랜드: 에이더 제조사: 에이더 카테고리: 보호용품,https://shopping-phinf.pstatic.net/main_9035751/90357510823.1.jpg,1,에이더,29800,29800,에이더 데일리그립 제로 손목 보호대 TFCC 헬스 골프 테니스 스트랩,90357510823,스포츠/레저,100,보호용품
2039,2026-05-31 14:57:52.199185,2026-05-31 14:57:52.199185,"",카테고리: 보호용품,https://shopping-phinf.pstatic.net/main_8164571/81645713238.16.jpg,1,이-트랙,8900,8900,1+1 의료용 밴드형 손목보호대 통증완화 국내산 팔목 장갑 아대 랩 헬스 산모용 자석패치,81645713238,스포츠/레저,100,보호용품
2040,2026-05-31 14:57:52.200621,2026-05-31 14:57:52.200621,하빈져,브랜드: 하빈져 제조사: IMPLUS 카테고리: 보호용품,https://shopping-phinf.pstatic.net/main_8817706/88177067864.5.jpg,1,트라택 공식스토어,49500,49500,하빈져 헬스 스트랩 프로 리프팅 그립 퀵 그립 손목보호대,88177067864,스포츠/레저,100,보호용품
2041,2026-05-31 14:57:52.202437,2026-05-31 14:57:52.202437,프로스펙스피트니스,브랜드: 프로스펙스피트니스 제조사: 코리아스포츠 카테고리: 보호용품,https://shopping-phinf.pstatic.net/main_4997445/49974455539.20250124142150.jpg,1,네이버,23400,23400,코리아스포츠 프로스펙스피트니스 엘리트 리프팅 그립 헬스 손목 스트랩,49974455539,스포츠/레저,100,보호용품
2042,2026-05-31 14:57:52.20362,2026-05-31 14:57:52.20362,아디다스,브랜드: 아디다스 제조사: 아디다스 카테고리: 보호용품,https://shopping-phinf.pstatic.net/main_8375123/83751237374.1.jpg,1,킥오프 스토어,13900,13900,아디다스 손목 아대 밴드 롱 보호대 테니스 골프 배드민턴 헬스 2개입,83751237374,스포츠/레저,100,보호용품
2043,2026-05-31 14:57:52.204819,2026-05-31 14:57:52.204819,투어게인,브랜드: 투어게인 카테고리: 보호용품,https://shopping-phinf.pstatic.net/main_8182422/81824221244.8.jpg,1,투어게인,9500,9500,투어게인 헬스 손목 보호대 리스트랩 스트랩 붕대 아대 크로스핏 역도 피트니스,81824221244,스포츠/레저,100,보호용품
2044,2026-05-31 14:57:52.205988,2026-05-31 14:57:52.205988,"",카테고리: 보호용품,https://shopping-phinf.pstatic.net/main_8532392/85323921696.15.jpg,1,온리바이포유,25900,25900,OB4U 손목보호대 터널증후군 건초염 약국 tfcc 얇은 아대 발열 감압 온열 보호대,85323921696,스포츠/레저,100,보호용품
2045,2026-06-01 16:14:10.970326,2026-06-01 16:14:10.970326,세터,브랜드: 세터 카테고리: 여성의류,https://shopping-phinf.pstatic.net/main_5980960/59809609597.20260426194942.jpg,1,네이버,33830,33830,세터 수피마 베이직 크루넥 반팔 티셔츠 SA262WTS02,59809609597,패션의류,100,여성의류
2046,2026-06-01 16:14:10.982472,2026-06-01 16:14:10.982472,미쏘,브랜드: 미쏘 제조사: 이랜드 카테고리: 여성의류,https://shopping-phinf.pstatic.net/main_5977693/59776931323.20260424002921.jpg,1,네이버,26770,26770,미쏘 랩 반팔 티셔츠 miwhwg602a,59776931323,패션의류,100,여성의류
2047,2026-06-01 16:14:10.993567,2026-06-01 16:14:10.993567,라코스테,브랜드: 라코스테 제조사: 라코스테 카테고리: 여성의류,https://shopping-phinf.pstatic.net/main_6003114/60031144336.20260513232728.jpg,1,네이버,78970,78970,라코스테 레귤러핏 반팔 폴로 셔츠 PF7839-55N,60031144336,패션의류,100,여성의류
2048,2026-06-01 16:14:11.011472,2026-06-01 16:14:11.011472,폴햄,브랜드: 폴햄 제조사: 에이션패션 카테고리: 여성의류,https://shopping-phinf.pstatic.net/main_5962921/59629219956.20260412101147.jpg,1,네이버,21530,21530,폴햄 린넨 카라 풀오버 니트 PHG2ET2420,59629219956,패션의류,100,여성의류
2049,2026-06-01 16:14:11.017156,2026-06-01 16:14:11.017156,타미진스,브랜드: 타미진스 제조사: HANDSOME 카테고리: 여성의류,https://shopping-phinf.pstatic.net/main_5937891/59378917413.20260326001149.jpg,1,네이버,52780,52780,타미진스 슬림 립 버튼 탑 t32g1tto16twt2,59378917413,패션의류,100,여성의류
2050,2026-06-01 16:14:11.042563,2026-06-01 16:14:11.042563,라코스테,브랜드: 라코스테 제조사: 라코스테 카테고리: 여성의류,https://shopping-phinf.pstatic.net/main_6005219/60052198506.20260515150948.jpg,1,네이버,161100,161100,라코스테 뉴헤리티지 폴로 셔츠 PF1123 56G,60052198506,패션의류,100,여성의류
2051,2026-06-01 16:14:11.047733,2026-06-01 16:14:11.047733,라코스테,브랜드: 라코스테 제조사: 라코스테 카테고리: 여성의류,https://shopping-phinf.pstatic.net/main_5985609/59856091629.20260430143351.jpg,1,네이버,109000,109000,라코스테 소프트 링거 티셔츠 TF703E 56G,59856091629,패션의류,100,여성의류
2052,2026-06-01 16:14:11.051577,2026-06-01 16:14:11.051577,몽돌,브랜드: 몽돌 제조사: 몽돌 카테고리: 여성의류,https://shopping-phinf.pstatic.net/main_5427941/54279419364.20250419030633.jpg,1,네이버,23310,23310,몽돌 에센셜 라운드넥 반팔 티셔츠 MDTS073,54279419364,패션의류,100,여성의류
2053,2026-06-01 16:14:11.384346,2026-06-01 16:14:11.384346,라삐아프,브랜드: 라삐아프 카테고리: 여성의류,https://shopping-phinf.pstatic.net/main_5937887/59378871507.20260325003659.jpg,1,네이버,59410,59410,라삐아프 26SS 텐셀데님 2종,59378871507,패션의류,100,여성의류
2054,2026-06-01 16:14:11.392026,2026-06-01 16:14:11.392026,에잇세컨즈,브랜드: 에잇세컨즈 제조사: 삼성물산 카테고리: 여성의류,https://shopping-phinf.pstatic.net/main_6020337/60203373699.20260527102420.jpg,1,네이버,49900,49900,에잇세컨즈 부츠컷 경량 데님 팬츠 356421CMT,60203373699,패션의류,100,여성의류
2055,2026-06-01 16:14:11.403547,2026-06-01 16:14:11.403547,게스,브랜드: 게스 제조사: 게스 카테고리: 여성의류,https://shopping-phinf.pstatic.net/main_5926950/59269504170.20260316014724.jpg,1,네이버,55410,55410,게스 저온스 와이드 청바지 YQ2D9015,59269504170,패션의류,100,여성의류
2056,2026-06-01 16:14:11.41132,2026-06-01 16:14:11.41132,지오다노,브랜드: 지오다노 제조사: 지오다노 카테고리: 여성의류,https://shopping-phinf.pstatic.net/main_5978918/59789186500.20260425175755.jpg,1,네이버,45750,45750,지오다노 LW 와이드 쿨 데님 팬츠,59789186500,패션의류,100,여성의류
2057,2026-06-01 16:14:11.417629,2026-06-01 16:14:11.417629,"",카테고리: 남성의류,https://shopping-phinf.pstatic.net/main_4673903/46739030509.20240330073957.jpg,1,네이버,29800,29800,프리미엄 텐셀 데님팬츠,46739030509,패션의류,100,남성의류
2058,2026-06-01 16:14:11.420807,2026-06-01 16:14:11.420807,리스트,브랜드: 리스트 제조사: 인동에프엔 카테고리: 여성의류,https://shopping-phinf.pstatic.net/main_5928900/59289000899.20260317181206.jpg,1,네이버,69000,69000,리스트 인밴딩 스트레이트 데님 팬츠 TSMSLQ62020,59289000899,패션의류,100,여성의류
2059,2026-06-01 16:14:11.426321,2026-06-01 16:14:11.426321,온앤온,브랜드: 온앤온 제조사: 보끄레머천다이징 카테고리: 여성의류,https://shopping-phinf.pstatic.net/main_5969346/59693467310.20260424005724.jpg,1,네이버,118280,118280,온앤온 썸머 데님 팬츠 NEJ6XL505,59693467310,패션의류,100,여성의류
2060,2026-06-01 16:14:11.853539,2026-06-01 16:14:11.853539,스튜디오톰보이,브랜드: 스튜디오톰보이 제조사: 신세계인터내셔날 카테고리: 여성의류,https://shopping-phinf.pstatic.net/main_5878632/58786328238.20260204003401.jpg,1,네이버,87590,87590,스튜디오톰보이 오버롤 카고원피스 9176241982,58786328238,패션의류,100,여성의류
2061,2026-06-01 16:14:11.861336,2026-06-01 16:14:11.861336,디스커버리익스페디션,브랜드: 디스커버리익스페디션 제조사: F&F 카테고리: 여성의류,https://shopping-phinf.pstatic.net/main_5908048/59080481798.20260228170943.jpg,1,네이버,57970,57970,디스커버리익스페디션 경량 우븐 원피스 프레시벤트 DWOP91053,59080481798,패션의류,100,여성의류
2062,2026-06-01 16:14:11.880977,2026-06-01 16:14:11.880977,빈폴레이디스,브랜드: 빈폴레이디스 카테고리: 여성의류,https://shopping-phinf.pstatic.net/main_6009743/60097432564.20260519141700.jpg,1,네이버,146450,146450,빈폴레이디스 밴드넥 7부 소매 쇼트 원피스 BF5471C08,60097432564,패션의류,100,여성의류
2063,2026-06-01 16:14:11.884862,2026-06-01 16:14:11.884862,"",카테고리: 여성의류,https://shopping-phinf.pstatic.net/main_3375129/33751297857.20240803064804.jpg,1,네이버,16000,16000,반팔 나시 찰랑 텐셀 맥시 롱원피스,33751297857,패션의류,100,여성의류
2064,2026-06-01 16:14:11.890944,2026-06-01 16:14:11.890944,로엠,브랜드: 로엠 제조사: 로엠 카테고리: 여성의류,https://shopping-phinf.pstatic.net/main_5790480/57904802202.20251125145132.jpg,1,네이버,53000,53000,로엠 하트넥 롱 원피스 RMOWF38RT5,57904802202,패션의류,100,여성의류
2065,2026-06-01 16:14:11.89332,2026-06-01 16:14:11.89332,리스트,브랜드: 리스트 제조사: 인동에프엔 카테고리: 여성의류,https://shopping-phinf.pstatic.net/main_5404938/54049380110.20250808101551.jpg,1,네이버,82450,82450,리스트 티어드 스트링 브이넥 원피스 TWWOPP62020,54049380110,패션의류,100,여성의류
2066,2026-06-01 16:14:11.895572,2026-06-01 16:14:11.895572,SOUP,브랜드: SOUP 제조사: 동광인터내셔날 카테고리: 여성의류,https://shopping-phinf.pstatic.net/main_5451070/54510708698.20250805100927.jpg,1,네이버,36750,36750,SOUP 스퀘어넥 허리 스트랩 롱 원피스 SB5OP90,54510708698,패션의류,100,여성의류
2067,2026-06-01 16:14:11.899852,2026-06-01 16:14:11.899852,SOUP,브랜드: SOUP 제조사: 동광인터내셔날 카테고리: 여성의류,https://shopping-phinf.pstatic.net/main_5968412/59684126998.20260416070108.jpg,1,네이버,44530,44530,SOUP 라운드넥 허리 밴딩 원피스 SC4OP33,59684126998,패션의류,100,여성의류
2068,2026-06-01 16:14:11.902088,2026-06-01 16:14:11.902088,타미힐피거,브랜드: 타미힐피거 제조사: 타미힐피거 카테고리: 여성의류,https://shopping-phinf.pstatic.net/main_8937656/89376561724.jpg,1,타미진,118400,118400,타미힐피거여성 포플린 셔츠 롱원피스 타미진원피스 TOMMYWOP300,89376561724,패션의류,100,여성의류
2069,2026-06-01 16:14:11.905994,2026-06-01 16:14:11.905994,린,브랜드: 린 제조사: 린컴퍼니 카테고리: 여성의류,https://shopping-phinf.pstatic.net/main_5421599/54215994309.20250511065314.jpg,1,네이버,100360,100360,린 자켓 투피스형 원피스 LGOPPF9600,54215994309,패션의류,100,여성의류
2070,2026-06-01 16:14:12.220362,2026-06-01 16:14:12.220362,"",카테고리: 노트북,https://shopping-phinf.pstatic.net/main_9058132/90581322682.1.jpg,1,아고라시스템즈,379000,379000,삼성노트북 i5-8세대 NT551EBE 사무용 인강용 단종품 리프레쉬 노트북 윈도우11,90581322682,디지털/가전,100,노트북
2071,2026-06-01 16:14:12.245293,2026-06-01 16:14:12.245293,MSI,브랜드: MSI 제조사: MSI 카테고리: 노트북,https://shopping-phinf.pstatic.net/main_8405361/84053612807.2.jpg,1,아서렌탈,18900,18900,[대여]사무용노트북 i5 렌탈 렌트 임대 단기 고사양 업무용 7일,84053612807,디지털/가전,100,노트북
2072,2026-06-01 16:14:12.685003,2026-06-01 16:14:12.685003,삼성,브랜드: 삼성 제조사: 삼성전자 카테고리: 휴대폰,https://shopping-phinf.pstatic.net/main_9074760/90747608509.jpg,1,로트박스,24600,24600,[대여] 갤럭시 S26 울트라 대여 렌탈 합정 잠실 서울역,90747608509,디지털/가전,100,휴대폰
2073,2026-06-01 16:14:12.71657,2026-06-01 16:14:12.71657,갤럭시,브랜드: 갤럭시 제조사: 삼성전자 카테고리: 휴대폰,https://shopping-phinf.pstatic.net/main_8897455/88974550011.1.jpg,1,로트박스,19600,19600,[대여] 갤럭시 S25 울트라 대여 렌탈 고정이용권 연장,88974550011,디지털/가전,100,휴대폰
2074,2026-06-01 16:14:12.720203,2026-06-01 16:14:12.720203,갤럭시,브랜드: 갤럭시 제조사: 삼성전자 카테고리: 휴대폰,https://shopping-phinf.pstatic.net/main_5572745/55727450192.20250715142013.jpg,1,네이버,1439000,1439000,삼성전자 갤럭시 Z 플립7 5G 512GB [자급제],55727450192,디지털/가전,100,휴대폰
2075,2026-06-01 16:14:12.723069,2026-06-01 16:14:12.723069,Apple,브랜드: Apple 제조사: Apple 카테고리: 휴대폰,https://shopping-phinf.pstatic.net/main_5670861/56708614382.jpg,1,쿠팡,1790000,1790000,Apple 아이폰 17 Pro 자급제 256GB 실버 MG8G4KH/A 스마트폰 핸드폰 휴대폰 공기계  자급제폰 폰 휴대전화,56708614382,디지털/가전,100,휴대폰
2076,2026-06-01 16:14:12.725237,2026-06-01 16:14:12.725237,아이폰,브랜드: 아이폰 제조사: Apple 카테고리: 휴대폰,https://shopping-phinf.pstatic.net/main_3119095/31190951671.1.jpg,1,대전모바일,330000,330000,애플 아이폰13미니 128GB 스타라이트 S등급 중고폰 자급제폰 중고아이폰,31190951671,디지털/가전,100,휴대폰
2077,2026-06-01 16:14:12.72758,2026-06-01 16:14:12.72758,삼성,브랜드: 삼성 카테고리: 휴대폰,https://shopping-phinf.pstatic.net/main_6001562/60015621531.jpg,1,롯데ON,372960,372960,삼성전자 갤럭시 S25플러스 자급제,60015621531,디지털/가전,100,휴대폰
2078,2026-06-01 16:14:12.73098,2026-06-01 16:14:12.73098,갤럭시,브랜드: 갤럭시 제조사: 삼성전자 카테고리: 휴대폰,https://shopping-phinf.pstatic.net/main_8743485/87434859638.jpg,1,셔니콘서트,5800,5800,[대여] 갤럭시 S24 울트라 대여 단기 렌탈/대여 1일,87434859638,디지털/가전,100,휴대폰
2079,2026-06-01 16:14:12.733139,2026-06-01 16:14:12.733139,갤럭시,브랜드: 갤럭시 제조사: 삼성전자 카테고리: 휴대폰,https://shopping-phinf.pstatic.net/main_8806607/88066076850.7.jpg,1,로트박스,14600,14600,[대여] 갤럭시 S24 울트라 대여 렌탈 합정 잠실 서울역,88066076850,디지털/가전,100,휴대폰
2080,2026-06-01 16:14:12.735318,2026-06-01 16:14:12.735318,갤럭시,브랜드: 갤럭시 제조사: 삼성전자 카테고리: 휴대폰,https://shopping-phinf.pstatic.net/main_5780066/57800662513.20251117183255.jpg,1,네이버,286900,286900,삼성전자 갤럭시 A17 128GB,57800662513,디지털/가전,100,휴대폰
2081,2026-06-01 16:14:13.223942,2026-06-01 16:14:13.223942,갤럭시,브랜드: 갤럭시 제조사: 삼성전자 카테고리: 음향가전,https://shopping-phinf.pstatic.net/main_5679287/56792877171.jpg,1,쿠팡,128800,128800,삼성전자 갤럭시 버즈3 FE 블루투스 이어폰 ANC 8.5시간 그레이 무선 와이어리스,56792877171,디지털/가전,100,음향가전
2082,2026-06-01 16:14:13.231499,2026-06-01 16:14:13.231499,티버디,브랜드: 티버디 카테고리: 음향가전,https://shopping-phinf.pstatic.net/main_8662967/86629674123.15.jpg,1,티버디,33300,33300,티버디 골전도 블루투스 이어폰 오픈형 무선 귀안아픈 러닝 등산 자전거,86629674123,디지털/가전,100,음향가전
2083,2026-06-01 16:14:13.234578,2026-06-01 16:14:13.234578,"",카테고리: 음향가전,https://shopping-phinf.pstatic.net/main_9099287/90992871394.jpg,1,헬스네이처스토어,86200,86200,[베이스튠] Vox 업무용 러닝 골전도 스포츠 자전거 무선 이어폰,90992871394,디지털/가전,100,음향가전
2084,2026-06-01 16:14:13.237775,2026-06-01 16:14:13.237775,갤럭시,브랜드: 갤럭시 제조사: 삼성전자 카테고리: 음향가전,https://shopping-phinf.pstatic.net/main_8885907/88859073922.jpg,1,삼성공식파트너 제이유,259000,259000,삼성전자 갤럭시 버즈3 프로 클리너 패키지 무선 노이즈캔슬링 블루투스 이어폰,88859073922,디지털/가전,100,음향가전
2085,2026-06-01 16:14:13.240917,2026-06-01 16:14:13.240917,갤럭시,브랜드: 갤럭시 제조사: 삼성전자 카테고리: 음향가전,https://shopping-phinf.pstatic.net/main_8804211/88042110947.21.jpg,1,삼성공식파트너 제이유,239000,239000,삼성전자 갤럭시 버즈3 프로 무선 블루투스 이어폰 ANC SM-R630,88042110947,디지털/가전,100,음향가전
2086,2026-06-01 16:14:13.729747,2026-06-01 16:14:13.729747,샤크,브랜드: 샤크 제조사: 샤크닌자 카테고리: 청소기,https://shopping-phinf.pstatic.net/main_5339326/53393266741.20250306150754.jpg,1,네이버,176710,176710,샤크닌자 샤크 에보파워 EX 핸디 무선 청소기 WV270KR 블루,53393266741,디지털/가전,100,청소기
2089,2026-06-01 16:14:14.271133,2026-06-01 16:14:14.271133,알찬리필,브랜드: 알찬리필 카테고리: 주방용품,https://shopping-phinf.pstatic.net/main_8305490/83054909414.15.jpg,1,알찬리필,11800,11800,[호환] 알찬리필 매직캔 이지캔 리필봉투 280 5+5매,83054909414,생활/건강,100,주방용품
2090,2026-06-01 16:14:14.291393,2026-06-01 16:14:14.291393,오덴세,브랜드: 오덴세 카테고리: 주방용품,https://shopping-phinf.pstatic.net/main_5840104/58401048000.20260106152713.jpg,1,네이버,32640,32640,오덴세 투웨이 루프 텀블러 720ml,58401048000,생활/건강,100,주방용품
2087,2026-06-01 16:14:13.73274,2026-06-02 16:11:36.945852,클래파,브랜드: 클래파 제조사: 비즈포비즈 카테고리: 청소기,https://shopping-phinf.pstatic.net/main_8944570/89445708219.4.jpg,1,클래파 공식스토어,168000,168000,클래파 초경량 자동먼지비움 청소기 무선 BLDC 차이슨 원룸 가벼운 핸디 + 물걸레키트,89445708219,디지털/가전,100,청소기
2091,2026-06-01 16:14:14.29508,2026-06-01 16:14:14.29508,실바트,브랜드: 실바트 제조사: 실바트 카테고리: 주방용품,https://shopping-phinf.pstatic.net/main_8539578/85395786269.29.jpg,1,실바트,39900,39900,1+1 실바트 까리노 고농축 인덕션 사각 프라이팬 18cm 에그 계란말이 계란프라이팬,85395786269,생활/건강,100,주방용품
2092,2026-06-01 16:14:14.297372,2026-06-01 16:14:14.297372,"",카테고리: 주방용품,https://shopping-phinf.pstatic.net/main_5965919/59659195827.20260414150331.jpg,1,네이버,37800,37800,스탠디코 스텐도마 ㄱ자형,59659195827,생활/건강,100,주방용품
2093,2026-06-01 16:14:14.301127,2026-06-01 16:14:14.301127,"",카테고리: 주방용품,https://shopping-phinf.pstatic.net/main_8972728/89727286934.2.jpg,1,리빙 디노,14900,14900,리빙디노 북극곰 원터치 푸쉬 얼음트레이 얼음틀 사각 커피 아이스버킷 30구 얼음통 스쿱포함,89727286934,생활/건강,100,주방용품
2094,2026-06-01 16:14:14.746059,2026-06-01 16:14:14.746059,룸앤오피스,브랜드: 룸앤오피스 카테고리: 수납가구,https://shopping-phinf.pstatic.net/main_8253067/82530677342.25.jpg,1,미니미니멀,29800,29800,수납선반 3단 미니선반 다용도 조립 철제 선반장,82530677342,가구/인테리어,100,수납가구
2095,2026-06-01 16:14:14.757695,2026-06-01 16:14:14.757695,모다니,브랜드: 모다니 카테고리: 수납/정리용품,https://shopping-phinf.pstatic.net/main_8760403/87604038850.7.jpg,1,모다니,17900,17900,모다니 현관 신발장 신발 정리대 정리함 보관함 정리 수납장 정리선반 슈즈렉 9.5cm,87604038850,생활/건강,100,수납/정리용품
2096,2026-06-01 16:14:14.760257,2026-06-01 16:14:14.760257,리빙공감,브랜드: 리빙공감 카테고리: 수납/정리용품,https://shopping-phinf.pstatic.net/main_8855602/88556024840.2.jpg,1,리빙 공감,8900,8900,적층형 칸막이 속옷정리함 양말보관함 속옷서랍장 브래지어 정리함 1칸,88556024840,생활/건강,100,수납/정리용품
2097,2026-06-01 16:14:15.142539,2026-06-01 16:14:15.142539,오뚜기,브랜드: 오뚜기 제조사: 오뚜기 카테고리: 빵/베이커리,https://shopping-phinf.pstatic.net/main_6025365/60253659584.20260531234559.jpg,1,네이버,2000,2000,오뚜기 LightJoy 당을줄인 쌀컵케이크 초코 1개,60253659584,식품,100,빵/베이커리
2098,2026-06-01 16:14:15.158192,2026-06-01 16:14:15.158192,말렌카,브랜드: 말렌카 제조사: 말렌카 카테고리: 빵/베이커리,https://shopping-phinf.pstatic.net/main_9021425/90214259729.jpg,1,MARLENKA,6500,6500,[슈퍼적립] 말렌카 꿀케이크 100g 2종 홈카페 디저트케익,90214259729,식품,100,빵/베이커리
2099,2026-06-01 16:14:15.174744,2026-06-01 16:14:15.174744,"",제조사: 신세계푸드 카테고리: 빵/베이커리,https://shopping-phinf.pstatic.net/main_5949061/59490611868.20260401141148.jpg,1,네이버,29070,29070,신세계푸드 조선호텔 넛츠 파이 1개,59490611868,식품,100,빵/베이커리
2100,2026-06-01 16:14:15.581012,2026-06-01 16:14:15.581012,켈로그,브랜드: 켈로그 카테고리: 스낵/과자,https://shopping-phinf.pstatic.net/main_5472286/54722860172.20250512141659.jpg,1,네이버,11400,11400,"켈로그 콘푸로스트 600g, 3개",54722860172,식품,100,스낵/과자
2101,2026-06-01 16:14:15.584455,2026-06-01 16:14:15.584455,콘푸라이트,브랜드: 콘푸라이트 제조사: 동서식품 카테고리: 스낵/과자,https://shopping-phinf.pstatic.net/main_5472296/54722962234.20250512142335.jpg,1,네이버,3220,3220,"동서식품 콘푸라이트 600g, 1개",54722962234,식품,100,스낵/과자
2102,2026-06-01 16:14:15.591632,2026-06-01 16:14:15.591632,소이조이,브랜드: 소이조이 제조사: 오츠카제약 카테고리: 스낵/과자,https://shopping-phinf.pstatic.net/main_9110307/91103075532.jpg,1,소이조이 공식몰,27200,27200,"소이조이 고단백질 고식이섬유 글루텐프리 8가지맛 버라이어티팩, 16개입, 1개",91103075532,식품,100,스낵/과자
2103,2026-06-01 16:14:15.594294,2026-06-01 16:14:15.594294,켈로그,브랜드: 켈로그 카테고리: 스낵/과자,https://shopping-phinf.pstatic.net/main_5474390/54743904305.20250513101922.jpg,1,네이버,12900,12900,"켈로그 프로틴 그래놀라 제로슈거 350g, 2개",54743904305,식품,100,스낵/과자
2104,2026-06-01 16:14:15.597985,2026-06-01 16:14:15.597985,샵뻥튀기,브랜드: 샵뻥튀기 카테고리: 스낵/과자,https://shopping-phinf.pstatic.net/main_9063944/90639441029.jpg,1,샵뻥튀기 다이어트당뇨환자,2590,2590,[샵뻥튀기] 찹쌀 누룽지 팝스낵 쌀 과자 건강 간식,90639441029,식품,100,스낵/과자
2105,2026-06-01 16:14:15.600109,2026-06-01 16:14:15.600109,"",카테고리: 스낵/과자,https://shopping-phinf.pstatic.net/main_9091402/90914026587.1.jpg,1,리마커블24,2900,2900,"두쫀쿠 두바이 쫀득쿠키 마시멜로우 카다이프 피스타치오 50g, 1개",90914026587,식품,100,스낵/과자
2106,2026-06-01 16:14:15.610151,2026-06-01 16:14:15.610151,"",카테고리: 스낵/과자,https://shopping-phinf.pstatic.net/main_8403373/84033735022.3.jpg,1,어몽더월넛,10000,10000,[어몽더월넛] 앙버터 호두과자 수제 간식 20개입 답례품,84033735022,식품,100,스낵/과자
2107,2026-06-01 16:14:16.031855,2026-06-01 16:14:16.031855,토레타,브랜드: 토레타 제조사: 코카콜라 카테고리: 음료,https://shopping-phinf.pstatic.net/main_5364741/53647415349.20250516115004.jpg,1,네이버,7260,7260,"코카콜라 토레타 제로 500ml, 24개",53647415349,식품,100,음료
2108,2026-06-01 16:14:16.036342,2026-06-01 16:14:16.036342,프렌치카페,브랜드: 프렌치카페 제조사: 남양유업 카테고리: 음료,https://shopping-phinf.pstatic.net/main_5985622/59856229437.20260430145809.jpg,1,네이버,20420,20420,"남양유업 프렌치카페 카페믹스 스테비아 10.3g, 100개입, 1개",59856229437,식품,100,음료
2109,2026-06-01 16:14:16.041963,2026-06-01 16:14:16.041963,스프라이트,브랜드: 스프라이트 제조사: 코카콜라 카테고리: 음료,https://shopping-phinf.pstatic.net/main_5378612/53786123972.20250812160406.jpg,1,네이버,12730,12730,"코카콜라 스프라이트  500ml, 24개",53786123972,식품,100,음료
2110,2026-06-01 16:14:16.04456,2026-06-01 16:14:16.04456,"",카테고리: 음료,https://shopping-phinf.pstatic.net/main_8631428/86314280529.1.jpg,1,귯걸,8800,8800,유기농 레몬즙 레몬물 레몬수 만들기 먹는법 효능 NFC 레몬 원액 착즙 레몬액 500ml,86314280529,식품,100,음료
2111,2026-06-01 16:14:16.046583,2026-06-01 16:14:16.046583,매일유업,브랜드: 매일유업 제조사: 매일유업 카테고리: 음료,https://shopping-phinf.pstatic.net/main_5192960/51929602668.20241213221854.jpg,1,네이버,17280,17280,"매일유업 매일야채 고농축 토마토의힘 125ml, 24개",51929602668,식품,100,음료
2112,2026-06-01 16:14:16.048083,2026-06-01 16:14:16.048083,루카스나인,브랜드: 루카스나인 제조사: 남양유업 카테고리: 음료,https://shopping-phinf.pstatic.net/main_5994325/59943250255.20260506150657.jpg,1,네이버,32700,32700,"남양유업 루카스나인 더블샷 라떼 14.9g, 50개입, 2개",59943250255,식품,100,음료
2113,2026-06-01 16:14:16.051213,2026-06-01 16:14:16.051213,일리,브랜드: 일리 제조사: 일리 카테고리: 음료,https://shopping-phinf.pstatic.net/main_8614191/86141913236.2.jpg,1,일리야,11600,11600,일리 캡슐 커피 클라시코 18캡슐 팩 외 37종,86141913236,식품,100,음료
2114,2026-06-01 16:14:16.053523,2026-06-01 16:14:16.053523,하이트진로,브랜드: 하이트진로 카테고리: 음료,https://shopping-phinf.pstatic.net/main_5945717/59457176266.20260330142213.jpg,1,네이버,19100,19100,"하이트진로 테라 제로 350ml, 24개",59457176266,식품,100,음료
2115,2026-06-01 16:14:16.056184,2026-06-01 16:14:16.056184,다크브릭스,브랜드: 다크브릭스 제조사: 다크브릭스 카테고리: 음료,https://shopping-phinf.pstatic.net/main_8053642/80536428248.14.jpg,1,다크브릭스,12900,12900,다크브릭스 원두커피 1kg 베트남 로부스타 당일로스팅 홀빈,80536428248,식품,100,음료
2116,2026-06-01 16:14:16.058759,2026-06-01 16:14:16.058759,네스프레소,브랜드: 네스프레소 제조사: 네스프레소 카테고리: 음료,https://shopping-phinf.pstatic.net/main_8946810/89468107840.6.jpg,1,커피콘테나,300,300,네스프레소 호환 캡슐 커피 베트남 DAK LAK,89468107840,식품,100,음료
2117,2026-06-01 16:14:16.060838,2026-06-01 16:14:16.060838,머거요,브랜드: 머거요 카테고리: 음료,https://shopping-phinf.pstatic.net/main_8855222/88552229633.1.jpg,1,머거요,25900,25900,4+1 머거요 유기농 레몬즙 100% NFC 착즙 레몬수 스틱 레몬주스 원액 대용량 15포 5박스,88552229633,식품,100,음료
2118,2026-06-01 16:14:16.063326,2026-06-01 16:14:16.063326,웰던커피,브랜드: 웰던커피 카테고리: 음료,https://shopping-phinf.pstatic.net/main_1243682/12436827414.8.jpg,1,웰던커피,5500,5500,[웰던커피] 더치커피 콜드브루 원액 500ml 브라질 NY2 FC 외 7종,12436827414,식품,100,음료
2119,2026-06-01 16:14:16.065112,2026-06-01 16:14:16.065112,맥심,브랜드: 맥심 제조사: 동서 카테고리: 음료,https://shopping-phinf.pstatic.net/main_5985681/59856812979.20260430161837.jpg,1,네이버,13130,13130,"동서 맥심 모카골드 마일드 블랙커피 0.9g, 100개입, 1개",59856812979,식품,100,음료
2120,2026-06-01 16:14:16.06683,2026-06-01 16:14:16.06683,티오피,브랜드: 티오피 제조사: 동서식품 카테고리: 음료,https://shopping-phinf.pstatic.net/main_5285749/52857497662.20250206172157.jpg,1,네이버,20540,20540,"동서식품 티오피 더블랙, 275ml, 24개",52857497662,식품,100,음료
2121,2026-06-01 16:14:16.068881,2026-06-01 16:14:16.068881,맥스웰하우스,브랜드: 맥스웰하우스 제조사: 동서식품 카테고리: 음료,https://shopping-phinf.pstatic.net/main_9088023/90880231531.1.jpg,1,플랜 88,56900,56900,"동서식품 맥스웰 하우스 자판기용 커피믹스 마일드 800g, 1개입, 10개",90880231531,식품,100,음료
2122,2026-06-01 16:14:16.071408,2026-06-01 16:14:16.071408,맥심,브랜드: 맥심 제조사: 동서식품 카테고리: 음료,https://shopping-phinf.pstatic.net/main_5994190/59941901363.20260506114101.jpg,1,네이버,41730,41730,"동서식품 맥심 모카골드 제로슈거 11.5g , 100개입, 2개",59941901363,식품,100,음료
2123,2026-06-01 16:14:16.076374,2026-06-01 16:14:16.076374,일리,브랜드: 일리 카테고리: 음료,https://shopping-phinf.pstatic.net/main_8588462/85884624309.8.jpg,1,일리야,5990,5990,네스프레소 호환 일리 클라시코 10캡슐 외 39종,85884624309,식품,100,음료
2124,2026-06-01 16:14:16.531306,2026-06-01 16:14:16.531306,아키클래식,브랜드: 아키클래식 제조사: 아키클래식 카테고리: 남성신발,https://shopping-phinf.pstatic.net/main_5817361/58173619466.20251217095849.jpg,1,네이버,109000,109000,아키클래식 발 편한 운동화 범퍼 프리락,58173619466,패션잡화,100,남성신발
2125,2026-06-01 16:14:16.542545,2026-06-01 16:14:16.542545,호카,브랜드: 호카 제조사: 호카 카테고리: 여성신발,https://shopping-phinf.pstatic.net/main_8950201/89502013860.jpg,1,호카,199000,199000,호카 여성 아라히 8 와이드 1168711-WWH,89502013860,패션잡화,100,여성신발
2126,2026-06-01 16:14:16.54527,2026-06-01 16:14:16.54527,아식스,브랜드: 아식스 제조사: 아식스 카테고리: 남성신발,https://shopping-phinf.pstatic.net/main_9070230/90702302593.1.jpg,1,앤조이재팬,226700,226700,아식스 슈퍼블라스트3 스탠다드 런닝화 카본 레이싱화 남녀공용 1013A177,90702302593,패션잡화,100,남성신발
2127,2026-06-01 16:14:16.850369,2026-06-01 16:14:16.850369,라온핏,브랜드: 라온핏 제조사: 킹카스포츠 카테고리: 요가/필라테스,https://shopping-phinf.pstatic.net/main_5248261/52482612968.28.jpg,1,쿠팡,10900,10900,라온핏 NBR 요가매트 라이트 10mm  퍼플  610 x 1800 x 10 mm  1개,52482612968,스포츠/레저,100,요가/필라테스
2128,2026-06-01 16:14:16.865225,2026-06-01 16:14:16.865225,"",카테고리: 요가/필라테스,https://shopping-phinf.pstatic.net/main_8897812/88978120531.jpg,1,BINBIN-STUDIO,41000,41000,NBR 두꺼운 요가매트 63mm 운동 요가,88978120531,스포츠/레저,100,요가/필라테스
2129,2026-06-01 16:14:16.867606,2026-06-01 16:14:16.867606,가네샤요가프랍스,브랜드: 가네샤요가프랍스 제조사: 엔씨엔스페이스 카테고리: 요가/필라테스,https://shopping-phinf.pstatic.net/main_8947274/89472741711.2.jpg,1,GANESHA,26900,26900,가네샤요가프랍스 가네샤 요가패드 4MM,89472741711,스포츠/레저,100,요가/필라테스
2130,2026-06-01 16:14:16.870126,2026-06-01 16:14:16.870126,TRATAC,브랜드: TRATAC 제조사: 나음케어 카테고리: 요가/필라테스,https://shopping-phinf.pstatic.net/main_5622636/56226361357.20250812155823.jpg,1,네이버,23400,23400,나음케어 TRATAC 리버서블 TPE 요가매트 6mm,56226361357,스포츠/레저,100,요가/필라테스
2131,2026-06-01 16:14:16.872452,2026-06-01 16:14:16.872452,이고진,브랜드: 이고진 제조사: 이고진 카테고리: 요가/필라테스,https://shopping-phinf.pstatic.net/main_5938679/59386791313.20260325142243.jpg,1,네이버,13700,13700,이고진 TPE 다용도 요가매트,59386791313,스포츠/레저,100,요가/필라테스
2132,2026-06-01 16:14:16.875454,2026-06-01 16:14:16.875454,밸런시스,브랜드: 밸런시스 제조사: 밸런시스 카테고리: 요가/필라테스,https://shopping-phinf.pstatic.net/main_8975509/89755090842.3.jpg,1,밸런시스  본사,59000,59000,밸런시스 NR8 PRO 프리미엄 요가매트 독일원료,89755090842,스포츠/레저,100,요가/필라테스
2133,2026-06-01 16:14:16.877209,2026-06-01 16:14:16.877209,라온핏,브랜드: 라온핏 제조사: 킹카스포츠 카테고리: 요가/필라테스,https://shopping-phinf.pstatic.net/main_9095195/90951951222.jpg,1,킹카스포츠,9900,9900,라온핏 요가매트 NBR 라이트 10mm 얇은매트 넓은매트 스트레칭매트,90951951222,스포츠/레저,100,요가/필라테스
2134,2026-06-01 16:14:17.29956,2026-06-01 16:14:17.29956,크리오로지,브랜드: 크리오로지 제조사: 크리오로지 카테고리: 보호용품,https://shopping-phinf.pstatic.net/main_1291593/12915930305.1.jpg,1,쿠스포츠,22000,22000,크리오로지 손목붕대 손목보호대 크로스핏 역도 헬스,12915930305,스포츠/레저,100,보호용품
2135,2026-06-01 16:14:17.305464,2026-06-01 16:14:17.305464,브메르,브랜드: 브메르 카테고리: 보호용품,https://shopping-phinf.pstatic.net/main_8747655/87476555893.5.jpg,1,일감생활 스토어,15900,15900,브메르 손목보호대 2P 얇은 TFCC 스트랩 헬스 운동,87476555893,스포츠/레저,100,보호용품
2136,2026-06-01 16:14:17.307387,2026-06-01 16:14:17.307387,반테린,브랜드: 반테린 제조사: 코와 카테고리: 보호용품,https://shopping-phinf.pstatic.net/main_4993015/49930156618.20240830114329.jpg,1,네이버,16760,16760,코와 반테린 서포터 손목 테이핑 보호대 스트랩 헬스 골프 의료용,49930156618,스포츠/레저,100,보호용품
2137,2026-06-01 16:14:17.311155,2026-06-01 16:14:17.311155,"",카테고리: 보호용품,https://shopping-phinf.pstatic.net/main_6024190/60241907426.20260530162450.jpg,1,네이버,10900,10900,3M 후투로 손목보호대 얇은 스트랩형 헬스 임산부 컴퓨터 손목아대,60241907426,스포츠/레저,100,보호용품
2139,2026-06-01 16:14:17.316858,2026-06-01 16:14:17.316858,베르사그립,브랜드: 베르사그립 제조사: 베르사그립 카테고리: 보호용품,https://shopping-phinf.pstatic.net/main_2488085/24880857534.1.jpg,1,운동중독자들,179800,179800,"베르사그립 XTREME[헬스그립,퀵그립,베르사,익스트림]",24880857534,스포츠/레저,100,보호용품
2140,2026-06-01 16:14:17.751861,2026-06-01 16:14:17.751861,에스트라,브랜드: 에스트라 카테고리: 스킨케어,https://shopping-phinf.pstatic.net/main_9110256/91102565541.jpg,1,에스트라,28050,28050,NEW [싱글] 에스트라 아토베리어365 하이드로수딩크림 80ml x 1개,91102565541,화장품/미용,100,스킨케어
2141,2026-06-01 16:14:17.759113,2026-06-01 16:14:17.759113,설화수,브랜드: 설화수 제조사: 아모레퍼시픽 카테고리: 스킨케어,https://shopping-phinf.pstatic.net/main_8306794/83067944416.53.jpg,1,레드밤,82900,82900,설화수 탄력크림 150ml 구성 피부 보습 영양 수분 케어 어머님 어머니 크림,83067944416,화장품/미용,100,스킨케어
2142,2026-06-01 16:14:17.76542,2026-06-01 16:14:17.76542,닥터지,브랜드: 닥터지 제조사: 한국콜마 카테고리: 스킨케어,https://shopping-phinf.pstatic.net/main_5192926/51929269409.20241213211246.jpg,1,네이버,17890,17890,"닥터지 더모이스처 배리어 D 멀티밤 50ml, 2개",51929269409,화장품/미용,100,스킨케어
2143,2026-06-01 16:14:17.767363,2026-06-01 16:14:17.767363,피븐,브랜드: 피븐 카테고리: 스킨케어,https://shopping-phinf.pstatic.net/main_8685211/86852116247.8.jpg,1,피븐,38800,38800,피븐 펩타 병풀 시카 크림 민감해진 피븐 흔적 관리 재생 레이저 시술 후 점뺀 후 펩타이드,86852116247,화장품/미용,100,스킨케어
2144,2026-06-01 16:14:17.769913,2026-06-01 16:14:17.769913,브링그린,브랜드: 브링그린 제조사: 한국콜마 카테고리: 스킨케어,https://shopping-phinf.pstatic.net/main_5192954/51929541858.20241213221217.jpg,1,네이버,17300,17300,"브링그린 티트리 시카 수딩 크림 플러스 100ml, 2개",51929541858,화장품/미용,100,스킨케어
2145,2026-06-01 16:14:17.772105,2026-06-01 16:14:17.772105,"",카테고리: 스킨케어,https://shopping-phinf.pstatic.net/main_8782496/87824960688.4.jpg,1,Inth Shop,19800,19800,데시카 등드름 연고 전용 크림 가드름 몸드름 흉터,87824960688,화장품/미용,100,스킨케어
2146,2026-06-01 16:14:17.775167,2026-06-01 16:14:17.775167,메디필,브랜드: 메디필 제조사: 아주화장품 카테고리: 스킨케어,https://shopping-phinf.pstatic.net/main_5723165/57231654488.20251015084430.jpg,1,네이버,5000,5000,"메디필 멜라논엑스 기미크림 30ml, 1개",57231654488,화장품/미용,100,스킨케어
2147,2026-06-01 16:14:17.777003,2026-06-01 16:14:17.777003,가히,브랜드: 가히 제조사: 코스맥스 카테고리: 스킨케어,https://shopping-phinf.pstatic.net/main_8319440/83194409393.67.jpg,1,뷰티FLEX,15900,15900,가히 멀티밤 주름케어 스틱 바르는 뷰티,83194409393,화장품/미용,100,스킨케어
2148,2026-06-01 16:14:17.77884,2026-06-01 16:14:17.77884,셀리맥스,브랜드: 셀리맥스 제조사: 한국콜마 카테고리: 스킨케어,https://shopping-phinf.pstatic.net/main_5460945/54609459236.20250507173916.jpg,1,네이버,15900,15900,"셀리맥스 브라이트닝 모공잡티 크림 35ml, 1개",54609459236,화장품/미용,100,스킨케어
2149,2026-06-01 16:14:17.780825,2026-06-01 16:14:17.780825,이니스프리,브랜드: 이니스프리 제조사: 코스비전 카테고리: 스킨케어,https://shopping-phinf.pstatic.net/main_5192929/51929291410.20241213211716.jpg,1,네이버,29220,29220,"이니스프리 그린티 씨드 히알루론산 크림 50ml, 2개",51929291410,화장품/미용,100,스킨케어
2150,2026-06-01 16:14:17.783896,2026-06-01 16:14:17.783896,아누아,브랜드: 아누아 제조사: 코스맥스 카테고리: 스킨케어,https://shopping-phinf.pstatic.net/main_5702450/57024501012.20251001165742.jpg,1,네이버,25990,25990,"아누아 피디알엔 히알루로닉 애시드 100 모이스처라이징 크림 60ml, 2개",57024501012,화장품/미용,100,스킨케어
2151,2026-06-01 16:14:18.230028,2026-06-01 16:14:18.230028,무드매처,브랜드: 무드매처 제조사: 뷰티솔루션 카테고리: 색조메이크업,https://shopping-phinf.pstatic.net/main_8259048/82590482314.13.jpg,1,미스코스몰,25800,25800,[공식수입원] NEW 무드매쳐 반전립스틱 2종,82590482314,화장품/미용,100,색조메이크업
2152,2026-06-01 16:14:18.233129,2026-06-01 16:14:18.233129,맥,브랜드: 맥 제조사: 맥 카테고리: 색조메이크업,https://shopping-phinf.pstatic.net/main_8749362/87493629414.61.jpg,1,맥 공식스토어,39000,39000,맥 맥시멀 실키 매트 립스틱 3.5g,87493629414,화장품/미용,100,색조메이크업
2153,2026-06-01 16:14:18.237904,2026-06-01 16:14:18.237904,무드매처,브랜드: 무드매처 카테고리: 색조메이크업,https://shopping-phinf.pstatic.net/main_5868510/58685104637.3.jpg,1,11번가,11280,11280,(무드매쳐) 반전 컬러 립스틱 11종 (컬러 선택),58685104637,화장품/미용,100,색조메이크업
2154,2026-06-01 16:14:18.239648,2026-06-01 16:14:18.239648,맥,브랜드: 맥 제조사: 맥 카테고리: 색조메이크업,https://shopping-phinf.pstatic.net/main_9074382/90743825877.jpg,1,엔리비,29800,29800,[백화점제품] 맥 맥시멀 실키 매트 립스틱 3.5g 666 스윗 딜,90743825877,화장품/미용,100,색조메이크업
2155,2026-06-01 16:14:18.243031,2026-06-01 16:14:18.243031,바비브라운,브랜드: 바비브라운 제조사: 바비브라운 카테고리: 색조메이크업,https://shopping-phinf.pstatic.net/main_5938659/59386596848.20260325141831.jpg,1,네이버,29760,29760,바비브라운 크러쉬드 립 칼라 3.4g 1개,59386596848,화장품/미용,100,색조메이크업
2156,2026-06-01 16:14:18.609099,2026-06-01 16:14:18.609099,니베아,브랜드: 니베아 제조사: 바이어스도르프 카테고리: 선케어,https://shopping-phinf.pstatic.net/main_5192901/51929017652.20241213202311.jpg,1,네이버,14840,14840,"니베아 프로텍트 앤 라이트 필 퍼펙트 선 세럼 90ml(SPF50+), 2개",51929017652,화장품/미용,100,선케어
2157,2026-06-01 16:14:18.610826,2026-06-01 16:14:18.610826,홀리카홀리카,브랜드: 홀리카홀리카 제조사: 엔프라니 카테고리: 선케어,https://shopping-phinf.pstatic.net/main_5598682/55986824984.20250728155022.jpg,1,네이버,20000,20000,"홀리카홀리카 알로에 시카 워터프루프 선크림 70ml(SPF50+), 2개",55986824984,화장품/미용,100,선케어
2158,2026-06-01 16:14:18.612327,2026-06-01 16:14:18.612327,"",카테고리: 선케어,https://shopping-phinf.pstatic.net/main_8770791/87707911314.12.jpg,1,뷰티스토어랜드,25000,25000,헤라 유브이 프로텍터 톤업 선크림 50ml (SPF50+) NEW 피치 톤업 크림,87707911314,화장품/미용,100,선케어
2159,2026-06-01 16:14:18.620894,2026-06-01 16:14:18.620894,닥터지,브랜드: 닥터지 카테고리: 선케어,https://shopping-phinf.pstatic.net/main_8770563/87705632777.1.jpg,1,jbmall,24700,24700,닥터지 브라이트닝 업 선 플러스 100ml 보송 톤업 선크림,87705632777,화장품/미용,100,선케어
2160,2026-06-01 16:14:18.623055,2026-06-01 16:14:18.623055,헤라,브랜드: 헤라 제조사: 아모레퍼시픽 카테고리: 선케어,https://shopping-phinf.pstatic.net/main_8707075/87070754451.3.jpg,1,러브쇼핑,25000,25000,NEW헤라UV 유브이 프로텍터 톤업50ML(본품) SPF50+,87070754451,화장품/미용,100,선케어
2162,2026-06-01 16:14:18.626684,2026-06-02 16:11:36.945398,비오레,브랜드: 비오레 카테고리: 선케어,https://shopping-phinf.pstatic.net/main_5945072/59450725264.7.jpg,1,쿠팡,16260,16260,[국내배송] 일본직수입-비오레 UV 아쿠아리치 워터리 에센스 선크림 50+  70g  1개,59450725264,화장품/미용,98,선케어
2088,2026-06-01 16:14:13.737851,2026-06-01 23:55:36.787159,비브르,브랜드: 비브르 제조사: 비브르 카테고리: 청소기,https://shopping-phinf.pstatic.net/main_5410929/54109290915.20260106143618.jpg,1,네이버,45950,45950,비브르 썬더 V16 블랙,54109290915,디지털/가전,99,청소기
2161,2026-06-01 16:14:18.625016,2026-06-02 00:04:51.857023,헤라,브랜드: 헤라 제조사: 아모레퍼시픽 카테고리: 선케어,https://shopping-phinf.pstatic.net/main_5192927/51929276082.20241213210817.jpg,1,네이버,27360,27360,"헤라 UV 프로텍터 익스트림 포스 레포츠 70ml(SPF50+), 1개",51929276082,화장품/미용,100,선케어
2163,2026-06-01 16:14:18.629536,2026-06-02 10:59:11.3628,제나벨,브랜드: 제나벨 제조사: 인타글리오 카테고리: 선케어,https://shopping-phinf.pstatic.net/main_5192931/51929311888.20241213211420.jpg,1,네이버,33500,33500,"제나벨 레이저 수딩 선스크린 70ml(SPF50+), 1개",51929311888,화장품/미용,100,선케어
2164,2026-06-02 16:03:34.937856,2026-06-02 16:03:34.937856,지오다노,브랜드: 지오다노 제조사: 지오다노 카테고리: 여성의류,https://shopping-phinf.pstatic.net/main_6023186/60231864832.20260529192733.jpg,1,네이버,10620,10620,지오다노 티셔츠 여자 브이넥 반팔 이너,60231864832,패션의류,100,여성의류
2165,2026-06-02 16:03:34.97004,2026-06-02 16:03:34.97004,"",카테고리: 여성의류,https://shopping-phinf.pstatic.net/main_8437256/84372563919.3.jpg,1,yoonshop,7900,7900,크롭티 레이스 모달 끈나시 브라탑 백리스 캡나시 튜브탑 이너,84372563919,패션의류,100,여성의류
2166,2026-06-02 16:03:34.976473,2026-06-02 16:03:34.976473,폴햄,브랜드: 폴햄 제조사: 에이션패션 카테고리: 여성의류,https://shopping-phinf.pstatic.net/main_5957719/59577199681.20260408010052.jpg,1,네이버,15670,15670,폴햄 쿨코튼 그래픽 기본핏 반팔티 PHG2TS2610,59577199681,패션의류,100,여성의류
2167,2026-06-02 16:03:34.985309,2026-06-02 16:03:34.985309,꼼데가르송,브랜드: 꼼데가르송 제조사: 꼼데가르송 카테고리: 여성의류,https://shopping-phinf.pstatic.net/main_8300341/83003412764.10.jpg,1,동쿄모찌,88500,88500,(국내당일발송) 꼼데가르송 반팔티 티셔츠 기본와펜 미니와펜 남자 여자,83003412764,패션의류,100,여성의류
2168,2026-06-02 16:03:34.989046,2026-06-02 16:03:34.989046,LBL,브랜드: LBL 카테고리: 여성의류,https://shopping-phinf.pstatic.net/main_5972625/59726254416.20260420235442.jpg,1,네이버,59410,59410,LBL 호주코튼100 뷔스티에 티셔츠 2종,59726254416,패션의류,100,여성의류
2169,2026-06-02 16:03:35.443839,2026-06-02 16:03:35.443839,스파오,브랜드: 스파오 제조사: 이랜드 카테고리: 여성의류,https://shopping-phinf.pstatic.net/main_5953764/59537645936.20260404220346.jpg,1,네이버,44910,44910,스파오 COOL 부츠컷 진,59537645936,패션의류,100,여성의류
2170,2026-06-02 16:03:35.448592,2026-06-02 16:03:35.448592,탑텐,브랜드: 탑텐 제조사: 탑텐 카테고리: 여성의류,https://shopping-phinf.pstatic.net/main_5362825/53628253380.20250403102348.jpg,1,네이버,10710,10710,탑텐 COOL 밴딩 베이커 데님 쇼츠 MSF2DH2903,53628253380,패션의류,100,여성의류
2171,2026-06-02 16:03:35.458855,2026-06-02 16:03:35.458855,스파오,브랜드: 스파오 제조사: 이랜드 카테고리: 여성의류,https://shopping-phinf.pstatic.net/main_5706748/57067486191.20251002184834.jpg,1,네이버,35910,35910,스파오 데님 버뮤다 쇼츠,57067486191,패션의류,100,여성의류
2172,2026-06-02 16:03:35.465934,2026-06-02 16:03:35.465934,리바이스,브랜드: 리바이스 제조사: 리바이스 카테고리: 남성의류,https://shopping-phinf.pstatic.net/main_6018928/60189284513.20260526151200.jpg,1,네이버,59000,59000,리바이스 502 테이퍼 라이트웨이트 데님 진 29507-1637,60189284513,패션의류,100,남성의류
2173,2026-06-02 16:03:35.468932,2026-06-02 16:03:35.468932,"",카테고리: 여성의류,https://shopping-phinf.pstatic.net/main_5903179/59031794600.20260224185734.jpg,1,네이버,78210,78210,블루핏 원턱 와이드 데님 3종,59031794600,패션의류,100,여성의류
2174,2026-06-02 16:03:35.471928,2026-06-02 16:03:35.471928,몽돌,브랜드: 몽돌 제조사: 몽돌 카테고리: 여성의류,https://shopping-phinf.pstatic.net/main_5515432/55154327454.20250607111525.jpg,1,네이버,38040,38040,몽돌 데님 스트레이트 팬츠 MDPT054,55154327454,패션의류,100,여성의류
2175,2026-06-02 16:03:35.476326,2026-06-02 16:03:35.476326,HotCode,브랜드: HotCode 카테고리: 남성의류,https://shopping-phinf.pstatic.net/main_8620310/86203103130.2.jpg,1,핫코드,23800,23800,남자 여름 청바지 와이드 테이퍼드 쿨 스판 진청 블랙 연청 빅사이즈,86203103130,패션의류,100,남성의류
2176,2026-06-02 16:03:35.479126,2026-06-02 16:03:35.479126,게스,브랜드: 게스 제조사: 게스 카테고리: 여성의류,https://shopping-phinf.pstatic.net/main_5977686/59776867558.20260423235907.jpg,1,네이버,60720,60720,게스 데님 반바지,59776867558,패션의류,100,여성의류
2177,2026-06-02 16:03:35.481236,2026-06-02 16:03:35.481236,리바이스,브랜드: 리바이스 제조사: 리바이스 카테고리: 남성의류,https://shopping-phinf.pstatic.net/main_5886802/58868021450.20260210024901.jpg,1,네이버,128290,128290,리바이스 파이브 포켓 미드라이즈 스트레이트 진 0057U0009,58868021450,패션의류,100,남성의류
2178,2026-06-02 16:03:35.484475,2026-06-02 16:03:35.484475,게스,브랜드: 게스 제조사: 게스 카테고리: 남성의류,https://shopping-phinf.pstatic.net/main_5926968/59269688237.20260316033726.jpg,1,네이버,55410,55410,게스 저온스 L톤 스트레이트 청바지 mq2d9032,59269688237,패션의류,100,남성의류
2179,2026-06-02 16:03:35.487509,2026-06-02 16:03:35.487509,게스,브랜드: 게스 제조사: 게스 카테고리: 남성의류,https://shopping-phinf.pstatic.net/main_5926946/59269464991.20260316012500.jpg,1,네이버,53960,53960,게스 저온스 M톤 세미 와이드 청바지 mq2d9143,59269464991,패션의류,100,남성의류
2180,2026-06-02 16:03:35.821092,2026-06-02 16:03:35.821092,SOUP,브랜드: SOUP 제조사: 숲 카테고리: 여성의류,https://shopping-phinf.pstatic.net/main_5960752/59607521509.20260409231720.jpg,1,네이버,30000,30000,SOUP 셔츠형 롱 턱 벨티드 원피스 SC5OP91,59607521509,패션의류,100,여성의류
2182,2026-06-02 16:03:35.831153,2026-06-02 16:03:35.831153,"",카테고리: 여성의류,https://shopping-phinf.pstatic.net/main_8609178/86091781640.jpg,1,포쉬엠,29920,29920,[반팔버젼3color ] 벨트SET 카라 셔츠 핀턱 플리츠 주름 플레어 롱원피스,86091781640,패션의류,100,여성의류
2183,2026-06-02 16:03:35.834998,2026-06-02 16:03:35.834998,마리끌레르,브랜드: 마리끌레르 제조사: 마리끌레르 카테고리: 여성의류,https://shopping-phinf.pstatic.net/main_5897332/58973327490.20260520111627.jpg,1,네이버,44000,44000,마리끌레르 레이스 라운드넥 반팔 원피스 MAGBOP10M,58973327490,패션의류,100,여성의류
2185,2026-06-02 16:03:35.841152,2026-06-02 16:03:35.841152,"",카테고리: 여성의류,https://shopping-phinf.pstatic.net/main_8253101/82531013066.jpg,1,코이블리,23900,23900,캐주얼 플레어 A라인 반팔 맥시 롱 원피스 블랙 여성 여름 원피스 데일리룩 휴양지 바캉스룩,82531013066,패션의류,100,여성의류
2187,2026-06-02 16:03:35.851322,2026-06-02 16:03:35.851322,"",카테고리: 여성의류,https://shopping-phinf.pstatic.net/main_8425340/84253408044.5.jpg,1,베니맘스,48600,48600,바스락원피스 핀턱셔츠원피스 맘룩,84253408044,패션의류,100,여성의류
2188,2026-06-02 16:03:36.138304,2026-06-02 16:03:36.138304,LG그램,브랜드: LG그램 제조사: LG전자 카테고리: 노트북,https://shopping-phinf.pstatic.net/main_5848818/58488180630.20260113150711.jpg,1,네이버,2047890,2047890,"LG전자 LG그램 노트북 14ZD95U-GX59K RAM 32GB, 256GB",58488180630,디지털/가전,100,노트북
2189,2026-06-02 16:03:36.154633,2026-06-02 16:03:36.154633,갤럭시북6 프로,브랜드: 갤럭시북6 프로 제조사: 삼성전자 카테고리: 노트북,https://shopping-phinf.pstatic.net/main_5876660/58766600963.20260406185154.jpg,1,네이버,3655000,3655000,"삼성전자 갤럭시북6 프로 NT960XJG-K72A RAM 32GB, 256GB",58766600963,디지털/가전,100,노트북
2190,2026-06-02 16:03:36.173641,2026-06-02 16:03:36.173641,LG그램,브랜드: LG그램 제조사: LG전자 카테고리: 노트북,https://shopping-phinf.pstatic.net/main_5526734/55267346105.20250612120654.jpg,1,네이버,1576970,1576970,"LG전자 LG그램 노트북 16ZD90RU-GX54K RAM 16GB, 512GB",55267346105,디지털/가전,100,노트북
2191,2026-06-02 16:03:36.183649,2026-06-02 16:03:36.183649,삼성,브랜드: 삼성 제조사: 삼성전자 카테고리: 노트북,https://shopping-phinf.pstatic.net/main_9084091/90840917755.1.jpg,1,삼성온라인스토어 유니씨앤씨,1885000,1885000,삼성 갤럭시북6 NT740 14형 U5 윈도우11 휴대성 좋고 가벼운 강의용 업무용 AI 노트북,90840917755,디지털/가전,100,노트북
2192,2026-06-02 16:03:36.186293,2026-06-02 16:03:36.186293,LG그램,브랜드: LG그램 제조사: LG전자 카테고리: 노트북,https://shopping-phinf.pstatic.net/main_9068082/90680828823.jpg,1,LG PC파트너 해오름,2048000,2048000,LG그램 14ZD95U-GX59K RAM 32GB 256GB AI 신제품 AMD R5 에센스 실버 노트북,90680828823,디지털/가전,100,노트북
2194,2026-06-02 16:03:36.193452,2026-06-02 16:03:36.193452,LG그램,브랜드: LG그램 제조사: LG전자 카테고리: 노트북,https://shopping-phinf.pstatic.net/main_9051286/90512862681.5.jpg,1,LG전자인증점 베스트CNF,1960000,1960000,[141만+상품권] 2026 LG그램 15 15ZD90U-GX56K 인텔 코어 Ultra5 팬서레이크 4Xe 16GB 256GB AI 대학생 인강 과제용 가벼운 고성능 노트북,90512862681,디지털/가전,100,노트북
2195,2026-06-02 16:03:36.195904,2026-06-02 16:03:36.195904,갤럭시북4 프로,브랜드: 갤럭시북4 프로 제조사: 삼성전자 카테고리: 노트북,https://shopping-phinf.pstatic.net/main_8722136/87221366339.16.jpg,1,삼성공식파트너 엔씨디지텍,1899000,1899000,[혜택가 161만+포토리뷰 한컴] 삼성전자 갤럭시북4 프로 NT940XGQ-A51A 울트라5 16GB 가벼운 대학생 노트북,87221366339,디지털/가전,100,노트북
2196,2026-06-02 16:03:36.198938,2026-06-02 16:03:36.198938,레노버,브랜드: 레노버 제조사: 레노버 카테고리: 노트북,https://shopping-phinf.pstatic.net/main_8804328/88043280474.3.jpg,1,스피드썬,879000,879000,2026년 레노버노트북 V15 고성능 사무용 가성비 노트북 인텔코어i5 16G램 DDR5,88043280474,디지털/가전,100,노트북
2197,2026-06-02 16:03:36.20181,2026-06-02 16:03:36.20181,갤럭시북6 프로,브랜드: 갤럭시북6 프로 제조사: 삼성전자 카테고리: 노트북,https://shopping-phinf.pstatic.net/main_6009765/60097656497.20260519145937.jpg,1,네이버,3229000,3229000,"삼성전자 갤럭시북6 프로 NT960XJG-K51A 16GB, 512GB",60097656497,디지털/가전,100,노트북
2198,2026-06-02 16:03:36.538886,2026-06-02 16:03:36.538886,Apple,브랜드: Apple 제조사: Apple 카테고리: 휴대폰,https://shopping-phinf.pstatic.net/main_8992438/89924385179.2.jpg,1,애플 공식 브랜드스토어,1264200,1264200,애플 아이폰 17 자급제 256GB,89924385179,디지털/가전,100,휴대폰
2199,2026-06-02 16:03:36.552883,2026-06-02 16:03:36.552883,"",카테고리: 휴대폰,https://shopping-phinf.pstatic.net/main_5529296/55292968180.jpg,1,쿠팡,1090000,1090000,Apple 정품 아이폰 15 자급제,55292968180,디지털/가전,100,휴대폰
2200,2026-06-02 16:03:36.554878,2026-06-02 16:03:36.554878,삼성,브랜드: 삼성 제조사: 삼성전자 카테고리: 휴대폰,https://shopping-phinf.pstatic.net/main_8997371/89973714988.10.jpg,1,콩콩굿몰,17000,17000,삼성 공신폰 실시간 위치확인 공부폰 키즈 학생 수험생 우등생폰 데이터완벽차단,89973714988,디지털/가전,100,휴대폰
2186,2026-06-02 16:03:35.845997,2026-06-04 14:11:44.545566,라코스테,브랜드: 라코스테 제조사: 라코스테 카테고리: 여성의류,https://shopping-phinf.pstatic.net/main_5459373/54593738257.20250731093731.jpg,1,네이버,116840,116840,라코스테 에센셜 핏 앤 플레어 티셔츠 드레스 EF9988 55G 미디,54593738257,패션의류,99,여성의류
2181,2026-06-02 16:03:35.826565,2026-06-07 01:04:58.564098,지컷,브랜드: 지컷 제조사: 신세계인터내셔날 카테고리: 여성의류,https://shopping-phinf.pstatic.net/main_6017852/60178526515.20260525124807.jpg,1,네이버,65700,65700,지컷 웨이스트 사이드 버튼 원피스 7255237107,60178526515,패션의류,99,여성의류
2193,2026-06-02 16:03:36.191001,2026-06-07 01:46:22.205659,Apple,브랜드: Apple 제조사: Apple 카테고리: 노트북,https://shopping-phinf.pstatic.net/main_5914235/59142358543.20260305165128.jpg,1,네이버,3225540,3225540,"Apple 맥북 프로 14 2026년 M5 Pro CPU 15코어/ GPU 16코어 RAM 24GB, 1TB",59142358543,디지털/가전,99,노트북
2201,2026-06-02 16:03:36.560298,2026-06-02 16:03:36.560298,갤럭시,브랜드: 갤럭시 제조사: 삼성전자 카테고리: 휴대폰,https://shopping-phinf.pstatic.net/main_9091005/90910051301.jpg,1,스페이스Market,1129000,1129000,삼성 갤럭시 Z플립7 256GB 자급제 시세,90910051301,디지털/가전,100,휴대폰
2202,2026-06-02 16:03:36.563819,2026-06-02 16:03:36.563819,Apple,브랜드: Apple 제조사: Apple 카테고리: 휴대폰,https://shopping-phinf.pstatic.net/main_9030507/90305072272.jpg,1,모바일 익스프레스,490000,490000,아이폰 17 256GB Apple 미개봉 새상품,90305072272,디지털/가전,100,휴대폰
2203,2026-06-02 16:03:36.566121,2026-06-02 16:03:36.566121,스카이,브랜드: 스카이 제조사: 팬택 카테고리: 휴대폰,https://shopping-phinf.pstatic.net/main_8871132/88711326310.jpg,1,알뜰폰월드,9500,9500,스카이 팬택폴더2 공신폰 학생폰 공부 수능 수험생,88711326310,디지털/가전,100,휴대폰
2204,2026-06-02 16:03:36.570354,2026-06-02 16:03:36.570354,삼성,브랜드: 삼성 제조사: 삼성전자 카테고리: 휴대폰,https://shopping-phinf.pstatic.net/main_9008947/90089476308.jpg,1,휴대폰면세점,839000,839000,삼성 갤럭시 S25 엣지 512G 미개봉 새상품,90089476308,디지털/가전,100,휴대폰
2205,2026-06-02 16:03:36.908532,2026-06-02 16:03:36.908532,베이스어스,브랜드: 베이스어스 제조사: 베이스어스 카테고리: 음향가전,https://shopping-phinf.pstatic.net/main_5848654/58486548955.20260123094007.jpg,1,네이버,63220,63220,베이스어스 MC1 PRO 무선 블루투스 오픈형 이어폰,58486548955,디지털/가전,100,음향가전
2206,2026-06-02 16:03:37.242062,2026-06-02 16:03:37.242062,아이닉,브랜드: 아이닉 제조사: 아이닉 카테고리: 청소기,https://shopping-phinf.pstatic.net/main_5853754/58537544966.20260220135533.jpg,1,네이버,399000,399000,"아이닉 i90 MAX ZERO 화이트, 단품",58537544966,디지털/가전,100,청소기
2210,2026-06-02 16:03:37.570955,2026-06-02 16:03:37.570955,"",제조사: 이지필림 카테고리: 주방용품,https://shopping-phinf.pstatic.net/main_5953770/59537708217.20260404225507.jpg,1,네이버,8800,8800,이지필림 히트락 올트라이탄 밀폐용기,59537708217,생활/건강,100,주방용품
2212,2026-06-02 16:03:37.57991,2026-06-02 16:03:37.57991,"",카테고리: 주방용품,https://shopping-phinf.pstatic.net/main_8720716/87207169829.5.jpg,1,치포마켓,49000,49000,스탠리 텀블러 887ml 퀜처 H2.0 플로우스테이트 대용량 손잡이 빨대 텀블러,87207169829,생활/건강,100,주방용품
2213,2026-06-02 16:03:37.58484,2026-06-02 16:03:37.58484,플렌티,브랜드: 플렌티 카테고리: 주방용품,https://shopping-phinf.pstatic.net/main_8221393/82213931673.3.jpg,1,무지개컨테이너,400,400,이지 극세사 행주 손걸레 s 청소용 주방 청소 경편 바둑이 걸레 매직 타올 카페,82213931673,생활/건강,100,주방용품
2214,2026-06-02 16:03:37.587236,2026-06-02 16:03:37.587236,WITH YOU,브랜드: WITH YOU 카테고리: 주방용품,https://shopping-phinf.pstatic.net/main_8678328/86783281846.2.jpg,1,네고존01,8700,8700,니트릴장갑 두꺼운 6.2g 퍼펙트 블랙 100매 검정 세차용 정비용 주방 셰프 고무장갑,86783281846,생활/건강,100,주방용품
2215,2026-06-02 16:03:37.590102,2026-06-02 16:03:37.590102,써모스,브랜드: 써모스 제조사: 써모스 카테고리: 주방용품,https://shopping-phinf.pstatic.net/main_5921541/59215410271.20260311111637.jpg,1,네이버,38500,38500,써모스 마이 디자인 보틀 스트랩 원터치 타입 시즌2 JOI-351K 350ml,59215410271,생활/건강,100,주방용품
2216,2026-06-02 16:03:38.047107,2026-06-02 16:03:38.047107,슈랙,브랜드: 슈랙 제조사: 정한테크 카테고리: 수납/정리용품,https://shopping-phinf.pstatic.net/main_8211188/82111883766.10.jpg,1,서연앵글,60900,60900,슈랙 철제선반 조립식 앵글 펜트리 베란다 선반 렉 무볼트 창고 경량랙 400300900 4단,82111883766,생활/건강,100,수납/정리용품
2218,2026-06-02 16:03:38.470099,2026-06-02 16:03:38.470099,스페로스페라,브랜드: 스페로스페라 카테고리: 빵/베이커리,https://shopping-phinf.pstatic.net/main_8000572/80005727576.7.jpg,1,SPERO SPERA,32900,32900,[스페로스페라] 호불호 없는 베스트셀러 시그니처 밀크 크레이프 케이크,80005727576,식품,100,빵/베이커리
2219,2026-06-02 16:03:38.477388,2026-06-02 16:03:38.477388,델포유,브랜드: 델포유 카테고리: 빵/베이커리,https://shopping-phinf.pstatic.net/main_8365895/83658953800.8.jpg,1,델포유 Delforu,10500,10500,[델포유]오븐에 구운 십센치 파운드 5종 총 15개입,83658953800,식품,100,빵/베이커리
2220,2026-06-02 16:03:38.485613,2026-06-02 16:03:38.485613,끼리,브랜드: 끼리 제조사: 참조은에스에프 카테고리: 빵/베이커리,https://shopping-phinf.pstatic.net/main_4228526/42285269577.20260316173517.jpg,1,네이버,29190,29190,참조은에스에프 끼리 리얼스틱 치즈케익 3종세트,42285269577,식품,100,빵/베이커리
2221,2026-06-02 16:03:38.489361,2026-06-02 16:03:38.489361,"",카테고리: 빵/베이커리,https://shopping-phinf.pstatic.net/main_8264290/82642901525.1.jpg,1,수원영동시장 장예원,2700,2700,촉촉하고 부드러운 3단컷팅 슬라이스 케이크시트 미니 1호 2호 3호 미나리빵집,82642901525,식품,100,빵/베이커리
2222,2026-06-02 16:03:38.795797,2026-06-02 16:03:38.795797,농심,브랜드: 농심 제조사: 농심 카테고리: 스낵/과자,https://shopping-phinf.pstatic.net/main_5989945/59899455186.20260504025246.jpg,1,네이버,9900,9900,농심 누룽지 팝 바삭바삭 달콤한 맛 4개,59899455186,식품,100,스낵/과자
2223,2026-06-02 16:03:38.801728,2026-06-02 16:03:38.801728,롯데웰푸드,브랜드: 롯데웰푸드 제조사: 롯데웰푸드 카테고리: 스낵/과자,https://shopping-phinf.pstatic.net/main_5341126/53411269681.20260113110127.jpg,1,네이버,890,890,"롯데웰푸드 칸쵸 , 54g, 1개",53411269681,식품,100,스낵/과자
2224,2026-06-02 16:03:38.806958,2026-06-02 16:03:38.806958,"",카테고리: 스낵/과자,https://shopping-phinf.pstatic.net/main_8704460/87044606194.5.jpg,1,코리아푸드몰,9980,9980,추억의 먹거리 뻥튀기 백옥콘 강냉이 마카로니,87044606194,식품,100,스낵/과자
2211,2026-06-02 16:03:37.575484,2026-06-07 01:04:58.560097,"",카테고리: 주방용품,https://shopping-phinf.pstatic.net/main_8998803/89988033561.jpg,1,슬기로운쇼핑몰,8980,8980,슬기로운 종이컵 무형광 천연펄프 튼튼한 대용량 정수기컵 1000개,89988033561,생활/건강,98,주방용품
2207,2026-06-02 16:03:37.244445,2026-06-06 17:17:59.760372,디베아,브랜드: 디베아 제조사: 디베아 카테고리: 청소기,https://shopping-phinf.pstatic.net/main_5392010/53920107193.20250402161336.jpg,1,네이버,199000,199000,"디베아 ALLNEW22000+ 스노우 화이트, 단품",53920107193,디지털/가전,92,청소기
2217,2026-06-02 16:03:38.050736,2026-06-09 15:09:41.224394,"",카테고리: 수납/정리용품,https://shopping-phinf.pstatic.net/main_8566835/85668359245.3.jpg,1,꿀템선별소,980,980,신발정리대 신발장 신발 수납장 정리 슈즈랙 정리함 보관함 일반형,85668359245,생활/건강,99,수납/정리용품
2225,2026-06-02 16:03:39.255982,2026-06-02 16:03:39.255982,나랑드사이다,브랜드: 나랑드사이다 제조사: 동아오츠카 카테고리: 음료,https://shopping-phinf.pstatic.net/main_6027425/60274253252.20260602093539.jpg,1,네이버,11800,11800,"동아오츠카 나랑드사이다 제로 , 345ml, 15개",60274253252,식품,100,음료
2226,2026-06-02 16:03:39.279167,2026-06-02 16:03:39.279167,갈아만든배,브랜드: 갈아만든배 제조사: 해태에이치티비 카테고리: 음료,https://shopping-phinf.pstatic.net/main_5628680/56286802968.20250815170857.jpg,1,네이버,11580,11580,"해태에이치티비 갈아만든배 갈아만든 배, 340ml, 24개",56286802968,식품,100,음료
2227,2026-06-02 16:03:39.282182,2026-06-02 16:03:39.282182,"",카테고리: 음료,https://shopping-phinf.pstatic.net/main_8247247/82472477667.12.jpg,1,콩물제작소,18000,18000,콩물제작소 맛있게 진한 국산서리태 콩물 900ml2병 콩국 콩국물,82472477667,식품,100,음료
2228,2026-06-02 16:03:39.286006,2026-06-02 16:03:39.286006,스타벅스,브랜드: 스타벅스 카테고리: 음료,https://shopping-phinf.pstatic.net/main_5368375/53683754998.20250321103635.jpg,1,네이버,38900,38900,"스타벅스 브렉퍼스트 블렌드 미디엄 로스트 홀빈 , 1.13kg, 1개",53683754998,식품,100,음료
2229,2026-06-02 16:03:39.679494,2026-06-02 16:03:39.679494,나이키,브랜드: 나이키 제조사: 나이키 카테고리: 여성신발,https://shopping-phinf.pstatic.net/main_8940878/89408784029.3.jpg,1,구름스니커즈,96800,96800,나이키 P-6000 P6000 키높이 런닝화 여성 운동화 여름 메탈릭 실버 화이트,89408784029,패션잡화,100,여성신발
2230,2026-06-02 16:03:39.738972,2026-06-02 16:03:39.738972,호카,브랜드: 호카 제조사: 호카 카테고리: 여성신발,https://shopping-phinf.pstatic.net/main_5729847/57298471017.20251020115404.jpg,1,네이버,199000,199000,호카 클리프톤 10 와이드 1162050 WWH 화이트,57298471017,패션잡화,100,여성신발
2231,2026-06-02 16:03:39.74095,2026-06-02 16:03:39.74095,에이룩,브랜드: 에이룩 카테고리: 남성신발,https://shopping-phinf.pstatic.net/main_8288618/82886186226.26.jpg,1,에이룩 스토어,41700,41700,에이룩 발편한 운동화 볼넓은 가벼운 조깅 런닝화 헬스 어글리 CL 운동화,82886186226,패션잡화,100,남성신발
2232,2026-06-02 16:03:39.742866,2026-06-02 16:03:39.742866,르무통,브랜드: 르무통 제조사: 우주텍 카테고리: 남성신발,https://shopping-phinf.pstatic.net/main_6014425/60144250152.20260526121007.jpg,1,네이버,123000,123000,르무통 에브리데이 발 편한 메리노울 로퍼 운동화,60144250152,패션잡화,100,남성신발
2233,2026-06-02 16:03:40.061668,2026-06-02 16:03:40.061668,WAFL,브랜드: WAFL 제조사: 데이오프썰스데이 카테고리: 요가/필라테스,https://shopping-phinf.pstatic.net/main_8749813/87498137522.8.jpg,1,데이오프썰스데이,18000,18000,wafl 미니 운동매트 홈트 요가 보조 10mm TPE 플랭크 팔꿈치 무릎 꼬리뼈 매트,87498137522,스포츠/레저,100,요가/필라테스
2234,2026-06-02 16:03:40.065505,2026-06-02 16:03:40.065505,WOHNEN,브랜드: WOHNEN 제조사: WOHNEN 카테고리: 요가/필라테스,https://shopping-phinf.pstatic.net/main_7295052/7295052929.4.jpg,1,위시몰,4990,4990,PVC 요가매트 3mm,7295052929,스포츠/레저,100,요가/필라테스
2235,2026-06-02 16:03:40.072398,2026-06-02 16:03:40.072398,"",카테고리: 요가/필라테스,https://shopping-phinf.pstatic.net/main_8513013/85130131017.jpg,1,젠요가 ZEN YOGA,46200,46200,[ NEW ARRIVAL ] 젠요가 논슬립 프로요가매트 4mm 천연고무 미끄럼방지 운동매트 홈트,85130131017,스포츠/레저,100,요가/필라테스
2236,2026-06-02 16:03:40.513392,2026-06-02 16:03:40.513392,"",카테고리: 보호용품,https://shopping-phinf.pstatic.net/main_9107219/91072193690.1.jpg,1,디오홈리빙,11500,11500,디오메디 얇은 산모 임산부 약국 손목보호대 압박 슬림핏 밴드 아대 본사직판,91072193690,스포츠/레저,100,보호용품
2237,2026-06-02 16:03:40.517304,2026-06-02 16:03:40.517304,제로투히어로,브랜드: 제로투히어로 카테고리: 보호용품,https://shopping-phinf.pstatic.net/main_5165921/51659214812.20250319025759.jpg,1,네이버,26900,26900,제로투히어로 프로 그립 헬스 스트랩 손목보호대 세트,51659214812,스포츠/레저,100,보호용품
2238,2026-06-02 16:03:40.520811,2026-06-02 16:03:40.520811,발레오,브랜드: 발레오 제조사: 발레오 카테고리: 보호용품,https://shopping-phinf.pstatic.net/main_8140581/81405816540.jpg,1,가방야,14900,14900,발레오그립 헬스스트랩 턱걸이장갑 리프팅 퀵그립,81405816540,스포츠/레저,100,보호용품
2240,2026-06-02 16:03:40.526546,2026-06-02 16:03:40.526546,"",카테고리: 보호용품,https://shopping-phinf.pstatic.net/main_1143432/11434324193.4.jpg,1,재미어트,15900,15900,재미어트 힘콩 스트랩 리프팅 헬스 그립 손목 보호대 풀업 스트렙,11434324193,스포츠/레저,100,보호용품
2241,2026-06-02 16:03:40.933747,2026-06-02 16:03:40.933747,토리든,브랜드: 토리든 제조사: 세레코 카테고리: 스킨케어,https://shopping-phinf.pstatic.net/main_5192935/51929356690.20241213211508.jpg,1,네이버,18330,18330,"토리든 다이브인 저분자 히알루론산 크림 80ml, 2개",51929356690,화장품/미용,100,스킨케어
2242,2026-06-02 16:03:40.939094,2026-06-02 16:03:40.939094,더마팩토리,브랜드: 더마팩토리 제조사: 비앤비코리아 카테고리: 스킨케어,https://shopping-phinf.pstatic.net/main_5192901/51929018838.20241213202413.jpg,1,네이버,6400,6400,"더마팩토리 트라넥삼산 6% 크림 30ml, 1개",51929018838,화장품/미용,100,스킨케어
2243,2026-06-02 16:03:40.946535,2026-06-02 16:03:40.946535,싸이닉,브랜드: 싸이닉 제조사: 코스메카코리아 카테고리: 스킨케어,https://shopping-phinf.pstatic.net/main_5614933/56149335426.20250807163017.jpg,1,네이버,12450,12450,"싸이닉 병풀 피디알엔 시카 엔드 수딩 크림 80ml(지성,복합성), 2개",56149335426,화장품/미용,100,스킨케어
2244,2026-06-02 16:03:40.949103,2026-06-02 16:03:40.949103,닥터지,브랜드: 닥터지 제조사: 코스맥스 카테고리: 스킨케어,https://shopping-phinf.pstatic.net/main_5760674/57606742308.20260224154145.jpg,1,네이버,7940,7940,"닥터지 레드 블레미쉬 클리어 크림 70ml, 1개",57606742308,화장품/미용,100,스킨케어
2245,2026-06-02 16:03:40.951582,2026-06-02 16:03:40.951582,코르테,브랜드: 코르테 제조사: 디엠에스 카테고리: 스킨케어,https://shopping-phinf.pstatic.net/main_5192960/51929609884.20241213221958.jpg,1,네이버,23660,23660,"코르테 더모 에센셜 모이스처 알엑스 리차징 150ml, 1개",51929609884,화장품/미용,100,스킨케어
2246,2026-06-02 16:03:40.95506,2026-06-02 16:03:40.95506,도미나스,브랜드: 도미나스 제조사: 리베코스 카테고리: 스킨케어,https://shopping-phinf.pstatic.net/main_9105578/91055787583.jpg,1,DSmall,25400,25400,도미나스 도미나 크림 시즌6 트라넥삼산 기미개선크림 태극제약 50g 1개,91055787583,화장품/미용,100,스킨케어
2247,2026-06-02 16:03:41.370783,2026-06-02 16:03:41.370783,맥,브랜드: 맥 제조사: 이엘씨에이한국 카테고리: 색조메이크업,https://shopping-phinf.pstatic.net/main_5917478/59174787085.jpg,1,쿠팡,30350,30350,맥 파우더 키스 헤이지 매트 립스틱  1개  비 마이 브라이즈메이드,59174787085,화장품/미용,100,색조메이크업
2248,2026-06-02 16:03:41.381863,2026-06-02 16:03:41.381863,조성아뷰티,브랜드: 조성아뷰티 제조사: 코스맥스 카테고리: 색조메이크업,https://shopping-phinf.pstatic.net/main_5938659/59386596817.20260325141831.jpg,1,네이버,17900,17900,조성아뷰티 더 새틴 립스틱 3.5g 1개,59386596817,화장품/미용,100,색조메이크업
2249,2026-06-02 16:03:41.384149,2026-06-02 16:03:41.384149,맥,브랜드: 맥 제조사: 맥 카테고리: 색조메이크업,https://shopping-phinf.pstatic.net/main_5559698/55596989586.20250702161132.jpg,1,네이버,59060,59060,"맥 파우더 키스 립스틱  브릭쓰루, 3g",55596989586,화장품/미용,100,색조메이크업
2250,2026-06-02 16:03:41.388184,2026-06-02 16:03:41.388184,VOV,브랜드: VOV 제조사: 엘지생활건강 카테고리: 색조메이크업,https://shopping-phinf.pstatic.net/main_5945829/59458293199.20260330170911.jpg,1,네이버,5000,5000,VOV 캐시미어 립스틱 클래시 레드,59458293199,화장품/미용,100,색조메이크업
2251,2026-06-02 16:03:41.399351,2026-06-02 16:03:41.399351,컬러그램,브랜드: 컬러그램 카테고리: 색조메이크업,https://shopping-phinf.pstatic.net/main_9100174/91001743819.1.jpg,1,컬러그램,9500,9500,컬러그램 누디 블러 스틱 3.2g,91001743819,화장품/미용,100,색조메이크업
2252,2026-06-02 16:03:41.709779,2026-06-02 16:03:41.709779,더파이,브랜드: 더파이 제조사: 코스맥스 카테고리: 선케어,https://shopping-phinf.pstatic.net/main_5973345/59733457427.20260514114836.jpg,1,네이버,22790,22790,"더파이 나이아신 브라이트 선 50ml(SPF50+), 2개",59733457427,화장품/미용,100,선케어
2253,2026-06-02 16:03:41.717973,2026-06-02 16:03:41.717973,헤라,브랜드: 헤라 제조사: 아모레퍼시픽 카테고리: 선케어,https://shopping-phinf.pstatic.net/main_5192926/51929264390.20241213211033.jpg,1,네이버,26800,26800,"헤라 유브이프로텍터 멀티디펜스 프레쉬 50ml(SPF50+), 1개",51929264390,화장품/미용,100,선케어
2254,2026-06-02 16:03:41.723282,2026-06-02 16:03:41.723282,릴릴,브랜드: 릴릴 제조사: 한국콜마 카테고리: 선케어,https://shopping-phinf.pstatic.net/main_5192957/51929578692.20250414114253.jpg,1,네이버,19000,19000,"릴릴 나인세컨드 에어포뮬라 선크림 50ml(SPF50+), 1개",51929578692,화장품/미용,100,선케어
2255,2026-06-02 16:03:41.729584,2026-06-02 16:03:41.729584,히스토랩,브랜드: 히스토랩 제조사: 메디안스 카테고리: 선케어,https://shopping-phinf.pstatic.net/main_6027636/60276360072.20260602145152.jpg,1,네이버,224500,224500,"히스토랩 센시티브 스킨 선 블럭 포에버 플러스 50ml(SPF50+), 6개",60276360072,화장품/미용,100,선케어
2256,2026-06-02 16:03:41.732961,2026-06-02 16:03:41.732961,셀퓨전씨,브랜드: 셀퓨전씨 카테고리: 선케어,https://shopping-phinf.pstatic.net/main_8763599/87635995054.1.jpg,1,셀퓨전씨,30500,30500,셀퓨전씨 레이저 UV 썬 스크린 50ml+50ml+20ml / 데일리 저자극 더마 선크림,87635995054,화장품/미용,100,선케어
2257,2026-06-02 16:03:41.736504,2026-06-02 16:03:41.736504,바나나보트,브랜드: 바나나보트 제조사: 바나나보트 카테고리: 선케어,https://shopping-phinf.pstatic.net/main_8506531/85065311875.2.jpg,1,벨레나뷰티,16790,16790,바나나보트 울트라 스포츠 썬크림 SPF 100 118ml,85065311875,화장품/미용,100,선케어
2258,2026-06-02 16:03:41.738541,2026-06-02 16:03:41.738541,식물나라,브랜드: 식물나라 제조사: 한국콜마 카테고리: 선케어,https://shopping-phinf.pstatic.net/main_5192928/51929288315.20241213211212.jpg,1,네이버,9670,9670,"식물나라 산소수 워터프루프 선크림 100ml(SPF50+), 1개",51929288315,화장품/미용,100,선케어
2209,2026-06-02 16:03:37.248137,2026-06-07 23:38:54.275425,신일전자,브랜드: 신일전자 제조사: SHINIL 카테고리: 청소기,https://shopping-phinf.pstatic.net/main_8802285/88022859164.5.jpg,1,프라이스존,48900,48900,신일 무선 청소기 진공 핸디형 소형 신일청소기 원룸 가벼운,88022859164,디지털/가전,97,청소기
2239,2026-06-02 16:03:40.524675,2026-06-04 10:29:24.701616,아이언빅,브랜드: 아이언빅 카테고리: 보호용품,https://shopping-phinf.pstatic.net/main_8492260/84922608102.7.jpg,1,아이언빅,18400,18400,아이언빅 리스트랩 헬스 손목보호대 리프팅 스트랩 손목 아대,84922608102,스포츠/레저,99,보호용품
2259,2026-06-02 16:03:41.73998,2026-06-05 11:22:50.325407,식물나라,브랜드: 식물나라 제조사: 한국콜마 카테고리: 선케어,https://shopping-phinf.pstatic.net/main_6009774/60097744364.20260519152229.jpg,1,네이버,13300,13300,"식물나라 저자극 페이스 앤 바디 선크림 150ml(신형,SPF50+), 1개",60097744364,화장품/미용,99,선케어
2260,2026-06-02 16:03:41.741627,2026-06-02 22:52:49.471691,에르띠,브랜드: 에르띠 제조사: 일진코스메틱 카테고리: 선케어,https://shopping-phinf.pstatic.net/main_5192929/51929292681.20241213210655.jpg,1,네이버,42600,42600,"에르띠 50 선크림 50ml(신형, SPF50+), 2개",51929292681,화장품/미용,99,선케어
2261,2026-06-02 16:03:41.744143,2026-06-05 15:12:21.469783,MISSHA,브랜드: MISSHA 제조사: 코스메카코리아 카테고리: 선케어,https://shopping-phinf.pstatic.net/main_5192903/51929038672.20241213203010.jpg,1,네이버,12210,12210,"MISSHA 올 어라운드 세이프 블록 에센스 선 50ml(신형, SPF45), 2개",51929038672,화장품/미용,99,선케어
2208,2026-06-02 16:03:37.246124,2026-06-07 01:04:58.563787,대원,브랜드: 대원 제조사: 무궁화전자 카테고리: 청소기,https://shopping-phinf.pstatic.net/main_5337458/53374586755.20250307154401.jpg,1,네이버,139000,139000,"무궁화전자 대원 Slim Fit 화이트, 단품",53374586755,디지털/가전,95,청소기
2184,2026-06-02 16:03:35.837243,2026-06-06 17:17:59.756584,타미진스,브랜드: 타미진스 제조사: HANDSOME 카테고리: 여성의류,https://shopping-phinf.pstatic.net/main_9084193/90841932659.jpg,1,타미진,118400,118400,타미진 여성 봄 여름 캐주얼 원피스 휴양지룩 여행룩 휴가 데일리 베이직,90841932659,패션의류,98,여성의류
2262,2026-06-07 01:42:56.638217,2026-06-07 01:42:56.638217,스킨톡,브랜드: 스킨톡 제조사: 그린코스 카테고리: 스킨케어,https://shopping-phinf.pstatic.net/main_5192928/51929287674.20241213210621.jpg,1,네이버,16800,16800,"스킨톡 마녀 크림 100ml, 1개",51929287674,화장품/미용,100,스킨케어
2263,2026-06-07 01:42:56.653855,2026-06-07 01:42:56.653855,오브네쥬,브랜드: 오브네쥬 제조사: 뉴앤뉴 카테고리: 스킨케어,https://shopping-phinf.pstatic.net/main_5192924/51929242325.20241213210647.jpg,1,네이버,9900,9900,"오브네쥬 퍼미에잇 365 크림 50ml, 1개",51929242325,화장품/미용,100,스킨케어
2264,2026-06-07 01:42:56.659615,2026-06-07 01:42:56.659615,"",카테고리: 스킨케어,https://shopping-phinf.pstatic.net/main_8754865/87548650724.jpg,1,Dr.marci,35900,35900,"닥터마르시 쌀발효 셀타치온 크림 착색 미백 잡티 색소침착 50ml, 1개",87548650724,화장품/미용,100,스킨케어
2265,2026-06-07 01:42:56.665148,2026-06-07 01:42:56.665148,"",카테고리: 스킨케어,https://shopping-phinf.pstatic.net/main_5976377/59763779751.12.jpg,1,쿠팡,21490,21490,에스트라 아토베리어365 하이드로 수딩 크림,59763779751,화장품/미용,100,스킨케어
2266,2026-06-07 01:42:56.671675,2026-06-07 01:42:56.671675,"",제조사: 뷰티맥스 카테고리: 스킨케어,https://shopping-phinf.pstatic.net/main_5973071/59730712912.20260420061445.jpg,1,네이버,21200,21200,"더마유스 90초크림 주름개선 10ml, 1개",59730712912,화장품/미용,100,스킨케어
2267,2026-06-07 01:42:56.676455,2026-06-07 01:42:56.676455,"",제조사: 이스터너생명과학 카테고리: 스킨케어,https://shopping-phinf.pstatic.net/main_5569338/55693383123.20250708102130.jpg,1,네이버,50170,50170,"비반콴트망카 파이토신 V2 크림 30ml, 1개",55693383123,화장품/미용,100,스킨케어
2268,2026-06-07 01:42:56.681589,2026-06-07 01:42:56.681589,스킨톡,브랜드: 스킨톡 제조사: 그린코스 카테고리: 스킨케어,https://shopping-phinf.pstatic.net/main_8356727/83567273018.1.jpg,1,스킨톡,16800,16800,"[스킨톡] 수분크림 보습 탄력 영양 마녀 크림 ST01 100ml, 1개",83567273018,화장품/미용,100,스킨케어
2269,2026-06-07 01:42:56.688108,2026-06-07 01:42:56.688108,센텔리안24,브랜드: 센텔리안24 제조사: 한국콜마 카테고리: 스킨케어,https://shopping-phinf.pstatic.net/main_5649777/56497773225.20250829102904.jpg,1,네이버,25490,25490,"센텔리안24 동국제약 더 마데카크림 시즌6 50ml x 4개 + 15ml x 2개, 1개",56497773225,화장품/미용,100,스킨케어
2270,2026-06-07 01:42:56.694685,2026-06-07 01:42:56.694685,닥터지,브랜드: 닥터지 제조사: 코스맥스 카테고리: 스킨케어,https://shopping-phinf.pstatic.net/main_9039463/90394632613.2.jpg,1,레드밤,16000,16000,닥터지 레드 블레미쉬 클리어 수딩 크림 120ml (70ml+50ml) 수분크림,90394632613,화장품/미용,100,스킨케어
2271,2026-06-07 01:42:56.700213,2026-06-07 01:42:56.700213,에스트라,브랜드: 에스트라 제조사: 코스비전 카테고리: 스킨케어,https://shopping-phinf.pstatic.net/main_5803131/58031313442.20260515161242.jpg,1,네이버,38620,38620,"에스트라 아토베리어 365 크림 80ml(신형), 2개",58031313442,화장품/미용,100,스킨케어
2272,2026-06-07 01:42:56.703612,2026-06-07 01:42:56.703612,"",제조사: 한국콜마 카테고리: 스킨케어,https://shopping-phinf.pstatic.net/main_8857501/88575014403.19.jpg,1,알엑스더마,32500,32500,EGF 시카 재생크림 병풀 세라마이드 피부과 레이저 재생관리 점뺀후 판테놀 흔적 수분 보습,88575014403,화장품/미용,100,스킨케어
2273,2026-06-07 01:42:56.707084,2026-06-07 01:42:56.707084,참존,브랜드: 참존 제조사: 참존 카테고리: 스킨케어,https://shopping-phinf.pstatic.net/main_5192948/51929485185.20241213220254.jpg,1,네이버,17100,17100,"참존 마유 골든 컴플렉스 70ml, 1개",51929485185,화장품/미용,100,스킨케어
2274,2026-06-07 01:42:56.710209,2026-06-07 01:42:56.710209,르네셀,브랜드: 르네셀 제조사: 한솔생명과학 카테고리: 스킨케어,https://shopping-phinf.pstatic.net/main_5192928/51929285987.20241213210839.jpg,1,네이버,14490,14490,"르네셀 플라센 스킨 쉴드 리뉴얼 크림 50ml, 1개",51929285987,화장품/미용,100,스킨케어
2275,2026-06-07 01:42:57.009105,2026-06-07 01:42:57.009105,맥,브랜드: 맥 제조사: 맥 카테고리: 색조메이크업,https://shopping-phinf.pstatic.net/main_5559698/55596989602.20250702161653.jpg,1,네이버,44700,44700,"맥 파우더 키스 립스틱  폴 인 러브, 3g",55596989602,화장품/미용,100,색조메이크업
2276,2026-06-07 01:42:57.014767,2026-06-07 01:42:57.014767,하트퍼센트,브랜드: 하트퍼센트 제조사: 믹스앤매치 카테고리: 색조메이크업,https://shopping-phinf.pstatic.net/main_5692589/56925897321.20250925123327.jpg,1,네이버,13430,13430,하트퍼센트 도트 온 무드 립펜슬 20 살몬베이지 ,56925897321,화장품/미용,100,색조메이크업
2277,2026-06-07 01:42:57.018038,2026-06-07 01:42:57.018038,입생로랑,브랜드: 입생로랑 제조사: 엘오케이 카테고리: 색조메이크업,https://shopping-phinf.pstatic.net/main_8577123/85771235714.3.jpg,1,리치캣,43800,43800,"[백화점] 입생로랑 캔디 글레이즈 컬러밤 립밤 13호 플래싱 로제, 3.2g",85771235714,화장품/미용,100,색조메이크업
2278,2026-06-07 01:42:57.021312,2026-06-07 01:42:57.021312,CHANEL,브랜드: CHANEL 제조사: CHANEL 카테고리: 색조메이크업,https://shopping-phinf.pstatic.net/main_8959870/89598706914.1.jpg,1,코코제피,60000,60000,샤넬 루쥬 코코 플래쉬 825 비쥬,89598706914,화장품/미용,100,색조메이크업
2279,2026-06-07 01:42:57.026301,2026-06-07 01:42:57.026301,웨이크메이크,브랜드: 웨이크메이크 제조사: 코스맥스 카테고리: 색조메이크업,https://shopping-phinf.pstatic.net/main_5938661/59386615940.20260325142041.jpg,1,네이버,8340,8340,웨이크메이크 듀이 젤 글레이즈 스틱 3g 1개,59386615940,화장품/미용,100,색조메이크업
2280,2026-06-07 01:42:57.030299,2026-06-07 01:42:57.030299,맥,브랜드: 맥 제조사: 맥 카테고리: 색조메이크업,https://shopping-phinf.pstatic.net/main_8830391/88303915680.41.jpg,1,맥 공식스토어,39000,39000,맥 맥시멀 슬릭 새틴 립스틱 3.5g,88303915680,화장품/미용,100,색조메이크업
2281,2026-06-07 01:42:57.035002,2026-06-07 01:42:57.035002,나스,브랜드: 나스 카테고리: 색조메이크업,https://shopping-phinf.pstatic.net/main_8597055/85970551390.48.jpg,1,나스,40500,40500,[나스] 에프터글로우 센슈얼 샤인 립스틱,85970551390,화장품/미용,100,색조메이크업
2282,2026-06-07 01:42:57.039365,2026-06-07 01:42:57.039365,"",카테고리: 색조메이크업,https://shopping-phinf.pstatic.net/main_5957597/59575977069.jpg,1,KT알파쇼핑,48240,48240,26SS 생기가득컬러! 철벽녀 오브제 볼류머 립스틱 5종세트,59575977069,화장품/미용,100,색조메이크업
2283,2026-06-07 01:42:57.043807,2026-06-07 01:42:57.043807,맥,브랜드: 맥 제조사: 맥 카테고리: 색조메이크업,https://shopping-phinf.pstatic.net/main_9106878/91068781271.jpg,1,엔리비,22800,22800,[백화점제품] 맥 맥시멀 실키 매트 립스틱 3.5g 682 멀잇투더맥스(-27.05),91068781271,화장품/미용,100,색조메이크업
2284,2026-06-07 01:42:57.048656,2026-06-07 01:42:57.048656,MISSHA,브랜드: MISSHA 제조사: 코스맥스 카테고리: 색조메이크업,https://shopping-phinf.pstatic.net/main_5794210/57942105423.20251128154401.jpg,1,네이버,11010,11010,MISSHA 데어 루즈 벨벳 왓 더 퍼플,57942105423,화장품/미용,100,색조메이크업
2285,2026-06-07 01:42:57.33167,2026-06-07 01:42:57.33167,헤라,브랜드: 헤라 제조사: 아모레퍼시픽 카테고리: 선케어,https://shopping-phinf.pstatic.net/main_5930376/59303761973.20260318103734.jpg,1,네이버,24100,24100,"헤라 유브이 프로텍터 톤업 피치 50ml(SPF50+), 1개",59303761973,화장품/미용,100,선케어
2286,2026-06-07 01:42:57.335299,2026-06-07 01:42:57.335299,MISSHA,브랜드: MISSHA 제조사: 에이블씨앤씨 카테고리: 선케어,https://shopping-phinf.pstatic.net/main_5192949/51929496897.20241213220440.jpg,1,네이버,5400,5400,"MISSHA 올 어라운드 세이프 블록 아쿠아선 50ml(SPF50+), 1개",51929496897,화장품/미용,100,선케어
2287,2026-06-07 01:42:57.340354,2026-06-07 01:42:57.340354,헤라,브랜드: 헤라 제조사: 한국콜마 카테고리: 선케어,https://shopping-phinf.pstatic.net/main_5882535/58825353200.20260206113643.jpg,1,네이버,24430,24430,"헤라 유브이 프로텍터 톤업 라벤더 50ml(SPF50+), 1개",58825353200,화장품/미용,100,선케어
2288,2026-06-07 01:42:57.345092,2026-06-07 01:42:57.345092,비오레,브랜드: 비오레 제조사: 카오 카테고리: 선케어,https://shopping-phinf.pstatic.net/main_9087359/90873598427.jpg,1,코스트코이케아,25000,25000,비오레 선크림 아쿠아리치 일본 워터프루프 수분 선세럼 선로션 대용량,90873598427,화장품/미용,100,선케어
2289,2026-06-07 01:42:57.34976,2026-06-07 01:42:57.34976,닥터비타,브랜드: 닥터비타 제조사: 한국콜마 카테고리: 선케어,https://shopping-phinf.pstatic.net/main_6029888/60298881140.20260604103516.jpg,1,네이버,8500,8500,"닥터비타 비타민 선크림 50g(신형,SPF50+), 1개",60298881140,화장품/미용,100,선케어
2290,2026-06-07 01:42:57.354893,2026-06-07 01:42:57.354893,에뛰드,브랜드: 에뛰드 제조사: 코스맥스 카테고리: 선케어,https://shopping-phinf.pstatic.net/main_5192958/51929587923.20241213221834.jpg,1,네이버,16900,16900,"에뛰드 순정 디렉터 무기자차 선크림 50ml(SPF50+), 2개",51929587923,화장품/미용,100,선케어
2291,2026-06-07 01:42:57.359131,2026-06-07 01:42:57.359131,달바,브랜드: 달바 제조사: 한국콜마 카테고리: 선케어,https://shopping-phinf.pstatic.net/main_5477096/54770964112.20250514172304.jpg,1,네이버,32840,32840,"달바 클린 티트리 리포좀 톤업 선크림 그린 50ml(SPF50+), 2개",54770964112,화장품/미용,100,선케어
2292,2026-06-07 01:42:57.77762,2026-06-07 01:42:57.77762,호카,브랜드: 호카 제조사: 호카 카테고리: 남성신발,https://shopping-phinf.pstatic.net/main_5958654/59586541029.20260408115218.jpg,1,네이버,48530,48530,호카 마파테 스피드 2 1126851,59586541029,패션잡화,100,남성신발
2293,2026-06-07 01:42:57.78575,2026-06-07 01:42:57.78575,나이키,브랜드: 나이키 제조사: 나이키 카테고리: 여성신발,https://shopping-phinf.pstatic.net/main_8940878/89408784030.3.jpg,1,구름스니커즈,96800,96800,나이키 P-6000 P6000 키높이 런닝화 여성 운동화 여름 메탈릭 실버 화이트,89408784030,패션잡화,100,여성신발
2294,2026-06-07 01:42:57.789539,2026-06-07 01:42:57.789539,에이룩,브랜드: 에이룩 카테고리: 여성신발,https://shopping-phinf.pstatic.net/main_8902844/89028443129.11.jpg,1,에이룩 스토어,52500,52500,에이룩 발편한 운동화 볼넓은 가벼운 조깅 런닝화 헬스 SD 운동화,89028443129,패션잡화,100,여성신발
2295,2026-06-07 01:42:57.794636,2026-06-07 01:42:57.794636,나이키,브랜드: 나이키 제조사: 나이키 카테고리: 남성신발,https://shopping-phinf.pstatic.net/main_8982472/89824728646.8.jpg,1,검빵,59800,59800,나이키 발볼넓은 운동화 올블랙 검정 블랙 신발 조깅화 남성 레볼루션8,89824728646,패션잡화,100,남성신발
2296,2026-06-07 01:42:57.798476,2026-06-07 01:42:57.798476,스케쳐스,브랜드: 스케쳐스 제조사: 스케쳐스 카테고리: 여성신발,https://shopping-phinf.pstatic.net/main_8896608/88966087388.2.jpg,1,스케쳐스 수원영통점,139000,139000,스케쳐스 여성 고워크 아치핏 2.0 슬립인스 SP0ＷＷCGX051,88966087388,패션잡화,100,여성신발
2297,2026-06-07 01:42:57.802186,2026-06-07 01:42:57.802186,아디다스,브랜드: 아디다스 제조사: 아디다스 카테고리: 남성신발,https://shopping-phinf.pstatic.net/main_8471551/84715519991.6.jpg,1,스니커데이,52900,52900,아디다스 런닝화 운동화 듀라모 갤럭시 발볼넓은 남성 여성 발편한 헬스화 조깅화,84715519991,패션잡화,100,남성신발
2298,2026-06-07 01:42:57.805636,2026-06-07 01:42:57.805636,"",카테고리: 남성신발,https://shopping-phinf.pstatic.net/main_8938855/89388558520.6.jpg,1,필링온,29800,29800,발편한운동화 남성 발볼넓은 헬스 런닝화 경량 운동화,89388558520,패션잡화,100,남성신발
2299,2026-06-07 01:42:58.202957,2026-06-07 01:42:58.202957,아리프,브랜드: 아리프 제조사: 우성레포츠 카테고리: 요가/필라테스,https://shopping-phinf.pstatic.net/main_5881144/58811445844.20260205111908.jpg,1,네이버,11900,11900,우성레포츠 아리프 NBR 요가매트 스탠다드 10mm,58811445844,스포츠/레저,100,요가/필라테스
2300,2026-06-07 01:42:58.208687,2026-06-07 01:42:58.208687,이고진,브랜드: 이고진 제조사: 이고진 카테고리: 요가/필라테스,https://shopping-phinf.pstatic.net/main_5257904/52579046788.20260406093706.jpg,1,네이버,13300,13300,이고진 소프트 NBR 요가매트 17mm,52579046788,스포츠/레저,100,요가/필라테스
2301,2026-06-07 01:42:58.213702,2026-06-07 01:42:58.213702,아리프,브랜드: 아리프 제조사: 우성레포츠 카테고리: 요가/필라테스,https://shopping-phinf.pstatic.net/main_8985519/89855195182.jpg,1,아리프 스포츠,11900,11900,아리프 NBR 요가매트 스탠다드 보관밴드 포함 10mm,89855195182,스포츠/레저,100,요가/필라테스
2302,2026-06-07 01:42:58.218908,2026-06-07 01:42:58.218908,멜킨스포츠,브랜드: 멜킨스포츠 제조사: 멜킨스포츠 카테고리: 요가/필라테스,https://shopping-phinf.pstatic.net/main_8423660/84236609955.1.jpg,1,멜킨스포츠,79000,79000,[프리미엄] 멜킨 바드라 요가매트 5mm 천연고무 논슬립 필라테스 헬스 홈트 운동 매트,84236609955,스포츠/레저,100,요가/필라테스
2304,2026-06-07 01:42:58.642469,2026-06-07 01:42:58.642469,노멀라이프,브랜드: 노멀라이프 제조사: 소셜빈 카테고리: 보호용품,https://shopping-phinf.pstatic.net/main_8357028/83570288746.15.jpg,1,노멀 라이프,21900,21900,노멀라이프 와이드 손목보호대 엄지손가락 헬스 골프 아대 스킨 선택안함,83570288746,스포츠/레저,100,보호용품
2305,2026-06-07 01:42:58.645922,2026-06-07 01:42:58.645922,잠스트,브랜드: 잠스트 제조사: 시그맥스 카테고리: 보호용품,https://shopping-phinf.pstatic.net/main_8234680/8234680284.12.jpg,1,배드민턴퍼스트,24300,24300,잠스트 리스트랩 손목보호대 얇은 골프 아대 탁구 테니스 헬스 볼링,8234680284,스포츠/레저,100,보호용품
2306,2026-06-07 01:42:59.048898,2026-06-07 01:42:59.048898,메이드케이크,브랜드: 메이드케이크 제조사: 엠케이크 카테고리: 빵/베이커리,https://shopping-phinf.pstatic.net/main_5775562/57755628126.20251121100338.jpg,1,네이버,2900,2900,엠케이크 메이드케이크 바닐라 케이크 시트,57755628126,식품,100,빵/베이커리
2307,2026-06-07 01:42:59.054359,2026-06-07 01:42:59.054359,"",카테고리: 빵/베이커리,https://shopping-phinf.pstatic.net/main_9069101/90691012844.jpg,1,과일맛집 1995,29900,29900,[택배전용상품] 망고폭탄 생망고케이크 1호 과일맛집1995,90691012844,식품,100,빵/베이커리
2308,2026-06-07 01:42:59.057153,2026-06-07 01:42:59.057153,"",카테고리: 빵/베이커리,https://shopping-phinf.pstatic.net/main_6021144/60211445559.jpg,1,쿠팡,39620,39620,파티쉐봉 계란케이크 보면알까 디저트 아그작 바스크 치즈 케이크,60211445559,식품,100,빵/베이커리
2309,2026-06-07 01:42:59.060203,2026-06-07 01:42:59.060203,케익팩토리,브랜드: 케익팩토리 제조사: 스위트블러썸 카테고리: 빵/베이커리,https://shopping-phinf.pstatic.net/main_5662967/56629678483.20250907165955.jpg,1,네이버,30900,30900,스위트블러썸 케익팩토리 생망고케이크 망고다담 생과일케이크,56629678483,식품,100,빵/베이커리
2310,2026-06-07 01:42:59.063698,2026-06-07 01:42:59.063698,리치골드,브랜드: 리치골드 제조사: 동서식품 카테고리: 빵/베이커리,https://shopping-phinf.pstatic.net/main_5980147/59801479232.20260425224743.jpg,1,네이버,20400,20400,동서식품 리치골드 델리큐브 치즈케익 2개,59801479232,식품,100,빵/베이커리
2312,2026-06-07 01:42:59.072362,2026-06-07 01:42:59.072362,신키네도,브랜드: 신키네도 제조사: 신키네도 카테고리: 빵/베이커리,https://shopping-phinf.pstatic.net/main_6032519/60325197403.20260606003518.jpg,1,네이버,25200,25200,신키네도 생크림 롤 케이크,60325197403,식품,100,빵/베이커리
2313,2026-06-07 01:42:59.076551,2026-06-07 01:42:59.076551,델포유,브랜드: 델포유 카테고리: 빵/베이커리,https://shopping-phinf.pstatic.net/main_5956320/59563200732.20260406201859.jpg,1,네이버,15540,15540,델포유 델포유 오븐에 구운 십센치 파운드 5종 50개입 1개,59563200732,식품,100,빵/베이커리
2314,2026-06-07 01:42:59.080889,2026-06-07 01:42:59.080889,"",카테고리: 빵/베이커리,https://shopping-phinf.pstatic.net/main_5948927/59489278154.20260401121527.jpg,1,네이버,8800,8800,왓더훅 떠먹크 두유크림 디저트 1개,59489278154,식품,100,빵/베이커리
2315,2026-06-07 01:42:59.08421,2026-06-07 01:42:59.08421,"",제조사: 로얄패밀리 카테고리: 빵/베이커리,https://shopping-phinf.pstatic.net/main_6032514/60325147282.20260606000805.jpg,1,네이버,2630,2630,로얄패밀리 펑리수 케익 1개,60325147282,식품,100,빵/베이커리
2316,2026-06-07 01:42:59.087323,2026-06-07 01:42:59.087323,케익팩토리,브랜드: 케익팩토리 제조사: 스위트블러썸 카테고리: 빵/베이커리,https://shopping-phinf.pstatic.net/main_6032536/60325366500.20260606012018.jpg,1,네이버,39000,39000,스위트블러썸 케익팩토리 상어가족 아기상어 레터링케이크 1개,60325366500,식품,100,빵/베이커리
2317,2026-06-07 01:42:59.090126,2026-06-07 01:42:59.090126,"",제조사: 몬델리즈 카테고리: 빵/베이커리,https://shopping-phinf.pstatic.net/main_5998218/59982180449.20260510022556.jpg,1,네이버,10900,10900,몬델리즈 오레오 치즈 케익 1개,59982180449,식품,100,빵/베이커리
2318,2026-06-07 01:42:59.093139,2026-06-07 01:42:59.093139,오설록,브랜드: 오설록 카테고리: 빵/베이커리,https://shopping-phinf.pstatic.net/main_5984757/59847577408.20260429224850.jpg,1,네이버,21500,21500,오설록 그린티 롤케이크 화이트 1개,59847577408,식품,100,빵/베이커리
2319,2026-06-07 01:42:59.095701,2026-06-07 01:42:59.095701,"",카테고리: 빵/베이커리,https://shopping-phinf.pstatic.net/main_8833221/88332218621.jpg,1,달콤하나케이크,114000,114000,대전 골드티아라 2단 부모님 생신 환갑 칠순 주문제작 수제 케이크,88332218621,식품,100,빵/베이커리
2320,2026-06-07 01:42:59.498677,2026-06-07 01:42:59.498677,"",카테고리: 스낵/과자,https://shopping-phinf.pstatic.net/main_6032597/60325974357.20260606031345.jpg,1,네이버,3900,3900,두바이쫀득쿠키 두쫀쿠 선물세트 빅사이즈 마시멜로우 댄앤피츠 1개,60325974357,식품,100,스낵/과자
2321,2026-06-07 01:42:59.502317,2026-06-07 01:42:59.502317,해태제과,브랜드: 해태제과 제조사: 훼미리식품 카테고리: 스낵/과자,https://shopping-phinf.pstatic.net/main_6029228/60292284935.20260603103500.jpg,1,네이버,5490,5490,"훼미리식품 해태제과 버터링 딥황치즈, 155g, 1개",60292284935,식품,100,스낵/과자
2322,2026-06-07 01:42:59.506603,2026-06-07 01:42:59.506603,"",카테고리: 스낵/과자,https://shopping-phinf.pstatic.net/main_9100791/91007911699.3.jpg,1,도윤몰,2670,2670,"찹쌀 누룽지팝스낵 POP RICE 무가당, 300g, 1개",91007911699,식품,100,스낵/과자
2323,2026-06-07 01:42:59.515424,2026-06-07 01:42:59.515424,마켓오,브랜드: 마켓오 제조사: 오리온 카테고리: 스낵/과자,https://shopping-phinf.pstatic.net/main_5582904/55829043770.20250820162705.jpg,1,네이버,16800,16800,"오리온 마켓오 브라우니 20g , 12개입, 4개",55829043770,식품,100,스낵/과자
2324,2026-06-07 01:42:59.519798,2026-06-07 01:42:59.519798,오리온,브랜드: 오리온 제조사: 오리온 카테고리: 스낵/과자,https://shopping-phinf.pstatic.net/main_5556204/55562045191.20250630112804.jpg,1,네이버,2700,2700,"오리온 촉촉한 초코칩, 240g, 1개",55562045191,식품,100,스낵/과자
2325,2026-06-07 01:42:59.523039,2026-06-07 01:42:59.523039,프링글스,브랜드: 프링글스 제조사: 켈로그 카테고리: 스낵/과자,https://shopping-phinf.pstatic.net/main_5321176/53211768862.20260220174155.jpg,1,네이버,12500,12500,"켈로그 프링글스 오리지널 , 53g, 12개",53211768862,식품,100,스낵/과자
2326,2026-06-07 01:42:59.526752,2026-06-07 01:42:59.526752,원사부,브랜드: 원사부 카테고리: 스낵/과자,https://shopping-phinf.pstatic.net/main_8873388/88733884069.1.jpg,1,원사부쿠키,7800,7800,호텔 수제 쿠키답례품 웨딩 돌 시보 퇴사 결혼 답례 고급 선물 어메니티 8종 1박스 딥블루,88733884069,식품,100,스낵/과자
2327,2026-06-07 01:42:59.530115,2026-06-07 01:42:59.530115,리코스,브랜드: 리코스 제조사: 리코스 카테고리: 스낵/과자,https://shopping-phinf.pstatic.net/main_5324711/53247112052.20260409162808.jpg,1,네이버,4480,4480,"리코스 나쵸칩  454g, 1개",53247112052,식품,100,스낵/과자
2328,2026-06-07 01:42:59.538553,2026-06-07 01:42:59.538553,"",카테고리: 스낵/과자,https://shopping-phinf.pstatic.net/main_5848927/58489275929.20260223102426.jpg,1,네이버,24000,24000,오베리 쫀득쿠키,58489275929,식품,100,스낵/과자
2329,2026-06-07 01:42:59.543768,2026-06-07 01:42:59.543768,포스트,브랜드: 포스트 제조사: 동서식품 카테고리: 스낵/과자,https://shopping-phinf.pstatic.net/main_5466999/54669992491.20250509122031.jpg,1,네이버,15700,15700,"동서식품 포스트 고소한 아몬드 후레이크 620g, 3개",54669992491,식품,100,스낵/과자
2330,2026-06-07 01:42:59.546839,2026-06-07 01:42:59.546839,모던구루,브랜드: 모던구루 제조사: 모던구루 카테고리: 스낵/과자,https://shopping-phinf.pstatic.net/main_8247206/82472065654.10.jpg,1,모던구루,10200,10200,모던구루 내맘대로 수제 그래놀라 230g 크런치 카카오 프로틴 압착 귀리 초코 시리얼,82472065654,식품,100,스낵/과자
2331,2026-06-07 01:42:59.549652,2026-06-07 01:42:59.549652,"",카테고리: 스낵/과자,https://shopping-phinf.pstatic.net/main_8470962/84709622073.3.jpg,1,까까대장,1300,1300,[덤행사]실속형 단체간식 A 꾸러미 종합세트 어린이날 미니선물상자 빈츠사탕오키오젤리오트밀,84709622073,식품,100,스낵/과자
2332,2026-06-07 01:42:59.953698,2026-06-07 01:42:59.953698,돈시몬,브랜드: 돈시몬 카테고리: 음료,https://shopping-phinf.pstatic.net/main_5192936/51929368632.20241213212147.jpg,1,네이버,3500,3500,"돈시몬 착즙레몬 1L, 1개",51929368632,식품,100,음료
2333,2026-06-07 01:42:59.958854,2026-06-07 01:42:59.958854,유기농마루,브랜드: 유기농마루 카테고리: 음료,https://shopping-phinf.pstatic.net/main_5601787/56017875520.20250730151835.jpg,1,네이버,26541,26541,"유기농마루 맛있는 진짜 블루베리주스, 100ml, 20개",56017875520,식품,100,음료
2334,2026-06-07 01:42:59.962359,2026-06-07 01:42:59.962359,ALLBARUN,브랜드: ALLBARUN 제조사: 에코트 카테고리: 음료,https://shopping-phinf.pstatic.net/main_6020360/60203600991.20260527112017.jpg,1,네이버,18000,18000,"에코트 ALLBARUN 커피 너티 블렌딩, 1L, 2개",60203600991,식품,100,음료
2335,2026-06-07 01:42:59.965483,2026-06-07 01:42:59.965483,스타벅스,브랜드: 스타벅스 카테고리: 음료,https://shopping-phinf.pstatic.net/main_5985522/59855220642.20260430125108.jpg,1,네이버,15100,15100,"스타벅스 다크로스트 아메리카노 1.1g, 50개입, 1개",59855220642,식품,100,음료
2336,2026-06-07 01:42:59.968486,2026-06-07 01:42:59.968486,파워에이드,브랜드: 파워에이드 제조사: 코카콜라 카테고리: 음료,https://shopping-phinf.pstatic.net/main_8169600/81696000343.8.jpg,1,중앙몰,13900,13900,파워에이드 토레타 포카리스웨트 게토레이 240ml 각5캔 20캔 세트 이온음료 스포츠음료,81696000343,식품,100,음료
2337,2026-06-07 01:42:59.972588,2026-06-07 01:42:59.972588,맥스웰하우스,브랜드: 맥스웰하우스 제조사: 동서식품 카테고리: 음료,https://shopping-phinf.pstatic.net/main_5390569/53905691594.20250401173818.jpg,1,네이버,2420,2420,"동서식품 맥스웰하우스 화인커피  500g, 1개",53905691594,식품,100,음료
2338,2026-06-07 01:42:59.976028,2026-06-07 01:42:59.976028,맥심,브랜드: 맥심 제조사: 동서식품 카테고리: 음료,https://shopping-phinf.pstatic.net/main_5957557/59575574846.jpg,1,G마켓,56900,56900,맥심 동서 맥심 화이트골드 커피믹스 400T,59575574846,식품,100,음료
2340,2026-06-07 01:42:59.981884,2026-06-07 01:42:59.981884,일리,브랜드: 일리 제조사: JACOBS DOUWE EGBERTS 카테고리: 음료,https://shopping-phinf.pstatic.net/main_8615142/86151421185.22.jpg,1,일리천국,5890,5890,일리캡슐 네스프레소 호환 일리 클라시코 10캡슐 외 55종,86151421185,식품,100,음료
2341,2026-06-07 01:42:59.984757,2026-06-07 01:42:59.984757,과수원,브랜드: 과수원 제조사: 남양유업 카테고리: 음료,https://shopping-phinf.pstatic.net/main_5192931/51929316663.20241213211224.jpg,1,네이버,6000,6000,"남양유업 과수원 사과 190ml, 24개",51929316663,식품,100,음료
2342,2026-06-07 01:43:00.274526,2026-06-07 01:43:00.274526,기펠,브랜드: 기펠 제조사: 모젠인터내셔널 카테고리: 청소기,https://shopping-phinf.pstatic.net/main_5439613/54396136843.20250424142242.jpg,1,네이버,149000,149000,"모젠인터내셔널 기펠 무선청소기 ZET-10 블루, 단품",54396136843,디지털/가전,100,청소기
2343,2026-06-07 01:43:00.28036,2026-06-07 01:43:00.28036,디베아,브랜드: 디베아 제조사: 디베아 카테고리: 청소기,https://shopping-phinf.pstatic.net/main_5201610/52016101622.20251203100151.jpg,1,네이버,65000,65000,"디베아 차이슨 THE AUTO 무선청소기 화이트, 단품",52016101622,디지털/가전,100,청소기
2344,2026-06-07 01:43:00.288397,2026-06-07 01:43:00.288397,샤크,브랜드: 샤크 제조사: 샤크 카테고리: 청소기,https://shopping-phinf.pstatic.net/main_5520998/55209981254.20260514150108.jpg,1,네이버,543650,543650,"샤크 에보 파워 시스템 FIT+ LC150KRBL 블루, 단품",55209981254,디지털/가전,100,청소기
2345,2026-06-07 01:43:00.293274,2026-06-07 01:43:00.293274,아이룸,브랜드: 아이룸 제조사: 아이룸 카테고리: 청소기,https://shopping-phinf.pstatic.net/main_5561005/55610059593.20250703143010.jpg,1,네이버,88000,88000,"아이룸 OG20 오렌지, 단품",55610059593,디지털/가전,100,청소기
2346,2026-06-07 01:43:00.296367,2026-06-07 01:43:00.296367,보만,브랜드: 보만 제조사: 보만 카테고리: 청소기,https://shopping-phinf.pstatic.net/main_1074789/10747893046.12.jpg,1,보만코리아,58900,58900,보만 4in1 핸디형 원룸 가정 차량용 가벼운 미니 무선 청소기 VC7210PL,10747893046,디지털/가전,100,청소기
2347,2026-06-07 01:43:00.299452,2026-06-07 01:43:00.299452,아이룸,브랜드: 아이룸 제조사: 아이룸 카테고리: 청소기,https://shopping-phinf.pstatic.net/main_5321177/53211770792.20250225161943.jpg,1,네이버,145000,145000,"아이룸 플래티넘 S9 실버, 단품",53211770792,디지털/가전,100,청소기
2348,2026-06-07 01:43:00.302355,2026-06-07 01:43:00.302355,비스포크슬림,브랜드: 비스포크슬림 제조사: 삼성전자 카테고리: 청소기,https://shopping-phinf.pstatic.net/main_5593252/55932526792.20250724163751.jpg,1,네이버,404520,404520,"삼성전자 비스포크슬림 무선청소기 VS15A680AEW 미스티 화이트, 단품",55932526792,디지털/가전,100,청소기
2349,2026-06-07 01:43:00.305329,2026-06-07 01:43:00.305329,신일전자,브랜드: 신일전자 제조사: SHINIL 카테고리: 청소기,https://shopping-phinf.pstatic.net/main_9034313/90343135976.1.jpg,1,롯데공식판매점,258000,258000,신일 무선 청소기 자동 먼지비움 BLDC 진공 가벼운 초경량 봉투 원룸 사무실 가정용,90343135976,디지털/가전,100,청소기
2350,2026-06-07 01:43:00.309155,2026-06-07 01:43:00.309155,한경희생활과학,브랜드: 한경희생활과학 제조사: 한경희생활과학 카테고리: 청소기,https://shopping-phinf.pstatic.net/main_5724844/57248449416.20251016111922.jpg,1,네이버,217800,217800,"한경희생활과학 HTVC-3000 화이트, 단품",57248449416,디지털/가전,100,청소기
2351,2026-06-07 01:43:00.617365,2026-06-07 01:43:00.617365,"",카테고리: 주방용품,https://shopping-phinf.pstatic.net/main_8433614/84336145691.26.jpg,1,미스터송,1500,1500,마이 보틀 주문제작 트라이탄 물병 물통 500ml,84336145691,생활/건강,100,주방용품
2352,2026-06-07 01:43:00.620638,2026-06-07 01:43:00.620638,에이스,브랜드: 에이스 카테고리: 주방용품,https://shopping-phinf.pstatic.net/main_5242247/52422473625.20250110141941.jpg,1,네이버,5300,5300,"에이스 뽀송이 위생장갑 500매, 1개",52422473625,생활/건강,100,주방용품
2353,2026-06-07 01:43:00.623552,2026-06-07 01:43:00.623552,"",제조사: 케이에이치 카테고리: 주방용품,https://shopping-phinf.pstatic.net/main_6013032/60130322831.20260521193406.jpg,1,네이버,49000,49000,케이에이치 업소용 스텐 작업대 선반,60130322831,생활/건강,100,주방용품
2354,2026-06-07 01:43:00.626916,2026-06-07 01:43:00.626916,로이첸,브랜드: 로이첸 제조사: 로이첸 카테고리: 주방용품,https://shopping-phinf.pstatic.net/main_6032600/60326002512.20260606031605.jpg,1,네이버,97520,97520,로이첸 자동회전롤팬 아이지글 인덕션 멀티팬,60326002512,생활/건강,100,주방용품
2355,2026-06-07 01:43:00.629848,2026-06-07 01:43:00.629848,"",카테고리: 욕실용품,https://shopping-phinf.pstatic.net/main_6032537/60325370822.20260606012130.jpg,1,네이버,33500,33500,퓨어바스 낮은 폭포수전 주방 싱크대수전,60325370822,생활/건강,100,욕실용품
2356,2026-06-07 01:43:00.632738,2026-06-07 01:43:00.632738,"",카테고리: 주방용품,https://shopping-phinf.pstatic.net/main_5289517/52895173541.20250921013419.jpg,1,네이버,38000,38000,퇴근하고 전동 자동 숫돌 칼갈이 기계,52895173541,생활/건강,100,주방용품
2357,2026-06-07 01:43:00.635819,2026-06-07 01:43:00.635819,퀸넥스,브랜드: 퀸넥스 카테고리: 주방용품,https://shopping-phinf.pstatic.net/main_3757219/37572190715.20260407103445.jpg,1,네이버,59400,59400,퀸넥스 높이조절되는 티타늄 color 부착식 식기건조대 800,37572190715,생활/건강,100,주방용품
2358,2026-06-07 01:43:00.640441,2026-06-07 01:43:00.640441,마이리빙,브랜드: 마이리빙 제조사: 마이리빙 카테고리: 주방용품,https://shopping-phinf.pstatic.net/main_8087693/80876935149.7.jpg,1,마이리빙 코리아,7900,7900,가스레인지 후드필터 교체 주방 후드망 환풍기 커버 3중망 엔텍 일반형,80876935149,생활/건강,100,주방용품
2359,2026-06-07 01:43:00.644453,2026-06-07 01:43:00.644453,아르크,브랜드: 아르크 카테고리: 주방용품,https://shopping-phinf.pstatic.net/main_8434474/84344745382.4.jpg,1,A.RK,13900,13900,스텐 빨대 텀블러 리유저블 컵 콜드 대용량 1리터 텀블러 보온보냉 대형,84344745382,생활/건강,100,주방용품
2360,2026-06-07 01:43:00.649944,2026-06-07 01:43:00.649944,다소다,브랜드: 다소다 카테고리: 주방용품,https://shopping-phinf.pstatic.net/main_6032550/60325501572.20260606024009.jpg,1,네이버,5900,5900,다소다 도시락가방 보온 보냉백,60325501572,생활/건강,100,주방용품
2361,2026-06-07 01:43:00.654642,2026-06-07 01:43:00.654642,디아르,브랜드: 디아르 카테고리: 주방용품,https://shopping-phinf.pstatic.net/main_5573049/55730499813.20250710203903.jpg,1,네이버,7500,7500,디아르 초내열 실리콘 인덕션 보호매트 오리지널  M,55730499813,생활/건강,100,주방용품
2362,2026-06-07 01:43:00.659655,2026-06-07 01:43:00.659655,"",카테고리: 주방용품,https://shopping-phinf.pstatic.net/main_5982956/59829565925.20260428170156.jpg,1,네이버,32500,32500,"BU 195파이 냉면용기 소, 200개",59829565925,생활/건강,100,주방용품
2363,2026-06-07 01:43:01.088832,2026-06-07 01:43:01.088832,피피랙,브랜드: 피피랙 제조사: 수나비 카테고리: 수납가구,https://shopping-phinf.pstatic.net/main_6032589/60325897147.20260606031129.jpg,1,네이버,48300,48300,피피랙 수납선반 다용도 시스템 조립 랙,60325897147,가구/인테리어,100,수납가구
2364,2026-06-07 01:43:01.092496,2026-06-07 01:43:01.092496,"",카테고리: 수납/정리용품,https://shopping-phinf.pstatic.net/main_6032542/60325423531.20260606014939.jpg,1,네이버,118000,118000,하이랙 철제선반 앵글 중량랙,60325423531,생활/건강,100,수납/정리용품
2365,2026-06-07 01:43:01.095803,2026-06-07 01:43:01.095803,"",제조사: 케이에이치에스 카테고리: 수납가구,https://shopping-phinf.pstatic.net/main_6032525/60325258421.20260606010806.jpg,1,네이버,49900,49900,조립식 수납 선반,60325258421,가구/인테리어,100,수납가구
2366,2026-06-07 01:43:01.101543,2026-06-07 01:43:01.101543,올리빙,브랜드: 올리빙 제조사: 올리빙 카테고리: 수납가구,https://shopping-phinf.pstatic.net/main_6032542/60325429237.20260606015331.jpg,1,네이버,13900,13900,올리빙 수납선반 원목 조립 다용도 모듈 정리 미니 선반장,60325429237,가구/인테리어,100,수납가구
2367,2026-06-07 01:43:01.105406,2026-06-07 01:43:01.105406,슈랙엣홈,브랜드: 슈랙엣홈 제조사: 정한테크 카테고리: 수납가구,https://shopping-phinf.pstatic.net/main_6032524/60325241833.20260606005451.jpg,1,네이버,50600,50600,슈랙엣홈 고릴라랙,60325241833,가구/인테리어,100,수납가구
2368,2026-06-07 01:43:01.109053,2026-06-07 01:43:01.109053,슈랙,브랜드: 슈랙 제조사: 정한테크 카테고리: 수납/정리용품,https://shopping-phinf.pstatic.net/main_6032520/60325200760.20260606003638.jpg,1,네이버,46900,46900,정한테크 슈랙 철제선반 조립식 앵글 베란다 선반,60325200760,생활/건강,100,수납/정리용품
2369,2026-06-07 01:43:01.112309,2026-06-07 01:43:01.112309,코랙코리아,브랜드: 코랙코리아 제조사: 금하산업개발 카테고리: 수납/정리용품,https://shopping-phinf.pstatic.net/main_6032545/60325453520.20260606020740.jpg,1,네이버,49900,49900,금하산업개발 코랙코리아 철제선반 메탈 고릴라랙,60325453520,생활/건강,100,수납/정리용품
2370,2026-06-07 01:43:01.115409,2026-06-07 01:43:01.115409,하트랙,브랜드: 하트랙 제조사: 골드퓨쳐 카테고리: 수납/정리용품,https://shopping-phinf.pstatic.net/main_6032590/60325901542.20260606031136.jpg,1,네이버,16700,16700,골드퓨쳐 하트랙 철제선반 조립식 앵글 베란다 창고 수납장,60325901542,생활/건강,100,수납/정리용품
2371,2026-06-07 01:43:01.121518,2026-06-07 01:43:01.121518,스피드랙,브랜드: 스피드랙 제조사: 스피드랙 카테고리: 수납/정리용품,https://shopping-phinf.pstatic.net/main_6032542/60325424451.20260606015018.jpg,1,네이버,58300,58300,스피드랙 철제선반 조립식 앵글 렉,60325424451,생활/건강,100,수납/정리용품
2372,2026-06-07 01:43:01.126648,2026-06-07 01:43:01.126648,"",제조사: 스피드랙 카테고리: 수납/정리용품,https://shopping-phinf.pstatic.net/main_5864556/58645560584.20260325004222.jpg,1,네이버,80800,80800,스피드랙 철제선반 고릴라랙,58645560584,생활/건강,100,수납/정리용품
2373,2026-06-07 01:43:01.130802,2026-06-07 01:43:01.130802,"",제조사: 부원진열장 카테고리: 수납/정리용품,https://shopping-phinf.pstatic.net/main_5541676/55416762248.20250621202847.jpg,1,네이버,98100,98100,부원진열장 킹콩랙 철제 중량랙 조립식 앵글선반,55416762248,생활/건강,100,수납/정리용품
2374,2026-06-07 01:43:01.134329,2026-06-07 01:43:01.134329,피피랙,브랜드: 피피랙 제조사: 수나비 카테고리: 수납/정리용품,https://shopping-phinf.pstatic.net/main_6032542/60325420258.20260606014711.jpg,1,네이버,40300,40300,수나비 피피랙 철제선반 조립식 앵글 수납선반,60325420258,생활/건강,100,수납/정리용품
2375,2026-06-07 01:43:01.138064,2026-06-07 01:43:01.138064,"",카테고리: 수납/정리용품,https://shopping-phinf.pstatic.net/main_6032519/60325195226.20260606003428.jpg,1,네이버,134000,134000,영아네랙 중량랙 독립형 철제 선반 진열대,60325195226,생활/건강,100,수납/정리용품
2376,2026-06-07 01:43:01.142282,2026-06-07 01:43:01.142282,스피드랙,브랜드: 스피드랙 제조사: 스피드랙 카테고리: 수납/정리용품,https://shopping-phinf.pstatic.net/main_5267662/52676629382.20251128150558.jpg,1,네이버,57000,57000,스피드랙 세탁기 건조기 위 철제 선반,52676629382,생활/건강,100,수납/정리용품
2377,2026-06-07 01:43:01.145541,2026-06-07 01:43:01.145541,스피드랙,브랜드: 스피드랙 제조사: 스피드랙 카테고리: 수납/정리용품,https://shopping-phinf.pstatic.net/main_6032559/60325591051.20260606030144.jpg,1,네이버,57390,57390,스피드랙 철제선반 조립식앵글,60325591051,생활/건강,100,수납/정리용품
2378,2026-06-07 01:43:01.148767,2026-06-07 01:43:01.148767,스피드랙,브랜드: 스피드랙 제조사: 스피드랙 카테고리: 수납/정리용품,https://shopping-phinf.pstatic.net/main_6032552/60325526323.20260606024934.jpg,1,네이버,47620,47620,스피드랙 홈던트하우스 무볼트 철제선반 조립식 앵글 선반,60325526323,생활/건강,100,수납/정리용품
2379,2026-06-07 01:43:01.152107,2026-06-07 01:43:01.152107,노엘리안,브랜드: 노엘리안 제조사: 노엘리안 카테고리: 수납가구,https://shopping-phinf.pstatic.net/main_5873945/58739451098.20260131164623.jpg,1,네이버,7000,7000,노엘리안 무타공 벽선반,58739451098,가구/인테리어,100,수납가구
2380,2026-06-07 01:43:01.156558,2026-06-07 01:43:01.156558,하트랙,브랜드: 하트랙 제조사: 골드퓨쳐 카테고리: 수납가구,https://shopping-phinf.pstatic.net/main_6032548/60325488049.20260606023134.jpg,1,네이버,9300,9300,하트랙 철제 다용도 모듈 선반,60325488049,가구/인테리어,100,수납가구
2381,2026-06-07 01:43:01.160108,2026-06-07 01:43:01.160108,"",카테고리: 수납/정리용품,https://shopping-phinf.pstatic.net/main_6032546/60325463011.20260606021216.jpg,1,네이버,3800,3800,신발정리대 신발 정리 선반 수납 슈즈렉,60325463011,생활/건강,100,수납/정리용품
2382,2026-06-07 01:43:01.165356,2026-06-07 01:43:01.165356,스피드랙,브랜드: 스피드랙 제조사: 스피드랙 카테고리: 수납가구,https://shopping-phinf.pstatic.net/main_3920568/39205688433.20230406145310.jpg,1,네이버,37000,37000,스피드랙 철제 수납선반,39205688433,가구/인테리어,100,수납가구
2383,2026-06-07 01:43:01.16944,2026-06-07 01:43:01.16944,"",카테고리: 수납/정리용품,https://shopping-phinf.pstatic.net/main_6032523/60325238188.20260606005313.jpg,1,네이버,29700,29700,일상드로우 신발정리대,60325238188,생활/건강,100,수납/정리용품
2385,2026-06-07 01:43:01.174779,2026-06-07 01:43:01.174779,홈던트하우스,브랜드: 홈던트하우스 제조사: 스피드랙 카테고리: 수납가구,https://shopping-phinf.pstatic.net/main_4738392/47383920372.20240428214805.jpg,1,네이버,57400,57400,홈던트하우스 업그레이드형 무볼트 철제 선반 4단,47383920372,가구/인테리어,100,수납가구
2386,2026-06-07 01:43:01.177825,2026-06-07 01:43:01.177825,"",카테고리: 수납/정리용품,https://shopping-phinf.pstatic.net/main_6032538/60325380997.20260606012304.jpg,1,네이버,53000,53000,프라임앵글 세탁기 건조기 선반,60325380997,생활/건강,100,수납/정리용품
2387,2026-06-07 01:43:01.182147,2026-06-07 01:43:01.182147,다요시스,브랜드: 다요시스 제조사: 다요시스 카테고리: 수납가구,https://shopping-phinf.pstatic.net/main_5931002/59310027090.20260318214404.jpg,1,네이버,65300,65300,다요시스 4단 철제 수납선반,59310027090,가구/인테리어,100,수납가구
2388,2026-06-07 01:43:01.187004,2026-06-07 01:43:01.187004,"",카테고리: 수납/정리용품,https://shopping-phinf.pstatic.net/main_6032539/60325390316.20260606013152.jpg,1,네이버,9900,9900,신발 정리대 길이조절 슈즈랙,60325390316,생활/건강,100,수납/정리용품
2389,2026-06-07 01:43:01.192081,2026-06-07 01:43:01.192081,스피드랙,브랜드: 스피드랙 제조사: 스피드랙 카테고리: 수납/정리용품,https://shopping-phinf.pstatic.net/main_6032524/60325244995.20260606005616.jpg,1,네이버,135500,135500,스피드랙 맥스 철제선반 조립식 앵글 창고 경량랙,60325244995,생활/건강,100,수납/정리용품
2393,2026-06-07 01:43:01.635137,2026-06-07 01:43:01.635137,갤럭시북5 프로,브랜드: 갤럭시북5 프로 제조사: 삼성전자 카테고리: 노트북,https://shopping-phinf.pstatic.net/main_5817668/58176680004.20251217161037.jpg,1,네이버,2898990,2898990,"삼성전자 갤럭시북5 프로 NT960XHZ-A72A RAM 32GB, 256GB",58176680004,디지털/가전,100,노트북
2394,2026-06-07 01:43:01.643029,2026-06-07 01:43:01.643029,"",카테고리: 노트북,https://shopping-phinf.pstatic.net/main_8794902/87949022707.9.jpg,1,창이로운,649000,649000,레노버 노트북 슬림3 라이젠5 8GB SSD256GB 윈도우11 대학생 인강용 사무용,87949022707,디지털/가전,100,노트북
2397,2026-06-07 01:43:01.673532,2026-06-07 01:43:01.673532,HP,브랜드: HP 제조사: HP 카테고리: 노트북,https://shopping-phinf.pstatic.net/main_8710504/87105041275.21.jpg,1,HP 공식파트너 에스라이즈,2149000,2149000,HP 오멘 16 게이밍 노트북 LM 인텔 AI 울트라 U7 RTX5060 포토샵 챗GPT,87105041275,디지털/가전,100,노트북
2398,2026-06-07 01:43:02.142222,2026-06-07 01:43:02.142222,갤럭시,브랜드: 갤럭시 제조사: 삼성전자 카테고리: 휴대폰,https://shopping-phinf.pstatic.net/main_5906193/59061933444.20260226110823.jpg,1,네이버,2048940,2048940,삼성전자 갤럭시 S26 울트라 5G 1TB [자급제],59061933444,디지털/가전,100,휴대폰
2399,2026-06-07 01:43:02.163279,2026-06-07 01:43:02.163279,Apple,브랜드: Apple 제조사: Apple 카테고리: 휴대폰,https://shopping-phinf.pstatic.net/main_9112604/91126049918.jpg,1,휴대폰핫딜마켓,1160000,1160000,Apple 아이폰17프로맥스 512GB Apple 미개봉 새상품,91126049918,디지털/가전,100,휴대폰
2400,2026-06-07 01:43:02.17533,2026-06-07 01:43:02.17533,갤럭시,브랜드: 갤럭시 제조사: 삼성전자 카테고리: 휴대폰,https://shopping-phinf.pstatic.net/main_8664111/86641114551.4.jpg,1,스페이스Market,295000,295000,삼성 갤럭시 S22 리퍼 리퍼폰 공기계 유심기변 효도폰 알뜰폰 SM-S901 특S급,86641114551,디지털/가전,100,휴대폰
2401,2026-06-07 01:43:02.199636,2026-06-07 01:43:02.199636,갤럭시,브랜드: 갤럭시 제조사: 삼성전자 카테고리: 휴대폰,https://shopping-phinf.pstatic.net/main_9022418/90224186544.1.jpg,1,톡톡폰,379000,379000,"삼성 갤럭시 S23 중고폰 공기계 리퍼 알뜰유심 통신3사 256GB, S급 / 크림",90224186544,디지털/가전,100,휴대폰
2402,2026-06-07 01:43:02.216063,2026-06-07 01:43:02.216063,Apple,브랜드: Apple 제조사: Apple 카테고리: 휴대폰,https://shopping-phinf.pstatic.net/main_5666606/56666065295.20251117110427.jpg,1,네이버,2090000,2090000,아이폰 17 프로 512GB [자급제],56666065295,디지털/가전,100,휴대폰
2403,2026-06-07 01:43:02.237846,2026-06-07 01:43:02.237846,갤럭시,브랜드: 갤럭시 제조사: 삼성전자 카테고리: 휴대폰,https://shopping-phinf.pstatic.net/main_5366578/53665785536.20250320142749.jpg,1,네이버,705000,705000,삼성전자 갤럭시Z 폴드4 5G 256GB [자급제],53665785536,디지털/가전,100,휴대폰
2404,2026-06-07 01:43:02.258343,2026-06-07 01:43:02.258343,갤럭시,브랜드: 갤럭시 제조사: 삼성전자 카테고리: 휴대폰,https://shopping-phinf.pstatic.net/main_9092031/90920312266.jpg,1,휴대폰핫딜마켓,790000,790000,삼성전자 갤럭시 S25플러스 512GB SM-S936N 미개봉 새상품,90920312266,디지털/가전,100,휴대폰
2405,2026-06-07 01:43:02.268286,2026-06-07 01:43:02.268286,갤럭시,브랜드: 갤럭시 제조사: 삼성전자 카테고리: 휴대폰,https://shopping-phinf.pstatic.net/main_9079345/90793452395.jpg,1,사장님찬스,9900,9900,"갤럭시 A175 무료 2026 최신 공부폰 부모님 데이터 원격 차단, 위치조회 안심키즈폰공신폰 128GB",90793452395,디지털/가전,100,휴대폰
2406,2026-06-07 01:43:02.287122,2026-06-07 01:43:02.287122,갤럭시,브랜드: 갤럭시 제조사: 삼성전자 카테고리: 휴대폰,https://shopping-phinf.pstatic.net/main_8972648/89726483647.1.jpg,1,디지털고수,439000,439000,갤럭시퀀텀6 SM-A56 신제품 새제품 미개통 SK 출시 그라파이트,89726483647,디지털/가전,100,휴대폰
2407,2026-06-07 01:43:02.616751,2026-06-07 01:43:02.616751,베이스어스,브랜드: 베이스어스 제조사: 베이스어스 카테고리: 음향가전,https://shopping-phinf.pstatic.net/main_6022999/60229990954.20260529161728.jpg,1,네이버,79900,79900,베이스어스 오픈형 무선 이어폰 MC2,60229990954,디지털/가전,100,음향가전
2392,2026-06-07 01:43:01.205084,2026-06-08 23:29:24.501647,"",카테고리: 수납/정리용품,https://shopping-phinf.pstatic.net/main_6032541/60325410390.20260606014230.jpg,1,네이버,1800,1800,사각신발박스,60325410390,생활/건강,99,수납/정리용품
2395,2026-06-07 01:43:01.649192,2026-06-09 14:49:13.701471,삼성,브랜드: 삼성 제조사: 삼성전자 카테고리: 노트북,https://shopping-phinf.pstatic.net/main_8571658/85716580833.3.jpg,1,삼성mall 한사랑씨앤씨,1249400,1249400,삼성 갤럭시북 i5 대학생 업무용 사무용 인강용 실속형 문서작업용 입문용 노트북,85716580833,디지털/가전,99,노트북
2396,2026-06-07 01:43:01.661879,2026-06-09 15:10:20.003612,ASUS,브랜드: ASUS 제조사: ASUS 카테고리: 노트북,https://shopping-phinf.pstatic.net/main_5869795/58697959801.20260416135518.jpg,1,네이버,1299000,1299000,"ASUS Zenbook A14 UX3407QA-SB 16GB, 512GB",58697959801,디지털/가전,99,노트북
2390,2026-06-07 01:43:01.198247,2026-06-09 18:49:17.669872,이케아,브랜드: 이케아 카테고리: 수납/정리용품,https://shopping-phinf.pstatic.net/main_6032556/60325564586.20260606025807.jpg,1,네이버,25500,25500,이케아 타공판 페그보드 클램프형,60325564586,생활/건강,99,수납/정리용품
2408,2026-06-07 01:43:02.624879,2026-06-07 01:43:02.624879,브리츠,브랜드: 브리츠 제조사: 브리츠 카테고리: 음향가전,https://shopping-phinf.pstatic.net/main_8924191/89241911414.jpg,1,브리츠전문판매점,32900,32900,브리츠 StormTWS7 블루투스 핸즈프리 이어폰 통화 음악 무선 충전 이어버드 이어셋,89241911414,디지털/가전,100,음향가전
2409,2026-06-07 01:43:02.636383,2026-06-07 01:43:02.636383,Apple,브랜드: Apple 제조사: Apple 카테고리: 음향가전,https://shopping-phinf.pstatic.net/main_5668175/56681759919.4.jpg,1,쿠팡,335790,335790,Apple 에어팟 프로 3세대 USB-C 블루투스 이어폰 MFHP4KH/A 화이트 노이즈캔슬링 무선 이어폰 에어팟프로3 노캔,56681759919,디지털/가전,100,음향가전
2410,2026-06-07 01:43:02.663238,2026-06-07 01:43:02.663238,QCY,브랜드: QCY 제조사: QCY 카테고리: 음향가전,https://shopping-phinf.pstatic.net/main_9024132/90241327597.2.jpg,1,와이엘사이언스,47900,47900,QCY CT06 오픈형 귀찌 무선 블루투스이어폰 귀안아픈 러닝 자전거 운동용 이어커프 블랙,90241327597,디지털/가전,100,음향가전
2411,2026-06-07 01:43:02.681671,2026-06-07 01:43:02.681671,소니,브랜드: 소니 제조사: 소니 카테고리: 음향가전,https://shopping-phinf.pstatic.net/main_5352876/53528760607.20250703211900.jpg,1,네이버,298000,298000,소니 WF-1000XM5,53528760607,디지털/가전,100,음향가전
2412,2026-06-07 01:43:02.699529,2026-06-07 01:43:02.699529,갤럭시,브랜드: 갤럭시 제조사: 삼성전자 카테고리: 음향가전,https://shopping-phinf.pstatic.net/main_9074850/90748507991.2.jpg,1,얼리텍,279900,279900,삼성전자 갤럭시 버즈 4 프로 R640 세금포함 노이즈캔슬링 ANC 블루투스 무선 이어폰,90748507991,디지털/가전,100,음향가전
2415,2026-06-07 01:43:03.228085,2026-06-07 01:43:03.228085,"",카테고리: 여성의류,https://shopping-phinf.pstatic.net/main_6032542/60325425275.20260606015052.jpg,1,네이버,11900,11900,노브라티 캡내장 브라티셔츠 반팔,60325425275,패션의류,100,여성의류
2416,2026-06-07 01:43:03.234037,2026-06-07 01:43:03.234037,지오다노,브랜드: 지오다노 제조사: 지오다노 카테고리: 여성의류,https://shopping-phinf.pstatic.net/main_5928925/59289252786.20260318052042.jpg,1,네이버,8900,8900,지오다노 퍼펙트 V넥 반팔 티셔츠,59289252786,패션의류,100,여성의류
2417,2026-06-07 01:43:03.242046,2026-06-07 01:43:03.242046,"",카테고리: 여성의류,https://shopping-phinf.pstatic.net/main_6032539/60325393966.20260606013334.jpg,1,네이버,10500,10500,단체티 반팔 티셔츠 로고 인쇄,60325393966,패션의류,100,여성의류
2418,2026-06-07 01:43:03.247748,2026-06-07 01:43:03.247748,"",카테고리: 여성의류,https://shopping-phinf.pstatic.net/main_6032552/60325522620.20260606024734.jpg,1,네이버,10900,10900,여름 거즈 면 긴팔 롱 슬라브 티셔츠,60325522620,패션의류,100,여성의류
2419,2026-06-07 01:43:03.253423,2026-06-07 01:43:03.253423,"",카테고리: 여성의류,https://shopping-phinf.pstatic.net/main_6032521/60325213411.20260606004216.jpg,1,네이버,14900,14900,유넥 티셔츠 브이넥 반팔티 여성 흰티 기본 모달 이너,60325213411,패션의류,100,여성의류
2420,2026-06-07 01:43:03.265134,2026-06-07 01:43:03.265134,"",카테고리: 여성의류,https://shopping-phinf.pstatic.net/main_8625326/86253262264.17.jpg,1,홀리노,12900,12900,싸이 콘서트 흠뻑쇼 옷 티셔츠 드레스코드 블루 굿즈 빅사이즈 코디,86253262264,패션의류,100,여성의류
2421,2026-06-07 01:43:03.275095,2026-06-07 01:43:03.275095,탑텐,브랜드: 탑텐 제조사: 탑텐 카테고리: 여성의류,https://shopping-phinf.pstatic.net/main_5317577/53175778637.20250426050256.jpg,1,네이버,9900,9900,탑텐 쿨에어 SILKY U넥 반팔티 MSF2TS2018,53175778637,패션의류,100,여성의류
2422,2026-06-07 01:43:03.281538,2026-06-07 01:43:03.281538,탑텐,브랜드: 탑텐 제조사: 탑텐 카테고리: 여성의류,https://shopping-phinf.pstatic.net/main_5873930/58739305391.20260131160327.jpg,1,네이버,15900,15900,탑텐 짱셔요 COOL Air 코튼 크루넥 T 반팔 MSG2TS2000,58739305391,패션의류,100,여성의류
2423,2026-06-07 01:43:03.290447,2026-06-07 01:43:03.290447,"",카테고리: 여성의류,https://shopping-phinf.pstatic.net/main_6032540/60325407168.20260606014134.jpg,1,네이버,14800,14800,서핑 프린팅 세미 크롭 반팔티,60325407168,패션의류,100,여성의류
2424,2026-06-07 01:43:03.294533,2026-06-07 01:43:03.294533,"",카테고리: 여성의류,https://shopping-phinf.pstatic.net/main_5977690/59776902932.20260424001609.jpg,1,네이버,34800,34800,포스터 뉴 레어 프릴 티셔츠,59776902932,패션의류,100,여성의류
2425,2026-06-07 01:43:03.303729,2026-06-07 01:43:03.303729,제이에스비,브랜드: 제이에스비 카테고리: 여성의류,https://shopping-phinf.pstatic.net/main_8952448/89524486993.1.jpg,1,JSB SPORTS,7400,7400,단체티 티셔츠 주문 제작 반팔티 소량 프린팅 인쇄 커스텀 20수,89524486993,패션의류,100,여성의류
2426,2026-06-07 01:43:03.310788,2026-06-07 01:43:03.310788,"",카테고리: 여성의류,https://shopping-phinf.pstatic.net/main_8359855/83598551593.21.jpg,1,오짱언니,9900,9900,여성 민소매티 여름 바캉스 이너 피치 비치 운동복 홈웨어 오버핏 루즈핏 스판 스트라이프 무지 흰색 면 끈 레이어드 빅사이즈 롱 나시 티,83598551593,패션의류,100,여성의류
2427,2026-06-07 01:43:03.316217,2026-06-07 01:43:03.316217,"",카테고리: 여성의류,https://shopping-phinf.pstatic.net/main_8621518/86215180128.3.jpg,1,센디코드,10400,10400,(인쇄포함) 싸이 흠뻑쇼 티셔츠 옷 콘서트 굿즈 제작 드레스코드블루,86215180128,패션의류,100,여성의류
2428,2026-06-07 01:43:03.320613,2026-06-07 01:43:03.320613,"",카테고리: 여성의류,https://shopping-phinf.pstatic.net/main_8309201/83092019747.jpg,1,코브랄라,16800,16800,여자 반팔 리넨티셔츠 무지 롱 린넨티 루즈핏 이너 라운드 멜란지 시원한 시스루 여름 민트,83092019747,패션의류,100,여성의류
2429,2026-06-07 01:43:03.325352,2026-06-07 01:43:03.325352,탑텐,브랜드: 탑텐 제조사: 탑텐 카테고리: 여성의류,https://shopping-phinf.pstatic.net/main_5267698/52676989106.20250422031414.jpg,1,네이버,9900,9900,탑텐 쿨에어 코튼 크루넥 반팔티 MSF2TS2007,52676989106,패션의류,100,여성의류
2430,2026-06-07 01:43:03.329411,2026-06-07 01:43:03.329411,피그먼트,브랜드: 피그먼트 제조사: 케이컴퍼니 카테고리: 여성의류,https://shopping-phinf.pstatic.net/main_5969261/59692611670.20260416202031.jpg,1,네이버,18720,18720,피그먼트 컬러 날나리 자수 티셔츠 YZTS251208,59692611670,패션의류,100,여성의류
2431,2026-06-07 01:43:03.332978,2026-06-07 01:43:03.332978,더엣지,브랜드: 더엣지 카테고리: 여성의류,https://shopping-phinf.pstatic.net/main_5964795/59647955361.20260416101628.jpg,1,네이버,74200,74200,더엣지 프렌치 린넨혼방 레이어드 풀오버 3종,59647955361,패션의류,100,여성의류
2413,2026-06-07 01:43:02.715557,2026-06-09 14:49:13.707595,QCY,브랜드: QCY 제조사: QCY 카테고리: 음향가전,https://shopping-phinf.pstatic.net/main_9087181/90871814981.1.jpg,1,와이엘사이언스,43500,43500,QCY HT19 멜로버즈 블루투스 6.0 무선 이어폰 게이밍 ANC 노이즈캔슬링 고음질,90871814981,디지털/가전,99,음향가전
2432,2026-06-07 01:43:03.336499,2026-06-07 01:43:03.336499,제이플로우,브랜드: 제이플로우 카테고리: 여성의류,https://shopping-phinf.pstatic.net/main_6032549/60325496240.20260606023622.jpg,1,네이버,27500,27500,제이플로우 린넨 하찌 U넥 니트 나시,60325496240,패션의류,100,여성의류
2433,2026-06-07 01:43:03.34012,2026-06-07 01:43:03.34012,탑텐,브랜드: 탑텐 제조사: 탑텐 카테고리: 여성의류,https://shopping-phinf.pstatic.net/main_5290811/52908114546.20250209171701.jpg,1,네이버,14310,14310,탑텐 코튼 멀티 스트라이프 반팔티 MSF2TS2912,52908114546,패션의류,100,여성의류
2434,2026-06-07 01:43:03.34335,2026-06-07 01:43:03.34335,GANNI,브랜드: GANNI 제조사: GANNI 카테고리: 여성의류,https://shopping-phinf.pstatic.net/main_5788389/57883894264.20251226004200.jpg,1,네이버,85440,85440,GANNI 베이직 코튼 저지 티셔츠 A1050061,57883894264,패션의류,100,여성의류
2435,2026-06-07 01:43:03.347172,2026-06-07 01:43:03.347172,탑텐,브랜드: 탑텐 제조사: 탑텐 카테고리: 여성의류,https://shopping-phinf.pstatic.net/main_5872809/58728099707.20260130222801.jpg,1,네이버,15480,15480,탑텐 소프트 코튼 립 미니 T 반팔 MSG2TS2905,58728099707,패션의류,100,여성의류
2436,2026-06-07 01:43:03.35154,2026-06-07 01:43:03.35154,듀엘,브랜드: 듀엘 제조사: 대현 카테고리: 여성의류,https://shopping-phinf.pstatic.net/main_5889255/58892558200.20260211192312.jpg,1,네이버,39600,39600,듀엘 니트넥 시스루 티셔츠,58892558200,패션의류,100,여성의류
2437,2026-06-07 01:43:03.354735,2026-06-07 01:43:03.354735,지오다노,브랜드: 지오다노 제조사: 지오다노 카테고리: 여성의류,https://shopping-phinf.pstatic.net/main_5395933/53959333638.20250723122331.jpg,1,네이버,6208,6208,지오다노 베이직 솔리드 무지 반팔 티셔츠 325518,53959333638,패션의류,100,여성의류
2438,2026-06-07 01:43:03.757627,2026-06-07 01:43:03.757627,리틀뱅뱅,브랜드: 리틀뱅뱅 제조사: 디씨티와이 카테고리: 남성의류,https://shopping-phinf.pstatic.net/main_5989939/59899399642.20260504014230.jpg,1,네이버,59340,59340,리틀뱅뱅 뱅뱅 남성 여름 라이크라 스트레이트 데님,59899399642,패션의류,100,남성의류
2439,2026-06-07 01:43:03.763183,2026-06-07 01:43:03.763183,"",카테고리: 여성의류,https://shopping-phinf.pstatic.net/main_5998135/59981352704.20260510044309.jpg,1,네이버,24490,24490,니팅 하프 데님 쇼츠 2종세트,59981352704,패션의류,100,여성의류
2440,2026-06-07 01:43:03.767017,2026-06-07 01:43:03.767017,미쏘,브랜드: 미쏘 제조사: 이랜드 카테고리: 여성의류,https://shopping-phinf.pstatic.net/main_6005591/60055919743.20260515204229.jpg,1,네이버,45400,45400,미쏘 린넨 세미 와이드핏 데님,60055919743,패션의류,100,여성의류
2441,2026-06-07 01:43:03.769676,2026-06-07 01:43:03.769676,"",카테고리: 여성의류,https://shopping-phinf.pstatic.net/main_6023273/60232730379.20260529210723.jpg,1,네이버,43120,43120,지니나나 울트라 컴포트 버뮤다 데님팬츠,60232730379,패션의류,100,여성의류
2442,2026-06-07 01:43:03.772303,2026-06-07 01:43:03.772303,리바이스,브랜드: 리바이스 제조사: 리바이스 카테고리: 남성의류,https://shopping-phinf.pstatic.net/main_5834321/58343214756.20260319154326.jpg,1,네이버,50150,50150,리바이스 578 배기 진 A4750 00,58343214756,패션의류,100,남성의류
2443,2026-06-07 01:43:03.777346,2026-06-07 01:43:03.777346,스파오,브랜드: 스파오 제조사: 이랜드 카테고리: 남성의류,https://shopping-phinf.pstatic.net/main_5962921/59629218904.20260411225748.jpg,1,네이버,44910,44910,스파오 COOL 스트레이트 진 SPTJG25G31,59629218904,패션의류,100,남성의류
2444,2026-06-07 01:43:03.780337,2026-06-07 01:43:03.780337,탑텐,브랜드: 탑텐 제조사: 탑텐 카테고리: 남성의류,https://shopping-phinf.pstatic.net/main_5872809/58728095032.20260204155905.jpg,1,네이버,39900,39900,탑텐 COOL 와이드 데님 MSG2DP1905,58728095032,패션의류,100,남성의류
2445,2026-06-07 01:43:03.783307,2026-06-07 01:43:03.783307,라삐아프,브랜드: 라삐아프 카테고리: 여성의류,https://shopping-phinf.pstatic.net/main_5945956/59459568492.20260330185623.jpg,1,네이버,43920,43920,라삐아프 썸머 스트레이트 데님,59459568492,패션의류,100,여성의류
2446,2026-06-07 01:43:03.786155,2026-06-07 01:43:03.786155,헤지스,브랜드: 헤지스 제조사: LF 카테고리: 여성의류,https://shopping-phinf.pstatic.net/main_5949326/59493268128.20260401180852.jpg,1,네이버,162060,162060,헤지스 썸머 부츠컷 데님 팬츠 HSPA6B382,59493268128,패션의류,100,여성의류
2447,2026-06-07 01:43:04.19523,2026-06-07 01:43:04.19523,"",카테고리: 여성의류,https://shopping-phinf.pstatic.net/main_6032543/60325433731.20260606015601.jpg,1,네이버,67500,67500,하객원피스 빅사이즈 돌잔치엄마 정장원피스,60325433731,패션의류,100,여성의류
2448,2026-06-07 01:43:04.200442,2026-06-07 01:43:04.200442,"",카테고리: 여성의류,https://shopping-phinf.pstatic.net/main_5989881/59898811626.20260503231741.jpg,1,네이버,59800,59800,여름 A라인 롱원피스 반팔 네이비 여성 하객룩 카라 출근룩 시원한 오피스룩,59898811626,패션의류,100,여성의류
2449,2026-06-07 01:43:04.205045,2026-06-07 01:43:04.205045,"",카테고리: 여성의류,https://shopping-phinf.pstatic.net/main_6032555/60325557684.20260606025149.jpg,1,네이버,27500,27500,도트 플리츠 주름 쉬폰 롱원피스,60325557684,패션의류,100,여성의류
2450,2026-06-07 01:43:04.208064,2026-06-07 01:43:04.208064,"",카테고리: 여성의류,https://shopping-phinf.pstatic.net/main_6032538/60325388192.20260606013033.jpg,1,네이버,27500,27500,셔링 링클 퍼프 여름 원피스,60325388192,패션의류,100,여성의류
2451,2026-06-07 01:43:04.213477,2026-06-07 01:43:04.213477,빈폴레이디스,브랜드: 빈폴레이디스 제조사: 삼성물산 카테고리: 여성의류,https://shopping-phinf.pstatic.net/main_5984533/59845338464.20260429174116.jpg,1,네이버,317270,317270,빈폴레이디스 시어서커 깅엄체크 반소매 셔츠 원피스 BF6471C71,59845338464,패션의류,100,여성의류
2452,2026-06-07 01:43:04.217469,2026-06-07 01:43:04.217469,타미힐피거,브랜드: 타미힐피거 제조사: 타미힐피거 카테고리: 여성의류,https://shopping-phinf.pstatic.net/main_6027912/60279120631.20260602201027.jpg,1,네이버,118400,118400,타미힐피거 여성 포플린 셔츠 롱원피스 타미진원피스 TOMMYWOP300 213549,60279120631,패션의류,100,여성의류
2453,2026-06-07 01:43:04.220458,2026-06-07 01:43:04.220458,미쏘,브랜드: 미쏘 제조사: 이랜드 카테고리: 여성의류,https://shopping-phinf.pstatic.net/main_6027965/60279658670.20260602215150.jpg,1,네이버,54100,54100,미쏘 에센셜 보트넥 나시 원피스 MIWOWG710A,60279658670,패션의류,100,여성의류
2454,2026-06-07 01:43:04.223444,2026-06-07 01:43:04.223444,"",카테고리: 여성의류,https://shopping-phinf.pstatic.net/main_6032546/60325464084.20260606021254.jpg,1,네이버,29900,29900,청순큐티 캉캉 셔링 리본 나시 미니 원피스,60325464084,패션의류,100,여성의류
2455,2026-06-07 01:43:04.228449,2026-06-07 01:43:04.228449,"",카테고리: 여성의류,https://shopping-phinf.pstatic.net/main_6032545/60325455282.20260606020842.jpg,1,네이버,33900,33900,여름 여행 원피스,60325455282,패션의류,100,여성의류
2456,2026-06-07 01:43:04.23464,2026-06-07 01:43:04.23464,라코스테,브랜드: 라코스테 제조사: 라코스테 카테고리: 여성의류,https://shopping-phinf.pstatic.net/main_8932811/89328116683.2.jpg,1,시그니에르,119000,119000,라코스테 여성 카라 원피스 슬림핏 반팔 폴로 드레스 데일리룩,89328116683,패션의류,100,여성의류
2457,2026-06-07 01:43:04.238542,2026-06-07 01:43:04.238542,"",카테고리: 여성의류,https://shopping-phinf.pstatic.net/main_1141663/11416633487.12.jpg,1,메다모드,29800,29800,[무배] 청 멜빵치마 데님 롱 원피스 빅사이즈 [메다모드],11416633487,패션의류,100,여성의류
2458,2026-06-07 01:43:04.242784,2026-06-07 01:43:04.242784,"",카테고리: 여성의류,https://shopping-phinf.pstatic.net/main_6032552/60325523217.20260606024751.jpg,1,네이버,29900,29900,로지 여름 캉캉 바스락 원피스,60325523217,패션의류,100,여성의류
2459,2026-06-07 01:43:04.246628,2026-06-07 01:43:04.246628,"",카테고리: 여성의류,https://shopping-phinf.pstatic.net/main_5977679/59776797495.20260423232706.jpg,1,네이버,26820,26820,시스루 플라워 레이스 뷔스티에 롱원피스,59776797495,패션의류,100,여성의류
2460,2026-06-07 01:43:04.25211,2026-06-07 01:43:04.25211,스파오,브랜드: 스파오 제조사: 이랜드 카테고리: 여성의류,https://shopping-phinf.pstatic.net/main_5963961/59639617831.20260412215221.jpg,1,네이버,45010,45010,스파오 웨스턴 데님 원피스,59639617831,패션의류,100,여성의류
2461,2026-06-07 01:43:04.25488,2026-06-07 01:43:04.25488,써스데이아일랜드,브랜드: 써스데이아일랜드 제조사: 지엔코 카테고리: 여성의류,https://shopping-phinf.pstatic.net/main_5530032/55300320365.20250623032941.jpg,1,네이버,69980,69980,써스데이아일랜드 플라워 핀턱 원피스 T254MOP217W,55300320365,패션의류,100,여성의류
2462,2026-06-07 01:43:04.257847,2026-06-07 01:43:04.257847,"",카테고리: 여성의류,https://shopping-phinf.pstatic.net/main_6032560/60325603512.20260606030227.jpg,1,네이버,32800,32800,바스락 여름 린넨 반팔 원피스,60325603512,패션의류,100,여성의류
2463,2026-06-07 01:43:04.260574,2026-06-07 01:43:04.260574,러브썸원,브랜드: 러브썸원 카테고리: 여성의류,https://shopping-phinf.pstatic.net/main_6032555/60325550405.20260606025010.jpg,1,네이버,38700,38700,러브썸원 썸머 펀칭 니트 시스루 그물 반팔 롱 원피스,60325550405,패션의류,100,여성의류
2464,2026-06-07 01:43:04.264293,2026-06-07 01:43:04.264293,마리끌레르,브랜드: 마리끌레르 제조사: 마리끌레르 카테고리: 여성의류,https://shopping-phinf.pstatic.net/main_6005189/60051891835.20260515142626.jpg,1,네이버,45100,45100,마리끌레르 레이스 브이넥 미디 반팔 원피스 MAGBOP04M,60051891835,패션의류,100,여성의류
2465,2026-06-07 01:43:04.268553,2026-06-07 01:43:04.268553,케네스레이디,브랜드: 케네스레이디 제조사: 라인바이린 카테고리: 여성의류,https://shopping-phinf.pstatic.net/main_5434754/54347549561.20250423035933.jpg,1,네이버,75440,75440,케네스레이디 뉴에뜨 플레어 원피스 ENOPPE6000,54347549561,패션의류,100,여성의류
2466,2026-06-07 01:43:04.272399,2026-06-07 01:43:04.272399,로엠,브랜드: 로엠 제조사: 로엠 카테고리: 여성의류,https://shopping-phinf.pstatic.net/main_5963929/59639294434.20260417174444.jpg,1,네이버,110290,110290,로엠 튤립소매 2in1 롱원피스 RMOWG25S12,59639294434,패션의류,100,여성의류
2467,2026-06-07 01:43:04.275589,2026-06-07 01:43:04.275589,LAP,브랜드: LAP 제조사: LAP 카테고리: 여성의류,https://shopping-phinf.pstatic.net/main_5973074/59730749719.20260420063907.jpg,1,네이버,36790,36790,LAP 사이드스트링 나일론원피스 as2wo460,59730749719,패션의류,100,여성의류
2468,2026-06-07 01:43:04.280776,2026-06-07 01:43:04.280776,베네통키즈,브랜드: 베네통키즈 카테고리: 여성의류,https://shopping-phinf.pstatic.net/main_5379176/53791764671.20250330014906.jpg,1,네이버,27380,27380,베네통키즈 보드레플리츠 원피스 키즈 QAOP19531,53791764671,패션의류,100,여성의류
2469,2026-06-07 01:43:04.284727,2026-06-07 01:43:04.284727,탑텐,브랜드: 탑텐 제조사: 탑텐 카테고리: 여성의류,https://shopping-phinf.pstatic.net/main_5316516/53165165826.20250414144328.jpg,1,네이버,9900,9900,탑텐 텍스처드 반팔 원피스 MSF2OO2206,53165165826,패션의류,100,여성의류
2471,2026-06-07 01:43:04.292568,2026-06-07 01:43:04.292568,SOUP,브랜드: SOUP 제조사: 동광인터내셔날 카테고리: 여성의류,https://shopping-phinf.pstatic.net/main_5932339/59323395542.20260319232732.jpg,1,네이버,53250,53250,SOUP 앞단추 스트라이프 플레어 원피스 SC4OP36,59323395542,패션의류,100,여성의류
2472,2026-06-07 01:43:04.297379,2026-06-07 01:43:04.297379,마리끌레르,브랜드: 마리끌레르 제조사: 마리끌레르 카테고리: 여성의류,https://shopping-phinf.pstatic.net/main_6030392/60303922610.20260604165302.jpg,1,네이버,42050,42050,마리끌레르 레이스 라운드넥 반팔 원피스 MAGBOP10M,60303922610,패션의류,100,여성의류
2473,2026-06-07 01:43:04.301243,2026-06-07 01:43:04.301243,미니멈,브랜드: 미니멈 제조사: 미니멈 카테고리: 여성의류,https://shopping-phinf.pstatic.net/main_5978939/59789390550.20260424184207.jpg,1,네이버,43938,43938,미니멈 플라워 패턴 셔츠형 반팔 롱 원피스 EC2OW037D,59789390550,패션의류,100,여성의류
2474,2026-06-07 01:43:04.305253,2026-06-07 01:43:04.305253,헤지스,브랜드: 헤지스 제조사: LF 카테고리: 여성의류,https://shopping-phinf.pstatic.net/main_6018902/60189023005.20260526143237.jpg,1,네이버,318450,318450,헤지스 핀턱디테일 셔츠형 원피스 HSDR6B401,60189023005,패션의류,100,여성의류
2476,2026-06-07 01:43:04.314976,2026-06-07 01:43:04.314976,"",카테고리: 여성의류,https://shopping-phinf.pstatic.net/main_6032539/60325392887.20260606013305.jpg,1,네이버,28500,28500,빈티지 레이어드 체크 뷔스티에 원피스,60325392887,패션의류,100,여성의류
1254,2026-05-29 05:30:44.566741,2026-06-07 01:46:22.205286,"",카테고리: 빵/베이커리,https://shopping-phinf.pstatic.net/main_8409657/84096577866.3.jpg,1,꾸디,9800,9800,[꾸디] 이달의 비건디저트 떠먹케 케이크 건강빵 택배 쿠키 꾸디케,84096577866,식품,99,빵/베이커리
1260,2026-05-29 05:30:44.583848,2026-06-07 01:46:22.205529,"",카테고리: 빵/베이커리,https://shopping-phinf.pstatic.net/main_5948912/59489122296.20260401115213.jpg,1,네이버,12900,12900,조빵 글루텐 프리 바스크 치즈 케이크 플레인 1개,59489122296,식품,99,빵/베이커리
2414,2026-06-07 01:43:02.773561,2026-06-07 23:38:54.282523,아이리버,브랜드: 아이리버 제조사: 아이리버 카테고리: 음향가전,https://shopping-phinf.pstatic.net/main_9002217/90022177349.jpg,1,더퍼스트 정품 스토어,39800,39800,아이리버 무선 이어폰 골전도 커널형 오픈형 블루투스 스포츠 러닝 이어커프 귀안아픈 IB-SE10,90022177349,디지털/가전,99,음향가전
2339,2026-06-07 01:42:59.978799,2026-06-08 13:30:05.268643,스타벅스,브랜드: 스타벅스 제조사: 스타벅스 카테고리: 음료,https://shopping-phinf.pstatic.net/main_5293629/52936299081.20250211121847.jpg,1,네이버,38900,38900,"스타벅스 카페 베로나 홀빈, 1.13kg, 1개",52936299081,식품,99,음료
2475,2026-06-07 01:43:04.309656,2026-06-09 15:38:19.87826,"",카테고리: 여성의류,https://shopping-phinf.pstatic.net/main_8804373/88043738247.jpg,1,맘스원피스,17900,17900,스퀘어넥원피스 지지미원피스 77사이즈 88,88043738247,패션의류,99,여성의류
2391,2026-06-07 01:43:01.201776,2026-06-08 22:35:32.450568,스피드랙,브랜드: 스피드랙 제조사: 스피드랙 카테고리: 수납/정리용품,https://shopping-phinf.pstatic.net/main_6032538/60325389788.20260606013133.jpg,1,네이버,47900,47900,스피드랙 틈새 철제 선반 수납장,60325389788,생활/건강,97,수납/정리용품
2303,2026-06-07 01:42:58.635774,2026-06-09 14:54:49.622704,멜킨스포츠,브랜드: 멜킨스포츠 제조사: 멜킨스포츠 카테고리: 보호용품,https://shopping-phinf.pstatic.net/main_1076007/10760072602.18.jpg,1,멜킨스포츠,5900,5900,멜킨 헬스스트랩 퀵 그립 손목 보호대 역도 턱걸이 풀업 리프팅 스트라이프일자형,10760072602,스포츠/레저,93,보호용품
1790,2026-05-29 05:30:47.917929,2026-06-09 14:54:49.623576,OS1st,브랜드: OS1st 카테고리: 보호용품,https://shopping-phinf.pstatic.net/main_4292320/42923207907.20230929055007.jpg,1,네이버,30000,30000,OS1st WS6 얇은 손목보호대,42923207907,스포츠/레저,99,보호용품
1005,2026-05-29 05:30:42.637403,2026-06-09 15:09:41.228133,디아르,브랜드: 디아르 제조사: 디아르 카테고리: 주방용품,https://shopping-phinf.pstatic.net/main_5977671/59776711448.20260423225218.jpg,1,네이버,6500,6500,디아르 국내산 플래티넘 실리콘 냉동밥 보관 용기 밀폐 소분 용기 200ml 1개,59776711448,생활/건강,99,주방용품
2384,2026-06-07 01:43:01.172139,2026-06-09 15:09:41.228386,"",카테고리: 수납/정리용품,https://shopping-phinf.pstatic.net/main_6032552/60325520523.20260606024607.jpg,1,네이버,22900,22900,이동식트롤리 선반,60325520523,생활/건강,99,수납/정리용품
127,2026-05-29 05:30:37.050009,2026-06-09 15:40:14.481613,아워글래스,브랜드: 아워글래스 제조사: 아워글래스 카테고리: 색조메이크업,https://shopping-phinf.pstatic.net/main_8410673/84106738408.75.jpg,1,아워글래스,47600,47600,[아워글래스] 팬텀 볼류마이징 글로시 밤 1.7g,84106738408,화장품/미용,98,색조메이크업
1935,2026-05-31 14:57:48.478063,2026-06-09 18:49:17.66542,비브르,브랜드: 비브르 제조사: 비브르 카테고리: 청소기,https://shopping-phinf.pstatic.net/main_5945561/59455611632.20260330103220.jpg,1,네이버,138000,138000,"비브르 V25000 화이트, 거치대",59455611632,디지털/가전,99,청소기
1196,2026-05-29 05:30:43.977886,2026-06-09 18:49:17.669613,그란덱스,브랜드: 그란덱스 카테고리: 수납/정리용품,https://shopping-phinf.pstatic.net/main_8303244/83032447077.40.jpg,1,그란덱스,2900,2900,그란덱스 이불정리함 이불보관함 파우치 패딩 옷 이불가방 이불수납함 대형,83032447077,생활/건강,99,수납/정리용품
2470,2026-06-07 01:43:04.289111,2026-06-09 22:15:32.78536,로엠,브랜드: 로엠 제조사: 이랜드 카테고리: 여성의류,https://shopping-phinf.pstatic.net/main_5972605/59726052378.20260419225201.jpg,1,네이버,80910,80910,로엠 스모킹 원피스 RMOWG25R11,59726052378,패션의류,98,여성의류
